{"type":"FeatureCollection","features":[{"type":"Feature","geometry":{"bbox":[116.7149800737835,-9.109544792290363,117.05574076421465,-8.94027297728033],"type":"MultiPolygon","coordinates":[[[[116.73487602035357,-8.97663196271404,0],[116.73475397125785,-8.976631964625968,0],[116.73455092214857,-8.976490535702013,0],[116.73444101460699,-8.976413982045697,0],[116.73435703536468,-8.976260007257762,0],[116.7343589859902,-8.976156010955245,0],[116.73442897808025,-8.975945989140229,0],[116.73444996160308,-8.975868955219845,0],[116.73458601489146,-8.975903961319457,0],[116.73470897564518,-8.976095041362207,0],[116.73484099815856,-8.976205010418116,0],[116.73488961744353,-8.976255839379037,0],[116.73503896338555,-8.976411969343536,0],[116.73502697922841,-8.97649000199186,0],[116.73487602035357,-8.97663196271404,0]]],[[[116.73441497191122,-8.974575034202305,0],[116.73444700341827,-8.974678963590183,0],[116.7344142507099,-8.974978759506206,0],[116.73441301983907,-8.974990024180844,0],[116.73440876294002,-8.97500165209818,0],[116.73428599184398,-8.975337008838997,0],[116.73424095068725,-8.975344995741176,0],[116.73423906184088,-8.975345330856545,0],[116.73422402203951,-8.975347997358197,0],[116.73410732062672,-8.975311980262108,0],[116.73400697707704,-8.975281011170622,0],[116.73382298571276,-8.975150025388597,0],[116.73379684891235,-8.975117897675535,0],[116.73367001696077,-8.974961996923184,0],[116.73364700806192,-8.974831034830224,0],[116.73364343145796,-8.974725645230196,0],[116.73364296924355,-8.974712024017391,0],[116.73368901097126,-8.974633021016315,0],[116.73369137965646,-8.974632117318489,0],[116.73378603241207,-8.974596013644847,0],[116.73380301356588,-8.974598314269274,0],[116.73391292169876,-8.9746132028471,0],[116.73392717575403,-8.974615134274117,0],[116.73397797640914,-8.974622016123927,0],[116.73398486998174,-8.974620010382512,0],[116.73426999595249,-8.97453703858914,0],[116.73431102934157,-8.97453697855794,0],[116.73432010784215,-8.974540302796916,0],[116.73437658881801,-8.974560981412669,0],[116.73441497191122,-8.974575034202305,0]]],[[[116.79591647954777,-8.9405503021652,0],[116.79760199985702,-8.940573001187287,0],[116.79907199990838,-8.940460001128809,0],[116.8013609988506,-8.940390000076224,0],[116.804316999653,-8.940414000085969,0],[116.80662999979911,-8.940571999937717,0],[116.80663018899945,-8.940572012699487,0],[116.8067493240735,-8.940601131197337,0],[116.80863299996618,-8.941061000852825,0],[116.80998499959681,-8.941643000372888,0],[116.81073539466166,-8.941910382079943,0],[116.81111607464807,-8.942045822672059,0],[116.81207212634136,-8.942481023776947,0],[116.81214895560059,-8.942511489436496,0],[116.81322299977604,-8.942937001323434,0],[116.81440200004988,-8.943330001350002,0],[116.81441400872147,-8.943333012136016,0],[116.81537910539684,-8.9435747786587,0],[116.81568687931849,-8.943691388055937,0],[116.81616199888451,-8.94387099958157,0],[116.81716900025297,-8.944214000263077,0],[116.8179460001565,-8.944621999909556,0],[116.81891800010825,-8.94509499983317,0],[116.81909230759115,-8.945218399173944,0],[116.82035616130071,-8.946112705343364,0],[116.82069926966425,-8.946392433066213,0],[116.82096899979001,-8.946611999706997,0],[116.82140875519684,-8.946857153447537,0],[116.82212627476389,-8.947256592620173,0],[116.82212840555073,-8.947255877273218,0],[116.82295899958972,-8.946867999873097,0],[116.82309605565054,-8.946816411624953,0],[116.82313686343535,-8.946800961314109,0],[116.8231676746643,-8.946793540063808,0],[116.82366790377819,-8.946671890642449,0],[116.82439908225739,-8.946490835270753,0],[116.82464172480428,-8.946435016336986,0],[116.82468767906607,-8.946425898937356,0],[116.82516900027957,-8.946329999803991,0],[116.8254630001449,-8.946291999839532,0],[116.82621600010934,-8.946330999758057,0],[116.8266919999139,-8.946552999846848,0],[116.82751800009908,-8.94700400016709,0],[116.82755990242941,-8.947032203227229,0],[116.82819903586751,-8.947455086150514,0],[116.82822699294798,-8.947470031631427,0],[116.82844401965676,-8.947627264176454,0],[116.82845700016611,-8.947635999591006,0],[116.82879699997673,-8.947922999782628,0],[116.828801673007,-8.947926759267185,0],[116.829109039692,-8.948159565891887,0],[116.8294426684418,-8.948442277908892,0],[116.82945600012106,-8.948453000654212,0],[116.82980811875623,-8.948672444211445,0],[116.83008496081881,-8.948844592388644,0],[116.83009166715553,-8.948849953768573,0],[116.8304739986892,-8.949133999648128,0],[116.83101599995993,-8.949385000368313,0],[116.83151277466662,-8.949573148103696,0],[116.83161787730216,-8.949612856753507,0],[116.83172890310759,-8.949642090246583,0],[116.83210600004465,-8.949741001053697,0],[116.83227050835569,-8.94975435737702,0],[116.83234017955463,-8.949759832247668,0],[116.83246450905453,-8.949746165311232,0],[116.83267300040713,-8.949723001040581,0],[116.8330643120724,-8.949658686197374,0],[116.83317847190145,-8.949639856932963,0],[116.83327662887129,-8.94964274037741,0],[116.83357400000806,-8.949651001110578,0],[116.83429099980054,-8.94980599974954,0],[116.83499000605157,-8.950174788431436,0],[116.83561393421073,-8.95050384726247,0],[116.8360688768568,-8.950858714600058,0],[116.83643137920475,-8.951192737793809,0],[116.83673010493355,-8.951363016594655,0],[116.8370288396752,-8.951552507814442,0],[116.83770065298164,-8.952049883325307,0],[116.83788600038143,-8.95218700108167,0],[116.83794157844406,-8.952206937246208,0],[116.83807031435448,-8.952252519256357,0],[116.8383527379488,-8.952279680201109,0],[116.83871454295912,-8.952242915043552,0],[116.8388130483148,-8.952228994140597,0],[116.83907899900106,-8.952191000174647,0],[116.83928885366545,-8.952206118805995,0],[116.83942641574816,-8.952215798829009,0],[116.83962301091121,-8.95228915188673,0],[116.83966300030933,-8.952304001326002,0],[116.83966317399837,-8.952304137981923,0],[116.8396632940563,-8.952304183259312,0],[116.83974260987898,-8.952366736281926,0],[116.83984699972272,-8.952449001221812,0],[116.8398470906314,-8.952449136937336,0],[116.83984742254955,-8.952449400292707,0],[116.83996419641709,-8.952626258574718,0],[116.8400043951827,-8.95273456726064,0],[116.8401768728359,-8.95319855484533,0],[116.8401738659201,-8.953320350972321,0],[116.8401710093196,-8.95344164244788,0],[116.84014326127684,-8.954320622236157,0],[116.84014222869332,-8.955120611989292,0],[116.84018097820017,-8.956525557336974,0],[116.84029390427156,-8.956949095729145,0],[116.84057591631891,-8.95751616008115,0],[116.84062987303237,-8.95762455601488,0],[116.84063092498829,-8.957625839964408,0],[116.84063200021409,-8.957628001296497,0],[116.84091199884841,-8.957970001282549,0],[116.84098367888905,-8.958041678150062,0],[116.84111079634745,-8.958168522126329,0],[116.84131422634829,-8.958287072796967,0],[116.84141848817117,-8.958386036269793,0],[116.84151380789629,-8.958434249380085,0],[116.84155699991007,-8.958455999579485,0],[116.84173899994002,-8.958516999677029,0],[116.841788086235,-8.958510618560565,0],[116.84183926321327,-8.958503764369025,0],[116.84183949433456,-8.95850362879165,0],[116.8422340002734,-8.958205999756743,0],[116.84255399963831,-8.958006000115326,0],[116.8427523470451,-8.95792469140529,0],[116.84287597629617,-8.957873865348708,0],[116.8432580245955,-8.957736912104572,0],[116.84354813718164,-8.957655270967297,0],[116.84411000041385,-8.95749700028796,0],[116.84436244280766,-8.957463222763515,0],[116.84453634330882,-8.9574398311088,0],[116.84459667355671,-8.957443371364329,0],[116.84471599972854,-8.957449999936639,0],[116.84490199993009,-8.95753200012198,0],[116.84510664736104,-8.957723004846729,0],[116.84527730241615,-8.957881849037124,0],[116.84558816335114,-8.958131300159833,0],[116.84561399995506,-8.9581519997498,0],[116.8456839318935,-8.958192843030236,0],[116.84585158299637,-8.958290520165322,0],[116.84625433880086,-8.958402900067936,0],[116.8467152126619,-8.958436956941526,0],[116.84673656630865,-8.958436092935841,0],[116.84704799970466,-8.958422999691223,0],[116.84736499870198,-8.958305000926565,0],[116.84806100043299,-8.957908000271095,0],[116.84813337720885,-8.95785618538554,0],[116.84823655099169,-8.957781851819721,0],[116.84833270065735,-8.95768197836879,0],[116.84847856305855,-8.957415506715078,0],[116.848788767385,-8.956999767883639,0],[116.84889610429435,-8.956908195899999,0],[116.84899899864168,-8.956820001313929,0],[116.84911149124194,-8.956757921048277,0],[116.84926885564818,-8.956670559930487,0],[116.84946367867894,-8.956619943344842,0],[116.84964873932016,-8.956616897107635,0],[116.84964888937608,-8.956617002091528,0],[116.84964900035874,-8.956617001232104,0],[116.85028800199017,-8.957063997759318,0],[116.85028816841793,-8.957064109985653,0],[116.85066146326803,-8.957394296845814,0],[116.85089315776949,-8.957623728318339,0],[116.85107614412347,-8.95771401764513,0],[116.85124199990278,-8.957730999557091,0],[116.85140515439582,-8.95768182186649,0],[116.85152437719306,-8.957645627881842,0],[116.85156466043608,-8.95761603134639,0],[116.85173699972162,-8.957488999836473,0],[116.85194483212246,-8.95720299793341,0],[116.8521805856779,-8.956877963052152,0],[116.8522334614211,-8.956767832242836,0],[116.85227099983445,-8.956689001240044,0],[116.85229800001045,-8.955270001261548,0],[116.85233599992134,-8.954933001124763,0],[116.85238588530498,-8.95480904457799,0],[116.85240185459165,-8.9547690988097,0],[116.85243530692317,-8.954731951322708,0],[116.85274899900625,-8.954383001105551,0],[116.85291002520505,-8.954235881696262,0],[116.85296893265892,-8.954181865238816,0],[116.85318025184834,-8.954070216077106,0],[116.85319200201162,-8.954064004954514,0],[116.85319230044955,-8.954063852210917,0],[116.85354943309467,-8.95401984459439,0],[116.85408889239878,-8.954047770827966,0],[116.85445006437386,-8.954139919597646,0],[116.85457540083381,-8.954171899810033,0],[116.85467800024516,-8.95419799989144,0],[116.85532900132208,-8.954330999619486,0],[116.85573200014346,-8.954426000932111,0],[116.8559187571141,-8.954508540418821,0],[116.8559556603304,-8.954524780757865,0],[116.85595583129407,-8.954524926450263,0],[116.85595599955717,-8.954524999780917,0],[116.85625700009798,-8.954780000045224,0],[116.85649516004771,-8.95497648205034,0],[116.85653732683541,-8.955011169110595,0],[116.85656128497912,-8.955023527649518,0],[116.85678923767212,-8.95514089267322,0],[116.85687834557982,-8.955163263068798,0],[116.85709399885386,-8.95521700002017,0],[116.8573739997792,-8.955193999621264,0],[116.8580083750349,-8.955761907643325,0],[116.85802333791331,-8.955775184332216,0],[116.85807227887942,-8.955808860768347,0],[116.85852799960227,-8.956121999707591,0],[116.8588879999247,-8.956304999814092,0],[116.85987790217803,-8.957460885579463,0],[116.86120287292957,-8.959635555650115,0],[116.8612029202219,-8.959635587325648,0],[116.86120500031868,-8.959638999911936,0],[116.86198200013492,-8.96015900124543,0],[116.86358999868023,-8.961148999665804,0],[116.8643669998522,-8.961514000372194,0],[116.86576500129492,-8.96183799963987,0],[116.86648599973272,-8.962077000178311,0],[116.86712099879111,-8.962302001017004,0],[116.8671212198115,-8.962302106019402,0],[116.86901193679425,-8.963207704166535,0],[116.86974617414677,-8.96357304304119,0],[116.87121599896287,-8.963939000961124,0],[116.8712705955959,-8.963953437836278,0],[116.87265337720362,-8.964318581891906,0],[116.87369047775661,-8.964495723783473,0],[116.87428887426107,-8.964453430244003,0],[116.8745200012267,-8.964436999645532,0],[116.87499999897972,-8.96437499983636,0],[116.87526804679771,-8.964344382268463,0],[116.875498509416,-8.96431771631624,0],[116.87681714227803,-8.964055957971212,0],[116.8775203951284,-8.963968787947744,0],[116.87788961625425,-8.963898993314658,0],[116.87801653703816,-8.963874996971304,0],[116.87825900014772,-8.963829001181525,0],[116.87859840854776,-8.963793127768158,0],[116.87875110603375,-8.963776912981217,0],[116.8791027469283,-8.963689627209826,0],[116.87930838200496,-8.963679467994048,0],[116.87945399989955,-8.96367199992017,0],[116.879574042303,-8.963661480694114,0],[116.87964775645204,-8.963654844789671,0],[116.87992387413297,-8.96361101068004,0],[116.88008699997584,-8.963585001084382,0],[116.88077300026026,-8.96351500131034,0],[116.88150375315007,-8.963367321801252,0],[116.88163446508868,-8.963340844356646,0],[116.88196347187318,-8.963294218948215,0],[116.88212700136181,-8.96327099989238,0],[116.88250620727763,-8.96319982533778,0],[116.88277717760757,-8.96314894313663,0],[116.88342800005317,-8.962938999715961,0],[116.8836880100095,-8.962904957156493,0],[116.88395525432972,-8.962869615094753,0],[116.88501009890324,-8.96283498525696,0],[116.88581880732865,-8.962852709999892,0],[116.88659231488633,-8.96295783485517,0],[116.88722027698171,-8.96326299660422,0],[116.88734800104113,-8.96332499983371,0],[116.88793958211738,-8.963592427636817,0],[116.88858892457495,-8.96388588920697,0],[116.8893110394428,-8.964092523173647,0],[116.88950500038769,-8.96414799954876,0],[116.88966290890873,-8.964169355121793,0],[116.88978599966418,-8.964186001327688,0],[116.89015700110214,-8.964258001193489,0],[116.89107300004186,-8.964488999766052,0],[116.89163100002969,-8.964593999940163,0],[116.8920439125763,-8.964641868848041,0],[116.89283029434695,-8.96473253403059,0],[116.89312588693822,-8.964842842170562,0],[116.89339299983465,-8.964942000121239,0],[116.89403902059895,-8.965131625315333,0],[116.89428935357842,-8.965204907943619,0],[116.894539871342,-8.96530022972921,0],[116.89488700045054,-8.965431999792386,0],[116.8950450969754,-8.965539922808615,0],[116.89522099788212,-8.965659661885473,0],[116.89561209736561,-8.965901176986867,0],[116.89624100120388,-8.966289001356929,0],[116.89647550278194,-8.966426292906872,0],[116.89675026033188,-8.966586535717376,0],[116.89729407318616,-8.967075179178833,0],[116.8973388558198,-8.967179153198952,0],[116.89755687297507,-8.967684555763281,0],[116.8975948670764,-8.968361140102118,0],[116.89760901965485,-8.968611023737605,0],[116.8977669787209,-8.96957247027304,0],[116.89785100382217,-8.969724811038445,0],[116.89799287296132,-8.969981555345663,0],[116.8979934231804,-8.969982147046515,0],[116.89799499984855,-8.969985001208036,0],[116.89812739628324,-8.970127268170398,0],[116.89822343291449,-8.970230153600331,0],[116.89847472726152,-8.970447541892787,0],[116.89862799865244,-8.970579999581433,0],[116.89867951597816,-8.970634455209346,0],[116.89892648602711,-8.9708945909208,0],[116.89913623088538,-8.971103240694768,0],[116.89924300024894,-8.971208999701373,0],[116.89940125775472,-8.971429931180257,0],[116.8995925379855,-8.97169634214258,0],[116.89976788066348,-8.972202381181326,0],[116.89978952710115,-8.972284250551972,0],[116.89985587162998,-8.97253455524674,0],[116.89991435255308,-8.972841160772829,0],[116.89992591961911,-8.972901627623134,0],[116.90004889267142,-8.973251261800025,0],[116.90017188984602,-8.973513494135013,0],[116.90017289026932,-8.973514537304242,0],[116.90017401586441,-8.973516939984387,0],[116.90054310974826,-8.973901599685753,0],[116.90099333357428,-8.974139564884503,0],[116.90110600017142,-8.97419899959674,0],[116.90182600023417,-8.974530999922035,0],[116.90182608845197,-8.974531099441469,0],[116.90182636861654,-8.97453122795621,0],[116.90210620361253,-8.97484440344512,0],[116.90224800118244,-8.975002999617512,0],[116.90265200016917,-8.975369999585297,0],[116.90285031076394,-8.975520086323257,0],[116.9030918937789,-8.975702731258323,0],[116.90351113504495,-8.976094745770956,0],[116.9039322576272,-8.976600938276201,0],[116.90401924918106,-8.97675960001007,0],[116.90435287282767,-8.97736755638822,0],[116.9043533003171,-8.977367902021358,0],[116.90435499981804,-8.97737100040468,0],[116.90450433815009,-8.97749229842663,0],[116.90482930042435,-8.977755702961955,0],[116.90556764034065,-8.978035565771371,0],[116.90616531204883,-8.978402804042485,0],[116.9064520548783,-8.978620931292454,0],[116.90646400027202,-8.978630001116239,0],[116.90665290154904,-8.978774567740595,0],[116.90714966837497,-8.979154700717343,0],[116.9073350258559,-8.979274013117847,0],[116.90774699987207,-8.97953900082012,0],[116.90793641968044,-8.979633465265685,0],[116.90813408095698,-8.979731787586845,0],[116.90901311987368,-8.979871842346073,0],[116.90925218143757,-8.979927009295913,0],[116.90979999970202,-8.980052999631374,0],[116.90995376387362,-8.98009068192476,0],[116.91005257791593,-8.980114623038233,0],[116.9102232113494,-8.980149896099405,0],[116.91061937841803,-8.98022700211723,0],[116.91061943482242,-8.980227003035393,0],[116.91065320665666,-8.98022690538249,0],[116.91097651271846,-8.980225893550617,0],[116.91126177656895,-8.98021750597254,0],[116.91160585835941,-8.980206343660056,0],[116.91173399978165,-8.98020200101749,0],[116.91211099999641,-8.980171999752981,0],[116.9123240002031,-8.980152999629379,0],[116.91260131363732,-8.980137088134763,0],[116.91269045325615,-8.980131928198341,0],[116.91276975602264,-8.980125533070542,0],[116.91287499995636,-8.980117001266503,0],[116.91287547302375,-8.98011701585028,0],[116.91313281156323,-8.9801254649059,0],[116.91315642857386,-8.98012989260666,0],[116.9136066833629,-8.980250913916784,0],[116.9136510373607,-8.98026651802918,0],[116.9138424500603,-8.980339935617849,0],[116.9139012108146,-8.980363684548045,0],[116.91393200120653,-8.980376001191036,0],[116.91401685333346,-8.980412770260761,0],[116.91408209141701,-8.980440943720016,0],[116.91411935269474,-8.980457962586812,0],[116.9142889998156,-8.980535001057786,0],[116.91440099975436,-8.980592001163547,0],[116.91477600025605,-8.980758000207864,0],[116.91491621193515,-8.980814401553182,0],[116.91504212735235,-8.980864865976377,0],[116.91516650869094,-8.980904747248486,0],[116.91536222193191,-8.980952911148272,0],[116.91548971167552,-8.980974403451187,0],[116.91572600018583,-8.981013999890465,0],[116.91608650395877,-8.981231121673122,0],[116.91625372104075,-8.981331751001983,0],[116.91625399663852,-8.98133200342252,0],[116.91674600034776,-8.981786000969104,0],[116.91716799973166,-8.98231099968195,0],[116.91751899971469,-8.982764999800162,0],[116.9175720748873,-8.982817931765323,0],[116.91788839079615,-8.98313257060331,0],[116.91820480996759,-8.983394843549412,0],[116.91832117409912,-8.983454134558619,0],[116.91892599973477,-8.983761999969248,0],[116.91932425063415,-8.98413485077202,0],[116.91980446069341,-8.984583844248421,0],[116.92069830670881,-8.985570257905252,0],[116.92099714136582,-8.985850006122021,0],[116.92127838822773,-8.986094789265517,0],[116.92150614473832,-8.986373599297531,0],[116.92173324236879,-8.98679064514257,0],[116.92189645973134,-8.987099140780984,0],[116.92190887306818,-8.98712255481219,0],[116.92191030004123,-8.987124679805602,0],[116.92191100028104,-8.987125999632282,0],[116.92208530395793,-8.98738547586338,0],[116.92233087299115,-8.987909555762071,0],[116.92237523893928,-8.987990565677277,0],[116.9226471272329,-8.988486403082216,0],[116.92285803404924,-8.988853534016627,0],[116.92285860977864,-8.988854277643288,0],[116.92286016128124,-8.988856977926579,0],[116.9232117021776,-8.989311530777282,0],[116.92321200594444,-8.989311995758051,0],[116.92368610893489,-8.990028084324582,0],[116.92382045334453,-8.99013054862268,0],[116.92451248333033,-8.990657771701114,0],[116.92486964962183,-8.990930980959206,0],[116.92500199894017,-8.991031999920267,0],[116.92619799973546,-8.991609001234432,0],[116.92711200132172,-8.992238999716097,0],[116.92789599977958,-8.992983999620076,0],[116.92852100005159,-8.993389999709654,0],[116.92864453522742,-8.993464327221776,0],[116.92876179645353,-8.993534612135416,0],[116.92908458027607,-8.99371165868099,0],[116.92909856962477,-8.99371854287394,0],[116.9291409998832,-8.993739001069127,0],[116.92923436839126,-8.993791052675752,0],[116.92957444922897,-8.99397909913009,0],[116.92960171234911,-8.993995583581357,0],[116.92963954219519,-8.994023816901995,0],[116.92976800029213,-8.994119000234951,0],[116.92989806014089,-8.994221255276694,0],[116.92991300388124,-8.994232922662261,0],[116.93024745219586,-8.994463129289306,0],[116.93079243866651,-8.994808528202064,0],[116.93095713681929,-8.994914088115289,0],[116.9309899989852,-8.994935000178199,0],[116.93106444410822,-8.994979249105041,0],[116.9311331991868,-8.995019957611367,0],[116.93161960329326,-8.995331039052669,0],[116.93289300020551,-8.996144999845436,0],[116.93307430842978,-8.996385977635942,0],[116.93320741603647,-8.996562495840589,0],[116.9334531149502,-8.997418057101386,0],[116.93368817840681,-8.998074600851703,0],[116.93368969744978,-8.998076346826604,0],[116.93369030488486,-8.998078045603004,0],[116.93379550729145,-8.998198946662693,0],[116.93389500021132,-8.998313001347013,0],[116.93428414993875,-8.998478210702942,0],[116.93531346967457,-8.99891466084415,0],[116.93541173777464,-8.999003023243175,0],[116.93544095409044,-8.999029068260397,0],[116.93546326773726,-8.999080924026789,0],[116.93551136835369,-8.999191532136319,0],[116.93558017006076,-8.999690841928802,0],[116.93566129291527,-8.999914865779866,0],[116.9356625609889,-8.999915939652922,0],[116.93566342033216,-8.999918312328836,0],[116.93576065632652,-9.000000584396364,0],[116.94156472939875,-9.005403932011914,0],[116.94165600042585,-9.005487999732589,0],[116.9422448102995,-9.006055678780742,0],[116.94226916238192,-9.006079119315153,0],[116.9429219986925,-9.00655600100675,0],[116.9439959988524,-9.00701299963547,0],[116.94499400014064,-9.007414001055317,0],[116.94518914644094,-9.00754200361508,0],[116.94589536693005,-9.008004822875877,0],[116.94855757165985,-9.010750558945638,0],[116.94958337903773,-9.01079054360212,0],[116.95042500006636,-9.010823001354469,0],[116.95075199981294,-9.01086399958613,0],[116.95143400003931,-9.010949000033458,0],[116.95185708123907,-9.011109945027394,0],[116.95187300155,-9.011115993747346,0],[116.95187333180255,-9.011116112281114,0],[116.95239634226678,-9.011294838775745,0],[116.95307394705213,-9.01157995624953,0],[116.95333996170116,-9.011678547101779,0],[116.95354900008923,-9.011756001261846,0],[116.95364124683867,-9.011814262319252,0],[116.9541380262735,-9.012127885908175,0],[116.95468186733578,-9.012458927311899,0],[116.9546820001624,-9.012458999688926,0],[116.95529099978869,-9.012909999561362,0],[116.95580499959567,-9.01341300076184,0],[116.95627700030319,-9.01389100016558,0],[116.95647349778574,-9.01414153603693,0],[116.95671746921491,-9.014451980248381,0],[116.95699158511971,-9.014860842822793,0],[116.95712231333705,-9.015055490133873,0],[116.957275131988,-9.015379320900882,0],[116.95741599225671,-9.01567728218993,0],[116.95741769700034,-9.015679834004509,0],[116.9574181190621,-9.015680726802815,0],[116.95784905883194,-9.016325704241405,0],[116.95800476065492,-9.0166056690939,0],[116.95816487284564,-9.016892554769717,0],[116.95816537228927,-9.01689308396371,0],[116.95816699966514,-9.016896000282618,0],[116.95842446903002,-9.017168220358087,0],[116.95855140534839,-9.017302089206119,0],[116.95878748512015,-9.01754748975999,0],[116.95925999867318,-9.01803800100405,0],[116.95986100131144,-9.018661000819009,0],[116.96031700822935,-9.019245924133632,0],[116.96366045732488,-9.02353381874496,0],[116.963721547998,-9.023580614965775,0],[116.96374722980656,-9.023598162236615,0],[116.96394400038551,-9.023732000800212,0],[116.96416299955587,-9.02387900020479,0],[116.96422899984881,-9.023926999814869,0],[116.96427258604724,-9.023953030360165,0],[116.96430055358634,-9.023969521349393,0],[116.964458628976,-9.024057435827572,0],[116.96455699978655,-9.02411199980702,0],[116.96460503781928,-9.024139763778935,0],[116.96482031204593,-9.024263534673848,0],[116.9649363577581,-9.024339092058005,0],[116.96499199970077,-9.024375000892046,0],[116.96516980466087,-9.02451296516254,0],[116.96523340673669,-9.02456164726745,0],[116.96529836730095,-9.024590818354238,0],[116.96532599869785,-9.024603000158837,0],[116.96544762865207,-9.024686088838866,0],[116.96556892660426,-9.024768727907023,0],[116.96578468900485,-9.024894792112505,0],[116.96578734844377,-9.024895799077187,0],[116.96628199974315,-9.025064000017577,0],[116.96665369068549,-9.025239934451882,0],[116.96673206855034,-9.025276970292138,0],[116.96673245430252,-9.025277305899419,0],[116.96695699992324,-9.025428000858897,0],[116.96702599879055,-9.025507001330134,0],[116.9670370363748,-9.025517025169979,0],[116.967055575229,-9.025533399325967,0],[116.96762611509965,-9.026051950009167,0],[116.96779920933027,-9.026204107024206,0],[116.96783378001894,-9.026221671972968,0],[116.96798398973846,-9.026297917902015,0],[116.96798433274128,-9.026298115114574,0],[116.96824486928756,-9.026387194644405,0],[116.96825646890534,-9.026390535089048,0],[116.96834618880084,-9.026415879898371,0],[116.96840099977005,-9.026430999844033,0],[116.96858400003352,-9.026490999771685,0],[116.96870299876191,-9.026536001042782,0],[116.96891712799281,-9.026590922835902,0],[116.96901088520362,-9.02661472925704,0],[116.96926058433579,-9.026676833830422,0],[116.96930525972277,-9.0266886377725,0],[116.96951200013585,-9.026742999615825,0],[116.96951482335344,-9.026744265256296,0],[116.96953694159883,-9.026752283742187,0],[116.9697306771895,-9.026840967734373,0],[116.96976200009313,-9.026855001036214,0],[116.96993311359739,-9.02693400482717,0],[116.970206034149,-9.02705952930467,0],[116.97064961376937,-9.02729784216735,0],[116.97070399983615,-9.0273269996934,0],[116.97084999900731,-9.02740100093471,0],[116.9709763492696,-9.027467438882352,0],[116.97117914468902,-9.027573799617109,0],[116.97163200024062,-9.027877641783736,0],[116.97167219220773,-9.02791015379263,0],[116.97175699974268,-9.027978000200912,0],[116.97189220602972,-9.02810487590043,0],[116.97196812032878,-9.02817565670589,0],[116.97206300409321,-9.028264812201009,0],[116.97219101792972,-9.028428831749421,0],[116.97239900019882,-9.028694999689936,0],[116.97252464916315,-9.02888849774658,0],[116.97264915471253,-9.029079817619316,0],[116.97266261205743,-9.029100077780901,0],[116.97268900005427,-9.029138999798606,0],[116.97292278658118,-9.029388708220287,0],[116.97296773087734,-9.02943659706366,0],[116.97296875623971,-9.029437507073698,0],[116.97325000045373,-9.029625999897341,0],[116.9733583258234,-9.029650265758773,0],[116.97350009866628,-9.02968153127344,0],[116.97393937166571,-9.029769012303811,0],[116.97407945001811,-9.029869529282518,0],[116.97883621800176,-9.032518584844789,0],[116.98114500009984,-9.033804000291992,0],[116.99138800039435,-9.038470000262869,0],[116.99139644238791,-9.038471940628783,0],[117,-9.04035883973919,0],[117.00071577126035,-9.040514802290295,0],[117.00071799961509,-9.040515000372986,0],[117.0027361208396,-9.040652992417785,0],[117.00411145654999,-9.040746786911319,0],[117.00575446175495,-9.0407467657196,0],[117.00827376243917,-9.041236697144658,0],[117.00992793865768,-9.042156366952279,0],[117.01150499973174,-9.043032999754638,0],[117.01325800035019,-9.044665999695606,0],[117.01434463861436,-9.045622150930914,0],[117.01468169828519,-9.045918522750616,0],[117.01544848636301,-9.04678956832162,0],[117.01599619485485,-9.047442841984312,0],[117.01671633675704,-9.048158641854537,0],[117.01676299975128,-9.04820500111618,0],[117.01679794508112,-9.04821890178342,0],[117.01731066918886,-9.048422743772768,0],[117.01766343008009,-9.048457791949886,0],[117.01785800000951,-9.048476999668802,0],[117.01824199968578,-9.048586000036003,0],[117.01849128114846,-9.048702742162382,0],[117.01917282313596,-9.049021514966613,0],[117.0197036291519,-9.049779554678679,0],[117.019778163807,-9.049992541152866,0],[117.01985487264393,-9.050210555643291,0],[117.01996787327676,-9.050529556292187,0],[117.0200023536514,-9.05058692273747,0],[117.02008109795479,-9.050717363646221,0],[117.02008130725325,-9.050717628655145,0],[117.02008322465075,-9.050720807890443,0],[117.02047985513398,-9.051227663235432,0],[117.02093161219321,-9.051938581594026,0],[117.02105087180928,-9.0521460160767,0],[117.02153587342549,-9.052988556412563,0],[117.02153645127915,-9.052989310736917,0],[117.02153800014862,-9.052991999743348,0],[117.02183976292002,-9.05338569179515,0],[117.02200787327321,-9.053664556421227,0],[117.02200815264688,-9.053664936297109,0],[117.02201000000478,-9.053667999749132,0],[117.02236900021768,-9.05415599987455,0],[117.0225331350129,-9.05431967741852,0],[117.0227274435566,-9.05451279831437,0],[117.02293520282755,-9.054831922320888,0],[117.02312407942159,-9.055094731026124,0],[117.0232931944308,-9.055318847917977,0],[117.02340526231126,-9.055523052055653,0],[117.02340656183311,-9.055524992138505,0],[117.02340738906722,-9.055526497184044,0],[117.02341694073402,-9.055540738928883,0],[117.02351900232259,-9.055692039098428,0],[117.0236308732707,-9.056109555592476,0],[117.02363249489106,-9.056111119379093,0],[117.0236330000322,-9.056112999814939,0],[117.02409400121029,-9.056557000012491,0],[117.02441270889642,-9.056810211692596,0],[117.02456617567334,-9.056931745351253,0],[117.0251985387198,-9.057264730695685,0],[117.02565403473811,-9.057391753235216,0],[117.026056998804,-9.057504001127342,0],[117.0263669009525,-9.057552432430855,0],[117.02710048290432,-9.05766674824134,0],[117.02753595516705,-9.057773573198178,0],[117.02771748155611,-9.057811063038008,0],[117.027819999631,-9.05783200000618,0],[117.0280414353725,-9.057856667085371,0],[117.02821536600929,-9.05787588533176,0],[117.02845432384707,-9.05794805818423,0],[117.02878938954719,-9.058008866357028,0],[117.02935753667143,-9.058170690745813,0],[117.02935799986017,-9.058171000954275,0],[117.02959799999756,-9.058331999993333,0],[117.02959817927271,-9.058332187211597,0],[117.03002364128271,-9.058761559583214,0],[117.03429325690229,-9.06025587161027,0],[117.03698961813235,-9.060608445960932,0],[117.04433899989665,-9.061568999723105,0],[117.05162499998339,-9.062793999695868,0],[117.05162501728746,-9.062794103711584,0],[117.0516282631907,-9.062794649575034,0],[117.05162976829972,-9.062794902624251,0],[117.05163118760727,-9.062812414557234,0],[117.05163568344159,-9.06286783117285,0],[117.05166923743549,-9.063129897890866,0],[117.05170076355759,-9.063280092019081,0],[117.0517754217546,-9.063474036404731,0],[117.05185588066094,-9.063614602363343,0],[117.05196426968173,-9.063746631231831,0],[117.05208696104317,-9.063887656956869,0],[117.0521495915602,-9.063923014202915,0],[117.0523034951277,-9.064009896223826,0],[117.05248427033841,-9.06407426299169,0],[117.05261316431535,-9.064096450995425,0],[117.0526132107246,-9.064096459129306,0],[117.05269140669053,-9.0641099195821,0],[117.05278255023154,-9.064096459161304,0],[117.05281459205644,-9.064091727591627,0],[117.05302477705187,-9.064060685314958,0],[117.05307084100558,-9.06402851532411,0],[117.0531151407151,-9.063997578424603,0],[117.05319055520219,-9.063944908965786,0],[117.0532484530712,-9.063893432370309,0],[117.05352567477108,-9.063646946723273,0],[117.05353219564192,-9.0636413848692,0],[117.05369259608501,-9.063504594701167,0],[117.05369262520001,-9.063504569370734,0],[117.05376897399931,-9.063439457276834,0],[117.0538023917731,-9.063417452980618,0],[117.05397452126937,-9.063304122933385,0],[117.05411658678393,-9.063223246389567,0],[117.05424687380507,-9.063149074827622,0],[117.05450917862673,-9.06303824929312,0],[117.05470803638576,-9.062993842764977,0],[117.05472433034124,-9.062995254975306,0],[117.05483878660027,-9.063005172025171,0],[117.05484925400694,-9.063006080388938,0],[117.0549460749776,-9.063038162243345,0],[117.05501259913716,-9.063060205902783,0],[117.05511553459279,-9.063113043386195,0],[117.0551661159611,-9.063139006832007,0],[117.05520145735015,-9.06317111868529,0],[117.05529547386676,-9.063256544988496,0],[117.05531226679311,-9.06327180417247,0],[117.05534077881234,-9.063314884173836,0],[117.05545910294596,-9.063493666199633,0],[117.05554090790473,-9.063655954644709,0],[117.05562742282518,-9.063930117021691,0],[117.055689529913,-9.064121388778922,0],[117.0556969468986,-9.064144231840668,0],[117.05575980505131,-9.064602732375642,0],[117.05575850166392,-9.06477174575191,0],[117.05575673796017,-9.065000573237713,0],[117.05574963512751,-9.065032365877656,0],[117.05568564501559,-9.065318792698266,0],[117.05567322799439,-9.065374373733464,0],[117.05566013171115,-9.065409475964,0],[117.0556600962371,-9.065409570942457,0],[117.05563723822387,-9.065470841999252,0],[117.05556467921413,-9.065665321693293,0],[117.05537836856519,-9.065941541577368,0],[117.0553554333236,-9.065974410252657,0],[117.05514447257353,-9.066276731438387,0],[117.05492710968976,-9.06659003867879,0],[117.05471062223343,-9.066719731064751,0],[117.0546965353665,-9.066728170397653,0],[117.0546635342649,-9.06673315915555,0],[117.05444069695665,-9.06676684360724,0],[117.05410307320854,-9.066775427709533,0],[117.05379159315493,-9.066792075844607,0],[117.0536282588445,-9.066814908740456,0],[117.053339132974,-9.066898895447856,0],[117.05309895060716,-9.067044783696577,0],[117.05299751981062,-9.067118777902738,0],[117.05288089226781,-9.067203858991558,0],[117.05272159843408,-9.067354546352648,0],[117.05264922014587,-9.067478686573372,0],[117.05265138718622,-9.067618826705107,0],[117.05265147537585,-9.067624539548293,0],[117.05265533632897,-9.067630398378219,0],[117.05265536363417,-9.067630439981533,0],[117.05266420687347,-9.067643857045365,0],[117.0527346160465,-9.06775067621934,0],[117.05285729645418,-9.067811639356561,0],[117.05312901615274,-9.067881267701747,0],[117.0531719214412,-9.067894306242659,0],[117.0531722053652,-9.067894392129396,0],[117.05339693856305,-9.06796269024372,0],[117.0536136944281,-9.068045361073905,0],[117.05373638318156,-9.068160784178216,0],[117.05375182513411,-9.06832401527028,0],[117.05372324559977,-9.06847700930691,0],[117.05360954322609,-9.068683860124287,0],[117.05357289899955,-9.068717485051607,0],[117.0534661180035,-9.06881547126522,0],[117.05343349074319,-9.0688454097321,0],[117.05338015055014,-9.068887106170832,0],[117.05333081741175,-9.068925670620095,0],[117.05328022500275,-9.068965220252407,0],[117.05310438361488,-9.069041897225654,0],[117.05272096599958,-9.069150721273072,0],[117.05221957622805,-9.069310300913141,0],[117.05193162768649,-9.069383900811502,0],[117.05193158673913,-9.069383911671379,0],[117.05178312504111,-9.06942185863158,0],[117.05171482928256,-9.069439314394442,0],[117.05144156384341,-9.069512435156405,0],[117.05123822829704,-9.069515877307186,0],[117.05112962573564,-9.06946717042631,0],[117.05111902309075,-9.069457121950302,0],[117.05111899578787,-9.069457096627978,0],[117.05105252677353,-9.069394098979322,0],[117.05100562164638,-9.069294496878369,0],[117.05100335421689,-9.069289681608389,0],[117.05094363503994,-9.0688752474062,0],[117.05092422721438,-9.068688830656143,0],[117.0509047027769,-9.068501307709234,0],[117.05084836688754,-9.068305034267379,0],[117.05076723800259,-9.068180449020419,0],[117.05068343490142,-9.068102257109787,0],[117.05060063459521,-9.068075829883064,0],[117.0505915954321,-9.06807294485693,0],[117.05050556637136,-9.068058216023173,0],[117.05042571322119,-9.068062470980955,0],[117.05041216655822,-9.068063192834732,0],[117.05038769864095,-9.068072149000741,0],[117.05034558270063,-9.06808756304977,0],[117.05023848382196,-9.06814910675503,0],[117.05020460004555,-9.068168579077012,0],[117.05012547161232,-9.068234804246282,0],[117.05012533058279,-9.068234921851314,0],[117.0500497697122,-9.068298160742911,0],[117.05002319360767,-9.068322039702565,0],[117.04982746893575,-9.068497886887403,0],[117.04979391362289,-9.068530696058032,0],[117.04956383938128,-9.068755650658296,0],[117.0492803237224,-9.06903979319807,0],[117.04908524189095,-9.069270978436792,0],[117.04904998782169,-9.069312756841358,0],[117.04890343034694,-9.069477871304922,0],[117.04863668514002,-9.069854798869574,0],[117.04842557919272,-9.07023932304621,0],[117.04817894501825,-9.070621058666148,0],[117.04805787259306,-9.07089695503872,0],[117.04790866931343,-9.07134105323311,0],[117.04784177398707,-9.07156171514149,0],[117.04782267908391,-9.07162470467061,0],[117.0478083213357,-9.071658651725208,0],[117.04765782635833,-9.072014497397356,0],[117.04754836703319,-9.072247722942002,0],[117.04751331131362,-9.072438113181244,0],[117.04752897306419,-9.072597307676812,0],[117.0476384777276,-9.072713821729872,0],[117.04766741542701,-9.072729077864441,0],[117.04786976370883,-9.072835751375097,0],[117.04803780713944,-9.07290555170229,0],[117.04826864442035,-9.073018171984474,0],[117.04853858902233,-9.0731619733615,0],[117.04878216630107,-9.07328715610506,0],[117.0487947841862,-9.073294044941031,0],[117.0487949789375,-9.073294150742123,0],[117.04913792259056,-9.073481374447054,0],[117.0492265383437,-9.073550846606722,0],[117.04928653198617,-9.073597880928647,0],[117.04932565078933,-9.073706646009395,0],[117.04930220982288,-9.073862123649995,0],[117.04924376714447,-9.073964772053694,0],[117.04922402059145,-9.073999454343504,0],[117.04915215124439,-9.074083866099357,0],[117.04905199302661,-9.074201501396935,0],[117.04850055840029,-9.07449297125138,0],[117.04795494489035,-9.07487272915443,0],[117.04744163091394,-9.07520132686121,0],[117.04721672824232,-9.075345298018364,0],[117.04684926626612,-9.075644614374488,0],[117.0468351155681,-9.075656141391624,0],[117.04662576734529,-9.075846087085838,0],[117.04656436470924,-9.07591671143234,0],[117.04646179461237,-9.076034688225294,0],[117.04645887396758,-9.076038047023813,0],[117.04636749699779,-9.076144034961485,0],[117.0463719799718,-9.076260096859116,0],[117.04639825104044,-9.076313308268018,0],[117.04642549879443,-9.076368497703223,0],[117.04643456287313,-9.076386858003286,0],[117.04645168630181,-9.076401598354092,0],[117.04651277913905,-9.076454187549002,0],[117.04660512711482,-9.076531530859329,0],[117.046610215442,-9.076535792237886,0],[117.04668164776383,-9.076553846988467,0],[117.04675501571387,-9.076572391719084,0],[117.04710495012525,-9.076654428794589,0],[117.04748886076246,-9.076823353295085,0],[117.0476457478686,-9.0770053391706,0],[117.04772487323537,-9.077180196788433,0],[117.04773786055549,-9.077392460695966,0],[117.04773363628316,-9.077557090192542,0],[117.0476784678383,-9.077730103863976,0],[117.04757024475693,-9.077869295048853,0],[117.04749169432908,-9.077970321282447,0],[117.04730492295597,-9.078235674794746,0],[117.04727482469326,-9.07828380287446,0],[117.0471089956966,-9.07854897629003,0],[117.04690010890947,-9.078863209171612,0],[117.04669524619115,-9.079194664997553,0],[117.04655892303205,-9.07939543996686,0],[117.04650780522024,-9.07947072570471,0],[117.04620865772026,-9.07990444570629,0],[117.04586795002068,-9.080362688185247,0],[117.04576892179557,-9.080486267724808,0],[117.04560967891078,-9.080684994689552,0],[117.04553034148189,-9.08078200187496,0],[117.04539519561432,-9.080947247303301,0],[117.04530664940388,-9.08102720476382,0],[117.04521897120127,-9.081106377889602,0],[117.04515322344287,-9.081165747769122,0],[117.04475708705216,-9.081547654029158,0],[117.04441167094127,-9.08182620497629,0],[117.04441164273382,-9.08182622759235,0],[117.0444115581116,-9.081826296345005,0],[117.04436585842805,-9.081863148710415,0],[117.04434584823635,-9.08187766844233,0],[117.04414041314543,-9.082026718631315,0],[117.04410095416422,-9.082077807113958,0],[117.04410090230206,-9.082077874958081,0],[117.0440796114802,-9.082105440502117,0],[117.04407952686282,-9.082105549957406,0],[117.0439974243279,-9.08221184821228,0],[117.04396777639326,-9.082280205207251,0],[117.04390225959433,-9.08243126086004,0],[117.0438678655617,-9.082586428259154,0],[117.04386364873955,-9.082670084599632,0],[117.04386364692493,-9.08267012892059,0],[117.04385092472867,-9.082922514402483,0],[117.04384613502518,-9.08306214065732,0],[117.04384023721232,-9.083234084092737,0],[117.04383593134595,-9.083326464388538,0],[117.04381728103631,-9.083726576990712,0],[117.04382550984191,-9.08397016273014,0],[117.04382759672711,-9.0840319356259,0],[117.04383119990425,-9.084260182421872,0],[117.04384450593147,-9.084400843960521,0],[117.04384865182287,-9.08444466942625,0],[117.04390141528215,-9.084668410398036,0],[117.04396176874465,-9.0849403126028,0],[117.04396871233465,-9.084971590440823,0],[117.04408383895023,-9.085355916845721,0],[117.04415582970333,-9.085670269619554,0],[117.04426157438988,-9.086068872881993,0],[117.04434608445045,-9.08641922065369,0],[117.04437695855961,-9.086728924680944,0],[117.04437698602874,-9.086952128353685,0],[117.04437698762301,-9.086965082667152,0],[117.04435778938955,-9.08711683462714,0],[117.04431065668606,-9.087257574017043,0],[117.04424073390419,-9.08741010999724,0],[117.04417259281695,-9.087524938764298,0],[117.0441387813725,-9.087580385362015,0],[117.04409707887783,-9.087648768228634,0],[117.04406079308092,-9.087682049330969,0],[117.04397441524151,-9.087761276251214,0],[117.04375320954904,-9.087917397697463,0],[117.04357892855441,-9.088047136249608,0],[117.04341827163678,-9.088125976631199,0],[117.0432585157366,-9.088259280667097,0],[117.04317474370127,-9.088397717759035,0],[117.04317468001226,-9.088397823593596,0],[117.04316264641474,-9.08841770964303,0],[117.04316258363544,-9.088417812763955,0],[117.043133626933,-9.088465665377832,0],[117.04312640458274,-9.088500376589828,0],[117.0430762309974,-9.088741552345542,0],[117.04308470735378,-9.088935131575449,0],[117.04308900257185,-9.08903325713586,0],[117.04313998478405,-9.089313322765372,0],[117.04314305987006,-9.089337027653448,0],[117.04318024512148,-9.089623644419666,0],[117.04318713390947,-9.08975179197789,0],[117.0431907712068,-9.089819459329716,0],[117.0431420811047,-9.090017299192908,0],[117.04306260696802,-9.090104793148845,0],[117.04305616026475,-9.09011189065096,0],[117.043016066041,-9.090156029766382,0],[117.0428301903724,-9.090281802161774,0],[117.0427821228698,-9.090314324733074,0],[117.04265677500496,-9.090425590732584,0],[117.04257032658595,-9.090500984031761,0],[117.04256851763395,-9.090502562602927,0],[117.04256676415721,-9.090503831827117,0],[117.0423495458688,-9.090661011118836,0],[117.04215426005169,-9.090810609809854,0],[117.04201627144894,-9.090898042454203,0],[117.04197863354945,-9.09092189042581,0],[117.04193774343592,-9.090947801037284,0],[117.0418310514273,-9.091104355852261,0],[117.0417969883964,-9.09115433904795,0],[117.04173287366893,-9.091324559631012,0],[117.04170898438043,-9.09149710560797,0],[117.04169403328659,-9.091676475949965,0],[117.04169464797151,-9.09168791243223,0],[117.04169464979584,-9.091687949516702,0],[117.04171261977675,-9.092022332753714,0],[117.04177224298788,-9.092411893213093,0],[117.04177859073498,-9.092453370338623,0],[117.04184573766761,-9.092696745745483,0],[117.04187114289152,-9.092788824077108,0],[117.04197129109969,-9.093114811274376,0],[117.04202939988485,-9.093280859802027,0],[117.0420611525463,-9.093371595101345,0],[117.04209808605545,-9.093454470562301,0],[117.04209809970949,-9.093454500409363,0],[117.0421676384157,-9.09361054377541,0],[117.04217738292415,-9.093632411751518,0],[117.04226188363316,-9.09390487029364,0],[117.04232105670587,-9.094088030053356,0],[117.04237812597356,-9.09426468032928,0],[117.04244676906929,-9.094602618620788,0],[117.04250173844514,-9.094866977074325,0],[117.04250758513207,-9.094895093808724,0],[117.0425274631498,-9.09496450675709,0],[117.04252749137258,-9.094964604440229,0],[117.04253528999605,-9.094991836341352,0],[117.04255788470716,-9.095070735410136,0],[117.04263964432121,-9.095214435284934,0],[117.04272931573216,-9.09537204186833,0],[117.0428744243584,-9.095599333051211,0],[117.04305965627881,-9.095889474330706,0],[117.04314230117629,-9.095982775917179,0],[117.04327912562218,-9.096137242668348,0],[117.04340830584195,-9.096291925548403,0],[117.04344496336063,-9.096435587180576,0],[117.04346911735135,-9.096530249696187,0],[117.04350087601394,-9.096755698064648,0],[117.04347993292474,-9.096874499027482,0],[117.04346134977541,-9.096979913951984,0],[117.04340326834965,-9.09713446533314,0],[117.04331882238215,-9.097323153105393,0],[117.04327660983186,-9.097519750255927,0],[117.04330054116798,-9.09768484200724,0],[117.04331706666726,-9.09776006040536,0],[117.04333834977912,-9.097856929348852,0],[117.04334816456256,-9.097901598920378,0],[117.04337083395828,-9.098000654786926,0],[117.04340092963385,-9.098132165179054,0],[117.04334016767113,-9.098299903623817,0],[117.04319224506764,-9.09838681416191,0],[117.04298644502703,-9.098473419415322,0],[117.04291941434178,-9.09848803595665,0],[117.04279026982552,-9.098516196588072,0],[117.04279024343474,-9.098516202018203,0],[117.04266108888817,-9.0985443680321,0],[117.04257898432742,-9.098553106094341,0],[117.0423470455873,-9.098577789888937,0],[117.04226556074718,-9.098586461779872,0],[117.04182913970783,-9.098631045370192,0],[117.04173962513329,-9.098636795612597,0],[117.04162856801327,-9.098643930375745,0],[117.0414202026932,-9.098657315442797,0],[117.04104723784073,-9.098633617113233,0],[117.04079650525144,-9.098583836938575,0],[117.04061625012403,-9.098602284526025,0],[117.04059158987717,-9.098604808125334,0],[117.04036947096489,-9.098650759884464,0],[117.04032005333069,-9.09866612744923,0],[117.04027883495813,-9.09867894430472,0],[117.04021573336793,-9.098698567249278,0],[117.04007071275863,-9.098776010568589,0],[117.03993183662219,-9.098876941316343,0],[117.03992636583898,-9.098880917210552,0],[117.0399079293274,-9.09890738501565,0],[117.03990140257231,-9.098916754582278,0],[117.03982649272491,-9.099024298346741,0],[117.03982114978476,-9.099205064952143,0],[117.03983728308431,-9.099311174166534,0],[117.03985379980467,-9.099419806903631,0],[117.03988319790268,-9.099467119194216,0],[117.03997806867041,-9.099619799920873,0],[117.0400610576436,-9.09975409517143,0],[117.04011440727541,-9.099840426917403,0],[117.04011792765388,-9.099859396690768,0],[117.04018931328149,-9.100243998362968,0],[117.04040475785254,-9.100894544390362,0],[117.0404056909755,-9.100897359102955,0],[117.0402679630694,-9.101034956620502,0],[117.04025401660209,-9.101142028805782,0],[117.04036101283101,-9.101694013960158,0],[117.04041140135963,-9.101819668379193,0],[117.04042002839493,-9.101841181950357,0],[117.04050896329373,-9.102062960933464,0],[117.04055498014365,-9.102206019373302,0],[117.0405136668331,-9.102429998103707,0],[117.040512029725,-9.102438875085936,0],[117.04049798242309,-9.102515031343994,0],[117.04044434165007,-9.102611953073291,0],[117.04043818725343,-9.10262307282134,0],[117.04043811992268,-9.102623194936836,0],[117.04038896844447,-9.102712002760391,0],[117.04032796643182,-9.102770973213667,0],[117.04028578678422,-9.102810130229905,0],[117.04028512068918,-9.102810748984142,0],[117.04027278246019,-9.102822202270309,0],[117.04023599435045,-9.102856354969935,0],[117.0401189954121,-9.102964973447508,0],[117.04011628067497,-9.102964744906945,0],[117.04011603404615,-9.102964724130512,0],[117.04001687652323,-9.102956381941427,0],[117.03995890328349,-9.10295150398321,0],[117.03993193337791,-9.10294923482635,0],[117.03993131999118,-9.10294918333686,0],[117.03992898566322,-9.10294898641084,0],[117.03988502657478,-9.102961634379028,0],[117.0398712059205,-9.10296561118567,0],[117.03987112037748,-9.102965635616624,0],[117.03979001195889,-9.102988971635002,0],[117.0396590006699,-9.103097956914276,0],[117.03964900627997,-9.103121857704997,0],[117.03964528419965,-9.103130759331574,0],[117.039607985141,-9.103219955599753,0],[117.03956764309316,-9.103286825423426,0],[117.03956372963071,-9.103293312044842,0],[117.03953798412168,-9.103335986613299,0],[117.0395030161379,-9.103412732122782,0],[117.03950297701466,-9.103412818054887,0],[117.03949431167055,-9.103431835281178,0],[117.03945598179645,-9.103515954664813,0],[117.03932624983494,-9.104025379768881,0],[117.03932622891246,-9.104025462080974,0],[117.03932541839362,-9.104028645117072,0],[117.03932279762486,-9.104038936843336,0],[117.03932201439619,-9.104042013145035,0],[117.03932146299964,-9.104042946652386,0],[117.03932070869652,-9.104044224797564,0],[117.03932022554207,-9.10404504252107,0],[117.03926596756712,-9.104136973086128,0],[117.03913577643091,-9.104278061634782,0],[117.03908765061848,-9.104330216867439,0],[117.03908755052308,-9.104330324514102,0],[117.03908684439638,-9.10433109070452,0],[117.03888299564545,-9.104552005891083,0],[117.03888088233194,-9.10455068463672,0],[117.03888047186493,-9.104550427801472,0],[117.03880965585041,-9.104506168940832,0],[117.03880899691903,-9.104505756557325,0],[117.03879367767607,-9.104496182208145,0],[117.03877102463818,-9.10448202370954,0],[117.03874290240395,-9.104470566639232,0],[117.03873562975792,-9.1044676042584,0],[117.03872261071152,-9.104462300728146,0],[117.0387219390543,-9.104462026734906,0],[117.03863098958138,-9.104424976159578,0],[117.0383844022776,-9.104400901721661,0],[117.03816081712434,-9.104379073304308,0],[117.03816001807947,-9.104378995600678,0],[117.03802890738906,-9.104383552632134,0],[117.03725010064205,-9.104410619866846,0],[117.03724903132,-9.104410657060832,0],[117.03724804754376,-9.104410691532548,0],[117.03692509043518,-9.104421916737579,0],[117.03692302186575,-9.104421989307522,0],[117.03683986509819,-9.104443549336162,0],[117.0368388540432,-9.104443811744488,0],[117.0366840179117,-9.104483958389633,0],[117.03660786602272,-9.104533718277192,0],[117.03657835821797,-9.104552999833505,0],[117.03657833455784,-9.104553015212453,0],[117.036488019325,-9.104612029569768,0],[117.03633097582605,-9.104810996285336,0],[117.03631491059664,-9.104911771359463,0],[117.03629303098384,-9.105049016601095,0],[117.03628705883392,-9.105064136879967,0],[117.03612400002274,-9.105476956813892,0],[117.03603991819877,-9.105515333284051,0],[117.03603402760181,-9.105518022051742,0],[117.03591372567176,-9.10548945794705,0],[117.03585795178606,-9.105476215175917,0],[117.03585699801302,-9.105475989143875,0],[117.03573049685198,-9.105366136032742,0],[117.0357279875809,-9.105363957329464,0],[117.03552307720815,-9.105191995035081,0],[117.03552289882035,-9.105191845809367,0],[117.03545398470139,-9.105134014033236,0],[117.03541733934398,-9.105127689689864,0],[117.03533196274671,-9.10511295637887,0],[117.03504800737196,-9.105167965875484,0],[117.03498602834652,-9.105234981086,0],[117.03492764326661,-9.105265671976879,0],[117.03491194905556,-9.105273922555105,0],[117.03491180436231,-9.105273998547272,0],[117.03486799233826,-9.105297028694274,0],[117.03486693754677,-9.105296780961218,0],[117.03486659171347,-9.105296699588987,0],[117.03481978408463,-9.105285634749658,0],[117.03478883382492,-9.105278319367168,0],[117.03478880743238,-9.10527831303816,0],[117.03474226646429,-9.105267315096654,0],[117.03474101691408,-9.105267019443108,0],[117.03459036842033,-9.105251413904245,0],[117.03446131876665,-9.105238045811642,0],[117.034461154953,-9.105238028641562,0],[117.03446103027265,-9.10523801599031,0],[117.03437649655527,-9.105243864357705,0],[117.03426993117449,-9.10525123524949,0],[117.0338679718725,-9.105279036583063,0],[117.0335990260118,-9.105355025327968,0],[117.03333980518286,-9.105393535777544,0],[117.03327124712911,-9.105403721330468,0],[117.03315500402503,-9.105420990764229,0],[117.0330316449961,-9.105466935383001,0],[117.03303157310329,-9.105466962524636,0],[117.03302978033199,-9.10546763021093,0],[117.03302973483011,-9.105467646496127,0],[117.03302970570897,-9.105467657352811,0],[117.03297014110677,-9.105489842084307,0],[117.0329670278726,-9.105491001939829,0],[117.0325540072795,-9.105639980092295,0],[117.03242769543098,-9.105630915568257,0],[117.03242733504179,-9.105630889369722,0],[117.03239186128305,-9.105628342729876,0],[117.0323589694035,-9.105625981280479,0],[117.0323580993928,-9.105626136932404,0],[117.03235772172071,-9.105626203899227,0],[117.03227897937464,-9.105640273204463,0],[117.03224771358795,-9.105645859475059,0],[117.03212401369144,-9.105667962907908,0],[117.03182903588686,-9.105839989227215,0],[117.0316389766667,-9.105905994757117,0],[117.03163819403173,-9.10590626617622,0],[117.0316360317752,-9.105907017102098,0],[117.0311539251524,-9.10578439619185,0],[117.03115228972398,-9.105783980260009,0],[117.03106201717546,-9.105761018097086,0],[117.03106056560638,-9.105760896112846,0],[117.0304040368761,-9.105705006137944,0],[117.03004468583593,-9.105805490137778,0],[117.03004444558351,-9.105805557090877,0],[117.03004301407972,-9.105805957904087,0],[117.02999082041025,-9.105889116850118,0],[117.02996497152712,-9.105930300127183,0],[117.02994697184896,-9.105958977088745,0],[117.02985700365483,-9.106060990785016,0],[117.02985489403446,-9.106060016807431,0],[117.02985475023802,-9.10605994988594,0],[117.02979832199254,-9.106033887613975,0],[117.0297861193241,-9.106028251744878,0],[117.02973798213071,-9.106006019358654,0],[117.02968401756343,-9.105904015639975,0],[117.02967357358938,-9.105837454062,0],[117.02967330679938,-9.105835756330244,0],[117.02965796409069,-9.105737985249414,0],[117.02957503378347,-9.105645027098399,0],[117.02950450411417,-9.10562994298199,0],[117.02944400721265,-9.10561700442847,0],[117.02944379607776,-9.105617014395076,0],[117.02898177019777,-9.105639908256473,0],[117.02863602498503,-9.105657038861267,0],[117.028557398714,-9.105656380223456,0],[117.02846473190772,-9.1056556041761,0],[117.02839003531253,-9.105654977757217,0],[117.02835125308984,-9.10564745078401,0],[117.02811199718975,-9.105601012205216,0],[117.02735802602476,-9.10538403302939,0],[117.02733008820675,-9.105376433676831,0],[117.02732629769896,-9.105375402826903,0],[117.02725498974158,-9.105356006563232,0],[117.02725371568106,-9.105356447151898,0],[117.02725345813886,-9.105356536717037,0],[117.02715859522544,-9.105389360102837,0],[117.02711704901326,-9.105403734858202,0],[117.02702101302847,-9.105436961704179,0],[117.02683101740581,-9.105596046301708,0],[117.02667234695042,-9.105716707901054,0],[117.02667201024433,-9.105716964804774,0],[117.0266243428079,-9.105718372986196,0],[117.02657496899747,-9.105719832842597,0],[117.02653400692662,-9.105721043341156,0],[117.02629042365636,-9.105684603169808,0],[117.02627548290846,-9.105682368314516,0],[117.02627300476637,-9.10568199583772,0],[117.02618690848517,-9.105678997275733,0],[117.02618653535642,-9.105678984639509,0],[117.02614026738796,-9.105677372518933,0],[117.02610198164551,-9.105676039312259,0],[117.02595602169153,-9.105655975185359,0],[117.02588829802615,-9.105655172282813,0],[117.02588823978171,-9.105655171382434,0],[117.02570598034318,-9.105653008053649,0],[117.02532295056729,-9.105633970656013,0],[117.02522539642189,-9.105629121143817,0],[117.02521702831964,-9.105628705651467,0],[117.02496102719458,-9.105615983347727,0],[117.02483618917208,-9.105570763073993,0],[117.02483397674239,-9.105569961834483,0],[117.02483394488821,-9.10556993560606,0],[117.0247430196351,-9.105497983091114,0],[117.02473180438277,-9.10546435259328,0],[117.02473005032157,-9.1054590939274,0],[117.02470999376865,-9.105398962972659,0],[117.02476374896966,-9.105270533352604,0],[117.02476914022922,-9.105257652852133,0],[117.02482801730831,-9.105116987650618,0],[117.02496621169936,-9.10494483123412,0],[117.0249742905672,-9.104934767171079,0],[117.02497433788648,-9.104934707470585,0],[117.02497435517628,-9.104934686665795,0],[117.02517400899043,-9.104685966034618,0],[117.02519984670462,-9.104621668499124,0],[117.02520021066722,-9.104620762161115,0],[117.02521700117306,-9.104578981967979,0],[117.02514439987942,-9.104110931579816,0],[117.02512300465891,-9.103973002550841,0],[117.02511732118826,-9.10394515146016,0],[117.0251171737074,-9.103944426962741,0],[117.02508096720737,-9.103767002885242,0],[117.02502496619088,-9.103488024276766,0],[117.02485689905839,-9.103231030048457,0],[117.02479366222043,-9.103134334750527,0],[117.02454299423752,-9.102751035629613,0],[117.02410201984176,-9.102369983992926,0],[117.02406612460545,-9.102346377003586,0],[117.02406596897836,-9.102346273900421,0],[117.02406547479438,-9.10234594921614,0],[117.02403339196906,-9.102324848352149,0],[117.02391805873889,-9.10224899338598,0],[117.0237599636669,-9.10214501200525,0],[117.02334797595918,-9.102041043292472,0],[117.02284301509323,-9.101980033036721,0],[117.0228420413288,-9.10198000505813,0],[117.02284199946607,-9.101980004156257,0],[117.02263511183992,-9.101974047339334,0],[117.02263297228842,-9.101973985965964,0],[117.02220436344709,-9.10199717125332,0],[117.02183797869613,-9.102016990271872,0],[117.02183715056151,-9.102017299661867,0],[117.0212162057141,-9.102248993375133,0],[117.02115998894737,-9.10226996937711,0],[117.0209750179304,-9.10240101465447,0],[117.0209676839945,-9.102405042832638,0],[117.0208530037478,-9.102468032736986,0],[117.02077400912141,-9.102553537293666,0],[117.02077297899783,-9.102554652605749,0],[117.02076489088938,-9.102563406855928,0],[117.0206350197292,-9.102703981382183,0],[117.02062886988675,-9.10271001386716,0],[117.0206040658735,-9.102736278446883,0],[117.02060382563211,-9.102736533530582,0],[117.02060007823012,-9.102740500896727,0],[117.02054636242593,-9.102797374614513,0],[117.02046385401513,-9.102884737151912,0],[117.02022916601632,-9.103133231957152,0],[117.02018279177472,-9.10324258633893,0],[117.02017861969311,-9.10325242485908,0],[117.02015518778613,-9.103307678682022,0],[117.02015674132008,-9.103308718775585,0],[117.02015690149696,-9.103308825498189,0],[117.02027350302649,-9.103386855103796,0],[117.02041769816495,-9.103537317607802,0],[117.02049241418536,-9.103615281649088,0],[117.02085409165925,-9.104233941779723,0],[117.02102541342795,-9.104567067033548,0],[117.0210539660805,-9.104805014113907,0],[117.02093975204073,-9.104947780345112,0],[117.0207018058335,-9.105147654918047,0],[117.02055903928282,-9.105309458836425,0],[117.02033061011078,-9.105509334435675,0],[117.02009266357231,-9.105699691417202,0],[117.01962629035563,-9.106137511147187,0],[117.01932603703446,-9.106363587115078,0],[117.01932528079715,-9.106364156992584,0],[117.01932485672191,-9.106364477209407,0],[117.0190410081401,-9.106834935414934,0],[117.01904096810048,-9.106835001445802,0],[117.01897104099493,-9.106886942604062,0],[117.01897019193194,-9.106887573087398,0],[117.01897015280043,-9.106887602033558,0],[117.01887002614096,-9.10696197643669,0],[117.0188210357661,-9.107077379176012,0],[117.01882006028971,-9.107079677570404,0],[117.01881397630135,-9.107094009746351,0],[117.01879862638984,-9.107133909102977,0],[117.018797468026,-9.107136920255686,0],[117.01879745710664,-9.107136949200353,0],[117.01879738249089,-9.107137142768009,0],[117.01877044620373,-9.107207157268219,0],[117.01868702026476,-9.10742400275766,0],[117.01852599058454,-9.107678035424218,0],[117.01846295964319,-9.107780607535762,0],[117.0184603133712,-9.107784914012012,0],[117.01842401630427,-9.107843982654996,0],[117.01830102522457,-9.107948980027004,0],[117.01827371114405,-9.107948206238904,0],[117.01827196289001,-9.107948156578923,0],[117.01819596434875,-9.107946001333692,0],[117.01818371209575,-9.107947362319203,0],[117.01801601193336,-9.10796599619388,0],[117.0178710345496,-9.108096042927873,0],[117.0178170107319,-9.108242999383727,0],[117.01777194043042,-9.108302799228607,0],[117.01776200670716,-9.10831597923631,0],[117.01776155531073,-9.108315991016886,0],[117.01776100016595,-9.108316005516015,0],[117.017568020908,-9.108320963416315,0],[117.01729581379752,-9.108374598137626,0],[117.01729396545323,-9.108374962740374,0],[117.01714703691668,-9.108514959721528,0],[117.0170442550312,-9.108614740346091,0],[117.0170436098174,-9.108615366292824,0],[117.01694097712017,-9.108715003969222,0],[117.01683549927233,-9.10881044123282,0],[117.01683155608056,-9.10881400877752,0],[117.01671998365124,-9.10891496014315,0],[117.01637073471838,-9.10921624808554,0],[117.01629803060746,-9.109278966915497,0],[117.01629682476928,-9.109279273596197,0],[117.01616400417879,-9.109312976799268,0],[117.01577700611523,-9.109343016057288,0],[117.01568047681839,-9.10938162263294,0],[117.01568040401347,-9.10938165158019,0],[117.01555698237368,-9.109431015637307,0],[117.01534764483202,-9.10965110291596,0],[117.015342968151,-9.109656020899235,0],[117.01513996592159,-9.109455992992833,0],[117.01511955793062,-9.109446166408855,0],[117.01511476263538,-9.109443857410165,0],[117.01511472896183,-9.109443841130492,0],[117.01505805365484,-9.109416549177046,0],[117.01505696609044,-9.109416026418915,0],[117.01473175112511,-9.109489616569533,0],[117.0147317065317,-9.10948962652088,0],[117.01473000470244,-9.109490012812778,0],[117.01467495480254,-9.109417786802503,0],[117.01466730337243,-9.109407748024953,0],[117.01460497522271,-9.109325974356427,0],[117.01457433839089,-9.109303666906177,0],[117.01456777927169,-9.109298891389432,0],[117.0145240005455,-9.109267014811916,0],[117.01442976195216,-9.109264090680263,0],[117.01437792299079,-9.109262481809848,0],[117.0143610055482,-9.109261956960827,0],[117.0143596058708,-9.109262483437144,0],[117.01435958038903,-9.109262493387691,0],[117.01407899685586,-9.109368045447276,0],[117.0140777299808,-9.109366832556864,0],[117.01400130066062,-9.10929360869794,0],[117.01400120782932,-9.10929352006015,0],[117.0138900296083,-9.10918700725523,0],[117.01378777656811,-9.109151568165805,0],[117.01374001601873,-9.10913501484076,0],[117.01370800746201,-9.109128473772227,0],[117.01354400128189,-9.109094960812905,0],[117.01354246412991,-9.109094094355564,0],[117.01352511133157,-9.109084308270978,0],[117.013475114309,-9.1090561131276,0],[117.01347376281684,-9.109055350681022,0],[117.01329402624351,-9.108953985944021,0],[117.01324997369747,-9.108920980401928,0],[117.01322904942167,-9.108901540665414,0],[117.01322488477118,-9.108897672254509,0],[117.01320802321608,-9.108882005958504,0],[117.01306003738891,-9.1088519890103,0],[117.01283649688774,-9.10886745764004,0],[117.01281705680182,-9.108868803321759,0],[117.01281504735893,-9.108868942686044,0],[117.01255401998375,-9.108887002958218,0],[117.01255027137961,-9.108886980474843,0],[117.01247180187421,-9.108886510115395,0],[117.01238899858588,-9.108886014560413,0],[117.01232701117885,-9.108823978566328,0],[117.01229687479388,-9.10882014087165,0],[117.0122905369977,-9.108819333363828,0],[117.01228798786393,-9.108819006924026,0],[117.01221859462056,-9.108873886401263,0],[117.01220517499942,-9.108884499392852,0],[117.01217797810433,-9.108906006687137,0],[117.0121169686903,-9.108941005778242,0],[117.01211603494312,-9.108940739885231,0],[117.0121156517974,-9.108940631357536,0],[117.01191202306592,-9.10888295516314,0],[117.01191285082224,-9.10884300863592,0],[117.01191289897827,-9.108840653306789,0],[117.01191290170476,-9.108840541148234,0],[117.01191397115696,-9.108788997066902,0],[117.0119090125814,-9.10863698091384,0],[117.01179201079545,-9.10833900954814,0],[117.01174969312491,-9.108279988431562,0],[117.01174949653986,-9.108279714373278,0],[117.01172101628305,-9.10823999039297,0],[117.01177399403602,-9.108144040740003,0],[117.01198102801936,-9.10782498929691,0],[117.01200542761373,-9.107540797039608,0],[117.0120059015773,-9.10753527502867,0],[117.01202198540233,-9.107347959009296,0],[117.01193705964914,-9.10724916918973,0],[117.01193700413258,-9.10724910406729,0],[117.01193649174232,-9.107248508016111,0],[117.01191797197497,-9.107226964247726,0],[117.01188063311821,-9.107186447317495,0],[117.01144803467645,-9.106717033666161,0],[117.0111842616179,-9.106570002108132,0],[117.01110898477464,-9.106528041767548,0],[117.01058503401005,-9.10647497385219,0],[117.01058246763925,-9.106475876621548,0],[117.01058209269432,-9.106476008689988,0],[117.01016228887154,-9.106623924199786,0],[117.01016202131349,-9.106624017371148,0],[117.0101604862803,-9.106633064260846,0],[117.0101604808207,-9.106633094109627,0],[117.01016043441494,-9.10663337088908,0],[117.01014896579487,-9.106700974726225,0],[117.01014231614344,-9.106741562709676,0],[117.01012871383476,-9.10682459291714,0],[117.01012843995048,-9.106826264447745,0],[117.01010702419495,-9.106956990259622,0],[117.00998500988597,-9.107180993982603,0],[117.00991502383191,-9.107224345141734,0],[117.0099030656914,-9.107231752448358,0],[117.00985901531931,-9.107259038903775,0],[117.00982604890461,-9.107260210222533,0],[117.00979542228242,-9.107261298261038,0],[117.00977496570451,-9.107262025127158,0],[117.00963801095247,-9.107199994291314,0],[117.00963768242947,-9.107200477305023,0],[117.00963753591373,-9.107200693485302,0],[117.00956199472193,-9.107312039888921,0],[117.00948703285819,-9.107513976833971,0],[117.0094833971239,-9.107514195818563,0],[117.0094376915297,-9.107516951219731,0],[117.00939538687084,-9.107519501205084,0],[117.0093897935733,-9.107519838729228,0],[117.00938965160218,-9.107519846873425,0],[117.00936996585224,-9.107521034089325,0],[117.00936984117114,-9.107520990676356,0],[117.00936973287155,-9.107520953594486,0],[117.00930372108283,-9.107498489222747,0],[117.0092384592087,-9.10747628079455,0],[117.00922378689162,-9.107471287401236,0],[117.00922302970469,-9.107471028732341,0],[117.0090920009806,-9.107321999657252,0],[117.00903796600494,-9.107163021803386,0],[117.00907443934852,-9.107070606842234,0],[117.00907625391508,-9.107066009204354,0],[117.0090790112554,-9.107059024557538,0],[117.0091204065255,-9.107013650900718,0],[117.00912046476846,-9.107013587584001,0],[117.00914046575944,-9.106991664624697,0],[117.00914461465885,-9.1069871175801,0],[117.0092149857648,-9.106909987865183,0],[117.00913896333775,-9.106745042662345,0],[117.00899816876665,-9.106588726205137,0],[117.00899156238329,-9.106581390842521,0],[117.00898875655886,-9.106578275800718,0],[117.0088660238586,-9.106442012598468,0],[117.00881965149863,-9.106415149056886,0],[117.00879000373422,-9.106397974150866,0],[117.00878991908725,-9.106397544513609,0],[117.0087864813262,-9.106380039734464,0],[117.00878616094188,-9.106378410730848,0],[117.00876996606152,-9.106295965599305,0],[117.00881003383662,-9.10611600726758,0],[117.0088680531686,-9.106029919708813,0],[117.00887417406771,-9.106020837436883,0],[117.00889656002956,-9.105987618987994,0],[117.0088969295039,-9.105987069945154,0],[117.00889700594686,-9.1059869568803,0],[117.00894243939621,-9.105990472478629,0],[117.00900101517487,-9.105995004409058,0],[117.0090359773394,-9.105997104705828,0],[117.00903614570235,-9.105997114651197,0],[117.00920100491359,-9.10600702569512,0],[117.00937900510905,-9.105965964822511,0],[117.00931101226182,-9.10579803367294,0],[117.00917398083445,-9.105701998741823,0],[117.00910913639966,-9.105619515046143,0],[117.00909300765943,-9.10559900039751,0],[117.00905574156067,-9.105537249944,0],[117.00905165973731,-9.105530486165701,0],[117.00894396700377,-9.10535203292987,0],[117.00870465913339,-9.105266223923428,0],[117.00869001967008,-9.10526097362805,0],[117.00869001056755,-9.105260896745435,0],[117.00865496728585,-9.104947989894153,0],[117.008701034754,-9.104605975979725,0],[117.0090499698929,-9.104088966615523,0],[117.00915096871846,-9.103764041861778,0],[117.00933196772371,-9.103631011877182,0],[117.00932892464316,-9.103602436866687,0],[117.00932864336527,-9.103599793008884,0],[117.00932003298915,-9.103518967661534,0],[117.00923156490583,-9.103412628289322,0],[117.00923106799665,-9.10341203585182,0],[117.00923102977285,-9.10341198972308,0],[117.00912597137956,-9.103415970377947,0],[117.00884103735861,-9.103494020717283,0],[117.00881482033093,-9.103496107138598,0],[117.00871922209548,-9.103503716317034,0],[117.00871601686168,-9.103503972368344,0],[117.00871594860662,-9.1035039569934,0],[117.0087152924483,-9.103503821333497,0],[117.00851797901896,-9.103463010259151,0],[117.00830952968109,-9.103364095807079,0],[117.00828605892275,-9.103352958279906,0],[117.0082234168501,-9.103323232272107,0],[117.00822338954795,-9.103323219609656,0],[117.00822327760912,-9.103323167150958,0],[117.00822298456599,-9.103323028768465,0],[117.008132589496,-9.103344248651075,0],[117.00801675740212,-9.10337143970241,0],[117.00800692332207,-9.103373748212746,0],[117.00799298124277,-9.103377021014149,0],[117.00785602711981,-9.103261994606603,0],[117.00784263809389,-9.103211238655293,0],[117.00784109905243,-9.10320540463785,0],[117.00784108266998,-9.103205344036438,0],[117.00783598863414,-9.103186032081918,0],[117.00791297856962,-9.103044956743423,0],[117.00794299274501,-9.102896015039045,0],[117.00797398228022,-9.10273803007884,0],[117.00802012320275,-9.102694651768532,0],[117.00802892330252,-9.102686378076767,0],[117.00819099886247,-9.102534009867766,0],[117.00825056798416,-9.102464780501512,0],[117.00825345825719,-9.102461421108208,0],[117.00827099191173,-9.102441043140079,0],[117.00824899655505,-9.10211802174058,0],[117.00831998407084,-9.102007963695877,0],[117.00856832597486,-9.101839468740721,0],[117.0085684652115,-9.101839373764534,0],[117.00856897028567,-9.101839030945623,0],[117.00863898511705,-9.101894012283356,0],[117.00874791131342,-9.101985242483124,0],[117.00876941006702,-9.102003248832444,0],[117.00885503470123,-9.102074961267416,0],[117.0088550319702,-9.102074925991834,0],[117.00885550066015,-9.102075317630673,0],[117.00891037561291,-9.102121133039404,0],[117.00892915233842,-9.102136809443362,0],[117.00895783708428,-9.10216075638758,0],[117.00895816471235,-9.102161030444245,0],[117.0089589491996,-9.10216168619037,0],[117.00905449648873,-9.102132945022843,0],[117.00905505071046,-9.102132778580344,0],[117.00909168940743,-9.102121758095695,0],[117.00909183319357,-9.10212163236605,0],[117.0091026207955,-9.102112256008128,0],[117.0092441272526,-9.101989246231287,0],[117.00924567613782,-9.101987899385504,0],[117.00924683461658,-9.101986892643145,0],[117.00924696020189,-9.101986784099473,0],[117.00926058945068,-9.101959600694064,0],[117.00930851339298,-9.101864014201423,0],[117.00933104369204,-9.101407012056226,0],[117.00932645063165,-9.101301554237537,0],[117.00929847163168,-9.100659150836462,0],[117.00927111139997,-9.100575654047665,0],[117.00927109774803,-9.100575610631825,0],[117.00927094393666,-9.100575142102624,0],[117.00921214614841,-9.100395708071357,0],[117.00892511580821,-9.099843925192628,0],[117.00882598268062,-9.099653354013101,0],[117.00851136269108,-9.099221425489358,0],[117.00850553908177,-9.099213429808533,0],[117.00850509405213,-9.099212819278605,0],[117.00821074957294,-9.098808724317816,0],[117.00816449678021,-9.098751776868946,0],[117.008162646596,-9.09874949936886,0],[117.00806191579552,-9.098625475092039,0],[117.00797559783165,-9.098474276451913,0],[117.0079714150808,-9.0984669491549,0],[117.00796524743478,-9.098456144987091,0],[117.00796135305765,-9.09844373256105,0],[117.0079610572707,-9.098442790978638,0],[117.00789269229371,-9.098224892880074,0],[117.0077517889123,-9.097864563131044,0],[117.00775177071034,-9.097864517906212,0],[117.00775175796896,-9.097864485344337,0],[117.00775155956754,-9.097863977921687,0],[117.00762531357411,-9.097541128651368,0],[117.007584382703,-9.09716788582534,0],[117.00756353864773,-9.09697781011377,0],[117.00756353318644,-9.096977762175158,0],[117.0075418289959,-9.096779837190047,0],[117.00742227128559,-9.096579590534986,0],[117.00740246165492,-9.096546411006754,0],[117.00728154717753,-9.096343890406581,0],[117.00713895919579,-9.096139564798337,0],[117.00712107268711,-9.096113933304832,0],[117.00705533109853,-9.09601972774461,0],[117.00646112226141,-9.095233652125604,0],[117.00621472392487,-9.094968066790761,0],[117.00605043220843,-9.094847019732809,0],[117.00577993778579,-9.094656473085974,0],[117.00556749409951,-9.09440265255845,0],[117.0052160758855,-9.094081337084443,0],[117.00521590115578,-9.094081176989642,0],[117.00521501294627,-9.094080364757378,0],[117.00521500566109,-9.094080027377332,0],[117.0050959926774,-9.09414803512874,0],[117.00504042280903,-9.094266174126775,0],[117.0050403909586,-9.094266241965046,0],[117.00504001421362,-9.094267044265667,0],[117.00500301916351,-9.094257005680587,0],[117.00497506849635,-9.094210935130738,0],[117.004974956559,-9.094210750613374,0],[117.00496999127338,-9.094202566725146,0],[117.00493202905128,-9.094139988198062,0],[117.00488602663509,-9.09394203169319,0],[117.0047930839383,-9.0937688085695,0],[117.00479174341928,-9.093766309441358,0],[117.00477496372663,-9.093735034611564,0],[117.00477476261169,-9.09373529058894,0],[117.00443893205512,-9.09334792723408,0],[117.00426153782892,-9.093284433136864,0],[117.00413647756974,-9.093258932073315,0],[117.00397343595861,-9.093225687015357,0],[117.00396093384913,-9.093223138257763,0],[117.00388959850528,-9.093194129758281,0],[117.00370588595445,-9.093119423220172,0],[117.0036950519279,-9.093115017488824,0],[117.00369443128062,-9.093114765138356,0],[117.00351283738294,-9.093040920473975,0],[117.00336194555555,-9.092979561216946,0],[117.0031487141662,-9.092982737930633,0],[117.0029932900661,-9.092985054770624,0],[117.00299308439726,-9.092984967035374,0],[117.00282657093192,-9.092913871598306,0],[117.00278975533838,-9.092901126509117,0],[117.00276352895042,-9.09289204729278,0],[117.00276281002036,-9.092891798559494,0],[117.00273809793703,-9.092883243037969,0],[117.00273805243512,-9.092883227661721,0],[117.00273783584606,-9.092883152589467,0],[117.00273718698897,-9.09288292918174,0],[117.00256468989525,-9.092905578323021,0],[117.00245339861208,-9.092863270891481,0],[117.00245257229761,-9.092862957033976,0],[117.00241822200672,-9.092849898027604,0],[117.0024172000342,-9.092849509097453,0],[117.002318416942,-9.09290499023453,0],[117.00231819671416,-9.092905114153037,0],[117.0023165777665,-9.092906023190329,0],[117.00219655233875,-9.092771515071195,0],[117.00219070165969,-9.092761355711977,0],[117.0021905542324,-9.092761098833604,0],[117.00218996634338,-9.09276007855607,0],[117.00216256216396,-9.092712487311417,0],[117.00215974287892,-9.092713153947924,0],[117.0021596172942,-9.092713183797315,0],[117.00204193078888,-9.092741037786316,0],[117.00204186708649,-9.092741053163241,0],[117.00204129103493,-9.092741188842146,0],[117.00202081344825,-9.092746036195715,0],[117.00200827226845,-9.092749004848699,0],[117.0020082367771,-9.09274901298944,0],[117.00198794483653,-9.092753816019416,0],[117.0019315638174,-9.092794589575554,0],[117.00191172694154,-9.0928089360257,0],[117.00189990835622,-9.092817483654828,0],[117.001795354448,-9.092830961301209,0],[117.00148179311465,-9.092952691827266,0],[117.00138186041069,-9.092991487321054,0],[117.00134992001671,-9.093003887292506,0],[117.00132004180183,-9.093027142211902,0],[117.00126741911407,-9.093068098361075,0],[117.00126682304207,-9.09306856237394,0],[117.00120560689271,-9.093116208258913,0],[117.00120503447913,-9.09311597399416,0],[117.00118584542938,-9.09310810758166,0],[117.00118466238071,-9.093107622771125,0],[117.00110115189372,-9.093073390252071,0],[117.00092770225625,-9.092920563849246,0],[117.00091358029022,-9.092908120616752,0],[117.00091178205564,-9.092906536833903,0],[117.00072164887202,-9.09273901398408,0],[117.00072096997437,-9.09273335359633,0],[117.00071389524346,-9.09267440072109,0],[117.000712670316,-9.092664192485792,0],[117.00071082837474,-9.092648843048142,0],[117.0007101376581,-9.092648832195437,0],[117.0007095798066,-9.092648823151478,0],[117.00061874101563,-9.092647260333118,0],[117.00061451481278,-9.092647187979887,0],[117.00050106529152,-9.092645234423662,0],[117.0004174649121,-9.092635973307422,0],[117.00036047760318,-9.09262966083132,0],[117.00011943298426,-9.0926029582082,0],[117.00002331418312,-9.092575725405638,0],[117.00002321043915,-9.092575696461505,0],[117.00002317312773,-9.092575685607454,0],[117,-9.09256912071455,0],[116.99993710385483,-9.09255130377953,0],[116.99979221177776,-9.092510257311632,0],[116.9997412962635,-9.092486628003497,0],[116.99968834864951,-9.092462056192822,0],[116.99968787907186,-9.09246183820684,0],[116.99966515278825,-9.092451290759671,0],[116.99966514732787,-9.092451470756059,0],[116.99966514550775,-9.092451519599303,0],[116.99966442019101,-9.092472148632817,0],[116.99965775400757,-9.092661651363803,0],[116.99960468060304,-9.092806362983296,0],[116.99960355124936,-9.092806089821707,0],[116.99960335650182,-9.092806042787274,0],[116.99950503903538,-9.092782197215344,0],[116.99950484064772,-9.09278215018084,0],[116.99933551140268,-9.092712391812062,0],[116.99924453890178,-9.09267491439593,0],[116.99924417943821,-9.092674766056447,0],[116.99901804583708,-9.092633019017455,0],[116.99901802581644,-9.092632970174154,0],[116.99893998417664,-9.092554022089839,0],[116.99893996324468,-9.092554424594269,0],[116.9989397093457,-9.092554167714251,0],[116.99905666758943,-9.092336309080894,0],[116.99906469433218,-9.092243606434272,0],[116.9990431502906,-9.092204478417637,0],[116.99904036742032,-9.092199424039093,0],[116.9990126815964,-9.092149144368149,0],[116.99901256875275,-9.092148939949833,0],[116.99901249504038,-9.092148806082959,0],[116.9989444299639,-9.092152111856377,0],[116.99892379221455,-9.092153113987079,0],[116.99892198306712,-9.092153201718682,0],[116.99875260725479,-9.092246373284407,0],[116.99844390479385,-9.092412502441265,0],[116.99825445015786,-9.09241750078029,0],[116.9982448056114,-9.092417753995264,0],[116.99824366988825,-9.092417783838446,0],[116.99818690412114,-9.092345718068731,0],[116.9981858357477,-9.092344361306655,0],[116.99818403298136,-9.09234207109227,0],[116.99818401023064,-9.092342042148012,0],[116.9981049553535,-9.092207019121503,0],[116.99810494079307,-9.092206993795312,0],[116.99810418092159,-9.09220569492288,0],[116.99789945018692,-9.092274689405661,0],[116.99761761006778,-9.092386326142789,0],[116.99761715686948,-9.092386506136224,0],[116.99761631963565,-9.092386837179395,0],[116.99742056344903,-9.092331000784544,0],[116.9973232673731,-9.092299342425783,0],[116.99732167117703,-9.09229882322847,0],[116.99713185492318,-9.092237056790426,0],[116.99705102054106,-9.092200582905921,0],[116.99696420909594,-9.0921614126258,0],[116.99668409376702,-9.091924546683607,0],[116.9965459261037,-9.09164493591492,0],[116.99649966643467,-9.091643545250522,0],[116.9964586057801,-9.091642311110053,0],[116.99642091133506,-9.091641178302508,0],[116.99641893110493,-9.091641118585759,0],[116.99626923119531,-9.091598940038791,0],[116.99624404446767,-9.09157601601719,0],[116.99624401625694,-9.091575989786278,0],[116.99623382672179,-9.091566715796134,0],[116.99622177072877,-9.091555742222333,0],[116.99611905912163,-9.091462257885672,0],[116.99607160128033,-9.091431982705917,0],[116.99605615086537,-9.091422126153121,0],[116.99605601072142,-9.091422036605655,0],[116.99602407337504,-9.091401662293963,0],[116.99593015967004,-9.091341751399248,0],[116.99592999132224,-9.091341036838774,0],[116.99592979930009,-9.091341518937565,0],[116.99592974742868,-9.09134148637481,0],[116.99565521807264,-9.091272650411918,0],[116.99539050922529,-9.091183879085891,0],[116.99516218433187,-9.091104849565887,0],[116.99516158371407,-9.091104643330882,0],[116.99516131889625,-9.09110455197241,0],[116.9950607598365,-9.091149674548603,0],[116.99500050639733,-9.091169109721958,0],[116.99500046271564,-9.091169124193444,0],[116.99498654008424,-9.091173613963026,0],[116.99495840815916,-9.091182687565128,0],[116.99495827165576,-9.09118259439928,0],[116.99495799136882,-9.091182401735926,0],[116.99484564728236,-9.091105307433038,0],[116.99470858077096,-9.090943218251955,0],[116.99463019232591,-9.090774572228128,0],[116.9946290648345,-9.090772147234743,0],[116.99450420308165,-9.090542267343384,0],[116.99448464577534,-9.090414011914525,0],[116.99444497162118,-9.090152017031016,0],[116.99442016379503,-9.09006304234256,0],[116.9943919972542,-9.089962016885297,0],[116.99436327363381,-9.08992930412853,0],[116.9942909959497,-9.089846986752386,0],[116.9942913526887,-9.089846478426372,0],[116.99406224330221,-9.089670768413852,0],[116.99373352458005,-9.089536771408534,0],[116.99361648414093,-9.089538070961973,0],[116.99313397124425,-9.089543432245906,0],[116.9930907185523,-9.08954391262596,0],[116.9930520415593,-9.089540122921626,0],[116.99298410238704,-9.089502733017827,0],[116.99294092570675,-9.089478970848152,0],[116.99290747074507,-9.089460559911911,0],[116.99290434665625,-9.089458840387836,0],[116.99289585460642,-9.08944250034621,0],[116.99289564894814,-9.089442105073678,0],[116.99289563620826,-9.089442079747307,0],[116.99288747084645,-9.089426370151562,0],[116.9928607944242,-9.089375047132444,0],[116.99295850271109,-9.089208031342396,0],[116.99295898229616,-9.089207970749827,0],[116.99296798627644,-9.089198765779557,0],[116.99297307888526,-9.089193559548852,0],[116.99297734699367,-9.089189196300548,0],[116.99300002893955,-9.089166009759454,0],[116.99306124785542,-9.089090659358881,0],[116.99306436684974,-9.088884038894399,0],[116.99309291986344,-9.088691303961198,0],[116.99300725985776,-9.088470013448976,0],[116.99290732195699,-9.088327246308033,0],[116.99275936130327,-9.088092248557379,0],[116.99266461726437,-9.087941773260978,0],[116.9926289250315,-9.087863249773543,0],[116.99266461721635,-9.087720484371198,0],[116.99269317082722,-9.087549160893293,0],[116.99270744712362,-9.08742067085329,0],[116.99272172432751,-9.087156550323918,0],[116.99270744668574,-9.086992367952606,0],[116.99268603209822,-9.08685673793849,0],[116.9926503398567,-9.08664972592664,0],[116.9925218491708,-9.08640702026044,0],[116.99242905112106,-9.086221423007835,0],[116.99238622044255,-9.085950164742478,0],[116.99246635308423,-9.085597582283533,0],[116.99252898799976,-9.085321987277194,0],[116.99267664740414,-9.085092000010963,0],[116.99267695135909,-9.08509152605651,0],[116.99267712335754,-9.085091258326521,0],[116.99267729262591,-9.085090992405503,0],[116.99264320235663,-9.084786607742206,0],[116.99251471134362,-9.084679531652018,0],[116.99237908225697,-9.084615287291376,0],[116.99220062231727,-9.084558180320226,0],[116.99205890588115,-9.084634487628705,0],[116.99205821790179,-9.08463485846075,0],[116.99205816057017,-9.084634889212667,0],[116.99192222455878,-9.084708085096636,0],[116.99175804280436,-9.084729501007049,0],[116.99160590176709,-9.08481507907827,0],[116.99152961417983,-9.084857990645311,0],[116.99130832377763,-9.085015034623583,0],[116.9912743221534,-9.085044179672584,0],[116.99110845006112,-9.085186356597541,0],[116.9910085122436,-9.085471892761557,0],[116.99083005284375,-9.08567176670466,0],[116.99027325859544,-9.085978716806999,0],[116.98998772364627,-9.086057240003377,0],[116.98972360333387,-9.086128624323022,0],[116.98958797359826,-9.086242836822947,0],[116.98953086671591,-9.086478404416948,0],[116.98938809866249,-9.08662117185123,0],[116.9892310551081,-9.086699695451701,0],[116.98917022883829,-9.086747716523837,0],[116.98909542612755,-9.086806771222044,0],[116.98904269747567,-9.086964955767305,0],[116.98900976536613,-9.087063751118155,0],[116.98884558189204,-9.087306457323274,0],[116.98868087561324,-9.087614492193238,0],[116.98868096295969,-9.087614992387051,0],[116.98864300029828,-9.08767818081222,0],[116.98858945263804,-9.08776815836699,0],[116.9885682651071,-9.08783761823908,0],[116.98856420506345,-9.087851224576289,0],[116.98856397025263,-9.087852010583523,0],[116.98861700092658,-9.087909710596943,0],[116.98873302674224,-9.088035955014828,0],[116.98875833056171,-9.088074465082896,0],[116.98875910313498,-9.088075640962812,0],[116.98875922052244,-9.088075819153852,0],[116.98878300104016,-9.088112010927656,0],[116.98882325761778,-9.088204441688879,0],[116.98882327035723,-9.088204470633423,0],[116.98882329401616,-9.088204524904437,0],[116.9888254133108,-9.088209390300086,0],[116.98884700482246,-9.0882589650539,0],[116.98882976143186,-9.08835537115904,0],[116.98882975324011,-9.088355420906547,0],[116.98882827237425,-9.088363698888132,0],[116.98882826600304,-9.088363732354606,0],[116.98879799606932,-9.088532973298193,0],[116.98850998741631,-9.088802993359808,0],[116.98849252516202,-9.088824562532313,0],[116.98839007953063,-9.08895110220307,0],[116.98838906026133,-9.088952361241109,0],[116.9883574092151,-9.08899145563746,0],[116.98835697602553,-9.088991991090394,0],[116.988333938899,-9.089042780100018,0],[116.98833264839011,-9.089045626534903,0],[116.98833257194251,-9.089045794770323,0],[116.9883325400893,-9.089045865320685,0],[116.98833249003431,-9.089045975668649,0],[116.98832874774057,-9.089054225535918,0],[116.9883270331293,-9.089058005406022,0],[116.98818497885696,-9.089173030308595,0],[116.98795631328426,-9.089243863636986,0],[116.98791701065474,-9.089256037874671,0],[116.98791616797334,-9.089255945587297,0],[116.98791610063161,-9.089255938349025,0],[116.98789327088203,-9.089253430305453,0],[116.98776833290589,-9.089239704803516,0],[116.98776598231642,-9.08923944603639,0],[116.9875689341326,-9.089217799103347,0],[116.98751600174056,-9.089211984044969,0],[116.9873320076184,-9.089146957387625,0],[116.98729396620016,-9.08905797180235,0],[116.9873200425306,-9.088967655206382,0],[116.9873213567678,-9.08896310468913,0],[116.98732148054634,-9.088962676862728,0],[116.98733696924835,-9.088909031229413,0],[116.98736624463689,-9.08875706008454,0],[116.98736625373893,-9.088757009432596,0],[116.98737293726916,-9.08872231467397,0],[116.9873729745869,-9.088722122015758,0],[116.98737299461112,-9.088722017998421,0],[116.98728178279528,-9.088696193936249,0],[116.98728099745152,-9.088695971400735,0],[116.9872203705424,-9.088750999346502,0],[116.987219745335,-9.088751566449043,0],[116.98720926878772,-9.08876107513951,0],[116.98720497970075,-9.08876496797723,0],[116.98712615284309,-9.088829187749386,0],[116.98712412888776,-9.088830836589988,0],[116.98698398267639,-9.088945010859025,0],[116.98698110883342,-9.088944509660946,0],[116.98683125768166,-9.088918354150026,0],[116.98683122219089,-9.088918347817206,0],[116.98682983896082,-9.088918106264549,0],[116.98682902813316,-9.088917965132566,0],[116.98679536179016,-9.088891640116925,0],[116.98679535996358,-9.088891818304262,0],[116.98677592328612,-9.08887660654564,0],[116.9867548868315,-9.088860143797952,0],[116.9867544746018,-9.088859821779325,0],[116.98668157002021,-9.088802765685516,0],[116.98631551636362,-9.088456980811682,0],[116.98630594143,-9.088447936310258,0],[116.98630534446379,-9.088447678504027,0],[116.98627546430315,-9.088434780049353,0],[116.9861758846982,-9.08839219040159,0],[116.98617538965313,-9.088391978728746,0],[116.98617351867392,-9.088391178171221,0],[116.9862881707429,-9.088680116564833,0],[116.98628021388032,-9.088765360403178,0],[116.986273950352,-9.088832462654754,0],[116.98620469206695,-9.088853449073678,0],[116.98620437901457,-9.08885354403484,0],[116.98620255803253,-9.088854095713828,0],[116.98612234474955,-9.088830471533134,0],[116.98611866373862,-9.08882938779654,0],[116.98611859275748,-9.088829366085733,0],[116.98604818307649,-9.088808629440361,0],[116.98596909681274,-9.088798426309156,0],[116.98595877626768,-9.088797095385852,0],[116.98595776887474,-9.08879696509842,0],[116.985885545082,-9.088787647723162,0],[116.98588524750525,-9.088787608817952,0],[116.98588240460066,-9.088787242383598,0],[116.98583631089541,-9.088857120818195,0],[116.98583623444868,-9.088857237496315,0],[116.98583356336486,-9.088861286859983,0],[116.98582537537777,-9.088873699963884,0],[116.98580364631204,-9.088906641178667,0],[116.98565251428819,-9.089009089413985,0],[116.98565006087642,-9.089008640683215,0],[116.98564964499765,-9.089008564688465,0],[116.98549685278485,-9.08898063387601,0],[116.98541486280062,-9.088965645679743,0],[116.98541448333484,-9.088965276626684,0],[116.98539280100542,-9.08894421617769,0],[116.98538455922758,-9.088936209172557,0],[116.9853844909783,-9.088936144045478,0],[116.98537494336553,-9.088926868872292,0],[116.98534098073073,-9.088893879320509,0],[116.9851241158394,-9.08868171716875,0],[116.98494642797617,-9.088507883080522,0],[116.98480917396063,-9.088389478636168,0],[116.98479112296367,-9.08829739840388,0],[116.98481541921994,-9.088157433647696,0],[116.98481546655275,-9.088157158680255,0],[116.98481574417731,-9.088155559527513,0],[116.98482679545393,-9.088091897329294,0],[116.98491173541865,-9.08791338690018,0],[116.98502719759041,-9.087709761416162,0],[116.98506617885693,-9.087632966040907,0],[116.98508794199466,-9.08759009159836,0],[116.9850915632682,-9.087582957013106,0],[116.98509169614223,-9.087582695616678,0],[116.98513526335479,-9.087496864418627,0],[116.98514244169989,-9.087472559764596,0],[116.98514252088285,-9.087472291129918,0],[116.98518072528061,-9.087342936749144,0],[116.9851684367641,-9.087332836550223,0],[116.98516816740683,-9.087332614935603,0],[116.98513984758384,-9.087309342686051,0],[116.98502220492549,-9.08721266441179,0],[116.98468768825512,-9.087044140394427,0],[116.98465155512714,-9.087040369805527,0],[116.98452412729738,-9.08702707363215,0],[116.98452321182052,-9.087026978620326,0],[116.98449507774302,-9.0870240423084,0],[116.98439664669613,-9.087013771984997,0],[116.98436660896733,-9.087029286573966,0],[116.9843548676155,-9.087035350775139,0],[116.98435476933105,-9.087035401423186,0],[116.98428664090734,-9.087070589157854,0],[116.98417830863164,-9.087147713405626,0],[116.9839273350415,-9.0873263864443,0],[116.98364478286938,-9.087316983324223,0],[116.98364489117975,-9.087316590774027,0],[116.983645025885,-9.087316104156521,0],[116.98365685082491,-9.087273303522743,0],[116.98365767361918,-9.087270327739041,0],[116.98365782470758,-9.087269779615932,0],[116.98365783471944,-9.087269743436204,0],[116.9836609070687,-9.087267163926287,0],[116.98366199731579,-9.087266249520802,0],[116.98368029126144,-9.087250893658034,0],[116.98383616012877,-9.08712006308064,0],[116.98401239234128,-9.086970410584449,0],[116.98400151793422,-9.086880703136629,0],[116.98400032442426,-9.08687085755016,0],[116.98400029804333,-9.086870639563358,0],[116.98399066900357,-9.086791210961291,0],[116.98387813922918,-9.086696451899615,0],[116.98387811192958,-9.086696429285798,0],[116.98387797634176,-9.086696314407712,0],[116.98372036216995,-9.086667752196943,0],[116.98371123747499,-9.086666098355181,0],[116.98371074242822,-9.086666008787118,0],[116.9837098788264,-9.08666585226925,0],[116.98350265792324,-9.086671758423352,0],[116.98336729282016,-9.08674286715713,0],[116.98336683415889,-9.086743108638991,0],[116.98335603777566,-9.086741044971511,0],[116.98335224393539,-9.086740319385692,0],[116.98329583501936,-9.086729536920947,0],[116.98325120947332,-9.086689965506677,0],[116.9832510393066,-9.08668981444658,0],[116.9832464821144,-9.086685772910219,0],[116.98318832969328,-9.08663420622953,0],[116.98310101543342,-9.086219531988915,0],[116.98304860423025,-9.086075117230617,0],[116.98303316600945,-9.085973271988344,0],[116.98302613284312,-9.085926869661325,0],[116.98302339453923,-9.085908804764372,0],[116.98302166422225,-9.085897393451475,0],[116.98300909441105,-9.085814467867394,0],[116.98298297593169,-9.085642163009448,0],[116.98292688109896,-9.085632553644727,0],[116.98292679009796,-9.085632537359395,0],[116.98289747139891,-9.085627515080825,0],[116.9828968516609,-9.085627857859118,0],[116.98280956413848,-9.085676205872208,0],[116.98277031040894,-9.085697948316955,0],[116.98277024579603,-9.085697983589583,0],[116.98276533885196,-9.085700702299366,0],[116.98270413764153,-9.085734600244567,0],[116.9827035506646,-9.085734925838466,0],[116.98268414773031,-9.085725346212834,0],[116.98260102142916,-9.085684303973158,0],[116.98238359691695,-9.085562474839035,0],[116.98198031285207,-9.085397952866002,0],[116.98196884142808,-9.08537482049359,0],[116.981968744976,-9.085374626924807,0],[116.98196293419575,-9.085362909682425,0],[116.98193917515127,-9.085314999601408,0],[116.98190788573444,-9.085194391379957,0],[116.98180220292375,-9.085066181613808,0],[116.98174983666249,-9.085000342806985,0],[116.98170358169487,-9.084942187162817,0],[116.98171294408563,-9.084921265530662,0],[116.98171301598497,-9.08492110543691,0],[116.9817152239327,-9.08491617147364,0],[116.98172167576308,-9.084901754894217,0],[116.98174621164438,-9.084846926847822,0],[116.98189701590897,-9.084734801987501,0],[116.9820254817543,-9.084571780381575,0],[116.98198283304541,-9.084498188669137,0],[116.9819155476594,-9.084458481197366,0],[116.98191452574356,-9.084457877842004,0],[116.98191442382495,-9.084457818139638,0],[116.98186209682399,-9.084426937557025,0],[116.98186189753679,-9.08442681996149,0],[116.9818612314261,-9.084426427373282,0],[116.98143699868878,-9.084417987823285,0],[116.98143685581671,-9.084417985102492,0],[116.98105443719281,-9.084343100495984,0],[116.98092705292744,-9.084318155760174,0],[116.98092581453402,-9.084315591424218,0],[116.98086634255583,-9.084192408317985,0],[116.98086792626701,-9.084186989512329,0],[116.98091343609778,-9.08403129133093,0],[116.98089106987378,-9.084012574146225,0],[116.98088905610385,-9.084010888948248,0],[116.98088898785588,-9.084010831960882,0],[116.9808555982248,-9.083982889151613,0],[116.9807274760242,-9.083839762604596,0],[116.98058774124219,-9.0837138209873,0],[116.98007643936525,-9.083425689643274,0],[116.97990923061288,-9.08331975481706,0],[116.97980930274933,-9.083148354670703,0],[116.9798046540688,-9.083105738664782,0],[116.97980365269481,-9.083095950057242,0],[116.97980363177611,-9.083095743828963,0],[116.97980276500999,-9.083087273092524,0],[116.97979997462406,-9.083059996688027,0],[116.97973609741777,-9.082880170335105,0],[116.9797022230985,-9.082784808308578,0],[116.9797013268806,-9.082782283785498,0],[116.9796980832085,-9.082773152627947,0],[116.97969801496853,-9.0827729608691,0],[116.97964823515414,-9.082748566313695,0],[116.97948798867755,-9.082670038179005,0],[116.97908203417593,-9.082655002177207,0],[116.97908206511927,-9.082654950622201,0],[116.97908161375535,-9.08265493431525,0],[116.97894851589514,-9.082652057576865,0],[116.97892247781888,-9.082651494377291,0],[116.97883946865431,-9.082649700465767,0],[116.97812497634735,-9.08263425464451,0],[116.97709630869382,-9.082461687108315,0],[116.97700998977776,-9.08244720598731,0],[116.97698079259857,-9.082439888512123,0],[116.97698073162888,-9.082439874036206,0],[116.97698047410044,-9.08243980889561,0],[116.97693951979201,-9.082429545607766,0],[116.97657533890191,-9.082313809112762,0],[116.97649137776048,-9.08228712624889,0],[116.97648918923454,-9.082286431448189,0],[116.97624839137899,-9.082209905602554,0],[116.97562599664323,-9.081991397704963,0],[116.97542348829046,-9.081920301802835,0],[116.97540819423521,-9.081913738589906,0],[116.97540788575154,-9.081913606511401,0],[116.97539171993488,-9.081906668774021,0],[116.97538633921596,-9.081904360114786,0],[116.97537483159375,-9.081899421646506,0],[116.97514403895073,-9.08176872132745,0],[116.97514396888289,-9.081768681524466,0],[116.97514079126066,-9.081766882247837,0],[116.97511270497631,-9.081750976424374,0],[116.97507447713187,-9.081728266220477,0],[116.97507165713466,-9.081726590884827,0],[116.97507128495688,-9.081726370160215,0],[116.97474968169345,-9.08153531571508,0],[116.97441687739288,-9.081358633689602,0],[116.97423531978566,-9.081262245922295,0],[116.97398912607154,-9.081106896023698,0],[116.97385514566936,-9.08102235323115,0],[116.9733839903333,-9.080527926723319,0],[116.9733745852565,-9.080518056079285,0],[116.97337352609341,-9.080516945269936,0],[116.973373393242,-9.080516820438572,0],[116.97337291825262,-9.080516374482977,0],[116.97314514008431,-9.08030223433717,0],[116.97314493260951,-9.080302152916468,0],[116.9731449790294,-9.080302022671162,0],[116.97312423154052,-9.080293999090213,0],[116.97312410869358,-9.080293951142405,0],[116.97312406592462,-9.080293934858162,0],[116.97311996101587,-9.080292347149806,0],[116.97311943322885,-9.080292143597346,0],[116.97311940592955,-9.080292132741276,0],[116.97311901736913,-9.080291982564837,0],[116.9729020050779,-9.080329043998589,0],[116.97290094304662,-9.080329800085975,0],[116.97290087297259,-9.080329849828553,0],[116.97288061793253,-9.080344275180048,0],[116.97288056514947,-9.080344313165346,0],[116.97286629006382,-9.080354480550417,0],[116.97281517968133,-9.080390880362817,0],[116.9728150604644,-9.080390965377426,0],[116.97281503225277,-9.080390985274432,0],[116.97265602762937,-9.080385997723416,0],[116.97260963064859,-9.080355654435785,0],[116.97260897638823,-9.080355226555856,0],[116.97260292971238,-9.080351272510987,0],[116.97255203117554,-9.080317984714537,0],[116.97238201365165,-9.080088004213852,0],[116.97219999322203,-9.079825013712076,0],[116.97219399839827,-9.079726984809898,0],[116.97208401357076,-9.079458031798127,0],[116.9720759706663,-9.079450275052643,0],[116.97207537465965,-9.07944970064638,0],[116.971944004843,-9.079323005603541,0],[116.97176361378807,-9.07923742733562,0],[116.97176261828382,-9.07923695510704,0],[116.97174801512854,-9.079230027278237,0],[116.97167998955669,-9.079221759357184,0],[116.97167841526993,-9.079221567480065,0],[116.97151153723726,-9.079201284545677,0],[116.97151107587116,-9.079201228430374,0],[116.9715090229286,-9.079200978626876,0],[116.9714758853045,-9.079223216011027,0],[116.97147582888144,-9.079223253995837,0],[116.97147281661815,-9.079225275329382,0],[116.97142400065708,-9.079258035400306,0],[116.9710730127226,-9.079741005321974,0],[116.97096300383618,-9.079804027025816,0],[116.9708454119177,-9.079798739872315,0],[116.97082801182297,-9.079797957895273,0],[116.97082779434062,-9.07979785566884,0],[116.97054845429511,-9.079666711683062,0],[116.9705299746795,-9.079658035989496,0],[116.97052982272302,-9.07965786593028,0],[116.97050877175562,-9.07963422047006,0],[116.97049925673744,-9.079623532974907,0],[116.97049910842077,-9.079623365629498,0],[116.97043198465605,-9.079547970613067,0],[116.97041599229048,-9.079447973573858,0],[116.97038978403964,-9.079284095037284,0],[116.97038626050262,-9.079262065531438,0],[116.97038617591608,-9.079261534580112,0],[116.9703689857196,-9.079154045424975,0],[116.97039520508409,-9.079082373666404,0],[116.97039522874945,-9.079082308543969,0],[116.97040341968182,-9.079059919089696,0],[116.97044801787547,-9.078938008986743,0],[116.97049264578686,-9.078841809436213,0],[116.9704993709624,-9.07882731347674,0],[116.97049951021704,-9.078827012287803,0],[116.97053800271254,-9.078744038813133,0],[116.97059798192066,-9.078451043698847,0],[116.97062298381634,-9.07826502700324,0],[116.97061433040845,-9.078189621335786,0],[116.97061382571752,-9.078185221782407,0],[116.97061381389578,-9.078185120476887,0],[116.97061067117166,-9.078157727287286,0],[116.97061001189039,-9.078151985435904,0],[116.97060590746268,-9.078111403580015,0],[116.97060589564258,-9.078111282375383,0],[116.9706058838218,-9.0781111693113,0],[116.97060561104163,-9.078108476577672,0],[116.9705989906767,-9.07804301429739,0],[116.97054165390757,-9.077993639076729,0],[116.97054134089028,-9.077993369508954,0],[116.97053774119141,-9.077990269479706,0],[116.97045500455037,-9.077919020358227,0],[116.97043007932315,-9.077901546016573,0],[116.9704300465651,-9.077901523401298,0],[116.97042844597101,-9.07790040168542,0],[116.97041501244667,-9.077890983795179,0],[116.97035684794092,-9.077882133925097,0],[116.97026396473305,-9.077868001625333,0],[116.97026389284167,-9.077868020614089,0],[116.97026384279076,-9.077868033273083,0],[116.97016207555062,-9.077894705163088,0],[116.97015703496413,-9.077896026233363,0],[116.97010760462508,-9.077909113094753,0],[116.97010753182361,-9.077909132987909,0],[116.97010730431926,-9.077909192666631,0],[116.97005903424922,-9.077921972989127,0],[116.96981598388007,-9.077986972434386,0],[116.96957371667598,-9.078011830751148,0],[116.96957304782167,-9.078011899437834,0],[116.96957203589514,-9.078012003371631,0],[116.96954225232912,-9.07799330024704,0],[116.96954158806582,-9.077992883214817,0],[116.96952970503256,-9.07798542186591,0],[116.96952896797333,-9.07798495869784,0],[116.96946744291881,-9.07784622961429,0],[116.96946619282065,-9.077843410167413,0],[116.96927396634071,-9.077409970579003,0],[116.96906102840917,-9.077214981102944,0],[116.96884801564943,-9.077003985372157,0],[116.96883213640918,-9.07698081873687,0],[116.96883190256986,-9.076980476813974,0],[116.96882656975876,-9.076972696710333,0],[116.96876098466318,-9.076877011650549,0],[116.96840901720624,-9.076539036557449,0],[116.96820403034371,-9.076381034288435,0],[116.96812420200737,-9.076247440060877,0],[116.96812406097916,-9.076247204877243,0],[116.9681234395455,-9.076246163737585,0],[116.96806898358328,-9.076155030991536,0],[116.96801399691968,-9.075984018624613,0],[116.96800102219163,-9.075922977860884,0],[116.96796944985057,-9.075873315046628,0],[116.96796585406157,-9.075867660669509,0],[116.96796581129794,-9.075867592827867,0],[116.9678910331093,-9.075749969837176,0],[116.9674530050849,-9.075361978857874,0],[116.96745075119208,-9.075360252861199,0],[116.96743443071517,-9.075347759285803,0],[116.96743300667725,-9.075346668325619,0],[116.96716698561356,-9.075143015977558,0],[116.96709390658371,-9.075017639554389,0],[116.96709109697272,-9.075012818288567,0],[116.96709106603784,-9.075012765824486,0],[116.96705797486624,-9.074955993381879,0],[116.96681299967028,-9.074751957350696,0],[116.96671383768272,-9.0746971172255,0],[116.96671255375284,-9.074696407071947,0],[116.96657587940031,-9.074620821376644,0],[116.96655998997892,-9.074612033559289,0],[116.96583300667403,-9.074151034066093,0],[116.96577500563632,-9.074134027558728,0],[116.96577492647162,-9.074133982326062,0],[116.96577488825417,-9.07413396061434,0],[116.96577119572177,-9.074131854580328,0],[116.96552597362704,-9.073992025773645,0],[116.9653709752363,-9.073728040305173,0],[116.965426984599,-9.07337997298119,0],[116.96557123413457,-9.073166513397467,0],[116.965577003348,-9.07315797541078,0],[116.96558690101679,-9.0731701057588,0],[116.96558692649339,-9.073170137418881,0],[116.96559500986312,-9.07318004341734,0],[116.9656560128271,-9.073187011131322,0],[116.96565663078246,-9.073186222460754,0],[116.96565672452236,-9.07318610307486,0],[116.96566792143564,-9.073171817465484,0],[116.96584319856257,-9.072948197662328,0],[116.96585377659646,-9.072934702526819,0],[116.96585498156217,-9.072933164980345,0],[116.96585501614571,-9.072933121567324,0],[116.96585503798809,-9.072933092625194,0],[116.96597503031383,-9.072780006339123,0],[116.96598073889156,-9.072758102465025,0],[116.96598077439386,-9.072757965888027,0],[116.96598096920094,-9.072757218784764,0],[116.96598598867074,-9.072737956906462,0],[116.96598765904743,-9.07268375186671,0],[116.96599502422254,-9.072444673702217,0],[116.96599506529742,-9.072443339560657,0],[116.96599588405454,-9.072416769792456,0],[116.9659959990642,-9.072413034196105,0],[116.96599597631926,-9.072412984446196,0],[116.96599578162309,-9.072412555692559,0],[116.96599506743404,-9.072410980882323,0],[116.96599477538977,-9.072410337751856,0],[116.96598172074218,-9.072381559699814,0],[116.96592202912214,-9.0722499775567,0],[116.96565402836548,-9.071825917651157,0],[116.96560172045135,-9.071743151396499,0],[116.96560049398018,-9.071741211117084,0],[116.96552199894559,-9.071617006994543,0],[116.96542614618481,-9.071501081960202,0],[116.9654250406852,-9.071499744996716,0],[116.96538924070002,-9.071456448363731,0],[116.96486296298221,-9.07081996465108,0],[116.96409897238443,-9.069855976185607,0],[116.96357100527132,-9.069296962207513,0],[116.96346596876475,-9.069168991339362,0],[116.96292997379975,-9.068621008778464,0],[116.96280406345073,-9.068505505113574,0],[116.96279339774327,-9.068495720897097,0],[116.96279213390886,-9.068494561192459,0],[116.96257651877794,-9.068296767254093,0],[116.96253097529923,-9.068254988003817,0],[116.96252230639459,-9.068233474356433,0],[116.96251425338438,-9.068213488481764,0],[116.9625141069164,-9.068213124855529,0],[116.96251006312669,-9.068203088047827,0],[116.96248101516709,-9.068130999597322,0],[116.96243339050957,-9.06795015963286,0],[116.96241682826974,-9.06788727127989,0],[116.96241665635276,-9.06788661911373,0],[116.96236198135493,-9.06767900776282,0],[116.96231599661047,-9.067558999563895,0],[116.9621930320144,-9.067395035293746,0],[116.96192098107197,-9.067157983199861,0],[116.96174456263354,-9.067009140158975,0],[116.96172370979995,-9.066991546248644,0],[116.96172067987004,-9.066988990703349,0],[116.96135797119157,-9.066682973706621,0],[116.96134110399395,-9.066657502856248,0],[116.96133897955873,-9.066654295254935,0],[116.96133893770683,-9.066654232839634,0],[116.96130898090043,-9.066608997157068,0],[116.96076847189529,-9.066072942236152,0],[116.96076772671177,-9.066072204079672,0],[116.9605951490442,-9.065901046738219,0],[116.96058700116723,-9.065892966816339,0],[116.96038256558727,-9.065739698870056,0],[116.96033100473053,-9.065701042853059,0],[116.9600560292844,-9.065468963824296,0],[116.95992503078915,-9.06535998008667,0],[116.95984875716118,-9.065231389916345,0],[116.95982600409236,-9.065193030047977,0],[116.95976078739164,-9.065122837765612,0],[116.95974274675966,-9.065103420567338,0],[116.95974261937982,-9.065103283068463,0],[116.95962996282839,-9.064982030718253,0],[116.95938132543857,-9.064701745740336,0],[116.95938123172414,-9.064701639902763,0],[116.95934095725805,-9.064656240099286,0],[116.95926796828715,-9.064573960859384,0],[116.9591277653493,-9.064342582624029,0],[116.95912197906156,-9.064333033111215,0],[116.9590887505441,-9.064263254020574,0],[116.95908867867419,-9.064263102055591,0],[116.95902198241461,-9.064123039123668,0],[116.95899742560441,-9.064103831003418,0],[116.95899736191265,-9.06410378124847,0],[116.95895640539175,-9.064071746301206,0],[116.95883396260709,-9.063975974337897,0],[116.95846699576472,-9.063769023572792,0],[116.95846160088846,-9.06376651295709,0],[116.95845731064708,-9.063764516225959,0],[116.95845728516949,-9.063764504464476,0],[116.95843900865077,-9.063755998226464,0],[116.95835999985881,-9.063743962935968,0],[116.95826446584672,-9.06375044007091,0],[116.95826367144377,-9.063750493346127,0],[116.95823264240794,-9.063752597303735,0],[116.95812296474135,-9.063760033371969,0],[116.95805638133297,-9.063788565613432,0],[116.95805468507936,-9.063789292641554,0],[116.95803715742845,-9.06379680345606,0],[116.95796214642735,-9.06382894640484,0],[116.95784299912927,-9.063880002896385,0],[116.95770600241667,-9.06393506334168,0],[116.95770460919864,-9.063935623974158,0],[116.95769674584359,-9.06393878431245,0],[116.95754697624929,-9.063998978099534,0],[116.95733539757578,-9.064011312655024,0],[116.95730701473683,-9.064012967303224,0],[116.95714618857322,-9.064023027408867,0],[116.95714541509922,-9.064023076161583,0],[116.95713098389477,-9.064023978976712,0],[116.95710697163817,-9.06403301941019,0],[116.95674469300607,-9.064122198103615,0],[116.95674464659656,-9.0641222098567,0],[116.95674414883227,-9.064122331906129,0],[116.95671700838959,-9.064129012993304,0],[116.9561459856273,-9.06423502089721,0],[116.95593842667537,-9.064234995960582,0],[116.95593799080302,-9.06423499590809,0],[116.95586549560926,-9.064207226083388,0],[116.95582372024978,-9.064191223955072,0],[116.95581981123158,-9.064189726526244,0],[116.95579700862596,-9.064180991674672,0],[116.95579666743232,-9.064180644303283,0],[116.95564403295737,-9.064024976691023,0],[116.95556796636936,-9.063884978931213,0],[116.9555664072401,-9.063821306970771,0],[116.95556639275596,-9.063820694618679,0],[116.95556600251992,-9.063804767131167,0],[116.95556497939812,-9.063762986081537,0],[116.95559602968477,-9.06326199501302,0],[116.95567903509276,-9.063115957256086,0],[116.95598196419377,-9.062834674457717,0],[116.9559826285395,-9.062834056760233,0],[116.95598399909349,-9.062832785190068,0],[116.95599059340638,-9.062826660670511,0],[116.95600096720804,-9.062817028932153,0],[116.95600101635917,-9.062816919492874,0],[116.95600105094698,-9.062816842614042,0],[116.95600262105475,-9.062813329702642,0],[116.95600270570398,-9.062813140671128,0],[116.95600525792518,-9.062807432642423,0],[116.9560061499283,-9.062805437410065,0],[116.95602603522366,-9.062760963445234,0],[116.95596937115499,-9.062716000888619,0],[116.95595798593445,-9.06270696621996,0],[116.95579679341974,-9.062658984464369,0],[116.95570603194093,-9.062631967662595,0],[116.95570603198436,-9.062631613096356,0],[116.95570596486692,-9.062562969244716,0],[116.95583698928377,-9.062440991679749,0],[116.955857896684,-9.062431976280148,0],[116.95590772863778,-9.062410489422476,0],[116.95590818728091,-9.062410292295485,0],[116.95599697022652,-9.062372009827058,0],[116.95600101329364,-9.06232614192287,0],[116.9560010269625,-9.062325981827001,0],[116.95591864023542,-9.062236481923724,0],[116.95582802225219,-9.062138041777974,0],[116.95580327407977,-9.06212354679898,0],[116.95571867044902,-9.062073992269665,0],[116.9557182082236,-9.062073721766525,0],[116.95571701080524,-9.062073019725174,0],[116.95542497004693,-9.061901964846864,0],[116.955167997433,-9.061768005100186,0],[116.95511998889131,-9.0616590279806,0],[116.95511865709683,-9.061479990851105,0],[116.95511860876736,-9.061473479308152,0],[116.95511860430268,-9.061472793692232,0],[116.95511799568601,-9.061390985593283,0],[116.95512241852602,-9.061365330733908,0],[116.95512253235256,-9.061364669554138,0],[116.95512253872673,-9.0613646333747,0],[116.9551260527757,-9.061344252576978,0],[116.95512903411682,-9.0613269606011,0],[116.95516596328937,-9.06122803390282,0],[116.95521959539913,-9.061071792521458,0],[116.9552196727731,-9.061071568213482,0],[116.95522065405892,-9.061068708286243,0],[116.95524800443192,-9.060989031907308,0],[116.95523310488447,-9.060937129542761,0],[116.95523033708513,-9.060927490790462,0],[116.95523031343659,-9.060927407573027,0],[116.95519602839578,-9.060807978763675,0],[116.95521672013471,-9.060798343786654,0],[116.95522037472269,-9.060796641953878,0],[116.95535698403295,-9.0607330320853,0],[116.95546497094513,-9.060622988591454,0],[116.95557896942118,-9.060434993673644,0],[116.95557800094862,-9.060378022352173,0],[116.9555201950496,-9.060298236109155,0],[116.95552011134814,-9.060298120322251,0],[116.95552001036046,-9.060297981016081,0],[116.95509102910908,-9.060423991420913,0],[116.95507512325405,-9.06043757152842,0],[116.95499497603639,-9.060506002019745,0],[116.95495787746434,-9.060511361175843,0],[116.95495746706774,-9.060511420822722,0],[116.95495715767797,-9.060511465105447,0],[116.95489803054672,-9.060520007213471,0],[116.95469816266262,-9.060557722131382,0],[116.95469279016795,-9.06055873541741,0],[116.95468983183788,-9.060559294035809,0],[116.95464898941128,-9.06056700079414,0],[116.95452022211649,-9.060687767999285,0],[116.95452019845494,-9.060687789704485,0],[116.9545199918709,-9.060687984147567,0],[116.95440399364924,-9.060659030052712,0],[116.9543349720618,-9.060584957799586,0],[116.95432374614026,-9.060259308981152,0],[116.95432370987659,-9.060258244373284,0],[116.9543230598227,-9.060239379918816,0],[116.9543230117695,-9.060237999636943,0],[116.95432301086355,-9.060237967979132,0],[116.95439296473538,-9.060055033162842,0],[116.95442011656853,-9.059941432421319,0],[116.95442014206064,-9.0599413256928,0],[116.95442511120032,-9.059920534435886,0],[116.95445797779283,-9.059783020172127,0],[116.95443699502451,-9.059575023727753,0],[116.95443538272237,-9.059573977918308,0],[116.95443326816822,-9.059572605519731,0],[116.95443256483323,-9.059572149561225,0],[116.95443254117644,-9.059572134181677,0],[116.95432603008271,-9.059503025705537,0],[116.95425885775192,-9.059500902583602,0],[116.95421825771085,-9.059499620345962,0],[116.9542158572692,-9.059499544067263,0],[116.95417002321014,-9.059498095645045,0],[116.95416992766562,-9.059498092919572,0],[116.95416801131607,-9.059498032077753,0],[116.95409296509372,-9.05959695661954,0],[116.95406566042446,-9.059638024995769,0],[116.95406517532771,-9.059638753966617,0],[116.95406294005959,-9.05964211663885,0],[116.95395998116604,-9.05979697590747,0],[116.95395677733924,-9.05979608004371,0],[116.95393923317995,-9.059791177223923,0],[116.95393904573653,-9.059791124739002,0],[116.95391638692011,-9.059784792155284,0],[116.95389200289715,-9.05977797725124,0],[116.95383101136586,-9.059701009684515,0],[116.95383046376558,-9.059606845130293,0],[116.95383046377933,-9.059606737494098,0],[116.95383042281857,-9.05959971038302,0],[116.95382998296256,-9.059524033941415,0],[116.95392898205444,-9.059288020133943,0],[116.95406410409468,-9.05910310998529,0],[116.9542059771732,-9.058908962910193,0],[116.95421099212437,-9.05890005053652,0],[116.9542110394524,-9.05889996642338,0],[116.95421154003728,-9.058899077356719,0],[116.95421498315159,-9.058892957900524,0],[116.95421600084481,-9.05886847124451,0],[116.95421600358233,-9.05886841064294,0],[116.95421897177519,-9.05879701022393,0],[116.95419962459272,-9.058666364591032,0],[116.95419753167938,-9.058652231424581,0],[116.95418298675419,-9.058554013831666,0],[116.954144246561,-9.058425054479262,0],[116.95413567027606,-9.058396506294047,0],[116.95413543469897,-9.058395721153408,0],[116.95412501109006,-9.058361023905308,0],[116.9540722854929,-9.058314477752216,0],[116.95407066141738,-9.058313043906601,0],[116.9540448135969,-9.058290226310444,0],[116.95396303300349,-9.058218031037217,0],[116.95378899717286,-9.058119000989922,0],[116.95378896896656,-9.058118984705247,0],[116.95365001785319,-9.058043004924759,0],[116.95354954574152,-9.05798828857802,0],[116.95354926185777,-9.057988133871504,0],[116.9535490307473,-9.05798800811585,0],[116.9535034620956,-9.057990386609246,0],[116.95349200578082,-9.05799098484157,0],[116.95349130239148,-9.057990984752216,0],[116.95334072884353,-9.057990989111085,0],[116.95291899915792,-9.057991002055976,0],[116.95291892272233,-9.057991002046148,0],[116.95291702912183,-9.057991001802636,0],[116.95284273092535,-9.05796370239261,0],[116.95284198389434,-9.057963428231094,0],[116.95284131693491,-9.057963183024079,0],[116.95269396714392,-9.057909042903814,0],[116.95172796606472,-9.057563012952262,0],[116.95154768262974,-9.057483889192262,0],[116.95154332606383,-9.057481977394712,0],[116.95153760283928,-9.057479465728806,0],[116.95104903538642,-9.057265040069842,0],[116.95078356478035,-9.05702688967951,0],[116.95066007666614,-9.056916355098394,0],[116.9504910084424,-9.056853542380303,0],[116.95015124783963,-9.0568143709756,0],[116.94971566898235,-9.056764152946952,0],[116.9494462843198,-9.05673309491948,0],[116.9494062829081,-9.056728482746015,0],[116.9493067766596,-9.056717010702755,0],[116.94904674432206,-9.056687031847328,0],[116.94890060513407,-9.056670183150173,0],[116.94890042496809,-9.056670162321394,0],[116.94889899637936,-9.056669996597448,0],[116.94889876616725,-9.056669970334658,0],[116.94889800636348,-9.056669973846644,0],[116.94888299659016,-9.056691041312657,0],[116.94883600815815,-9.056824965846337,0],[116.94880318730424,-9.056928339953329,0],[116.94879917174839,-9.056940988002529,0],[116.94876296800926,-9.057055013998145,0],[116.94873122907653,-9.057087483126475,0],[116.94867696754686,-9.05714299319257,0],[116.94851336373156,-9.057131720884401,0],[116.94845997595188,-9.057128041984052,0],[116.94808897502476,-9.056880022900453,0],[116.94807202376198,-9.056834986956895,0],[116.94797997369797,-9.056727991646094,0],[116.94782485180069,-9.056614941612905,0],[116.94780988661711,-9.056604034756967,0],[116.94773299262806,-9.056547995979622,0],[116.94773180597814,-9.056548572885017,0],[116.94773171133733,-9.056548619001315,0],[116.9475953730657,-9.056614870854315,0],[116.94758899573019,-9.056617969683328,0],[116.94758792930268,-9.056617785011492,0],[116.9474050206418,-9.056586020577772,0],[116.94740369119894,-9.056586123500484,0],[116.94724637469874,-9.056598312604718,0],[116.94724479683835,-9.056598434485705,0],[116.94710796339572,-9.056609038168457,0],[116.94710791426908,-9.0566089676099,0],[116.94710778872353,-9.056608784881567,0],[116.94709003403129,-9.056582991235228,0],[116.9470890916605,-9.056580728025288,0],[116.94708857863228,-9.056579496918607,0],[116.94700302670158,-9.056373990753738,0],[116.94697522315879,-9.056245143478927,0],[116.94697518223907,-9.056244954431262,0],[116.94697498400616,-9.056244035424545,0],[116.9469406935266,-9.056251537856781,0],[116.94693227992406,-9.056253379116153,0],[116.94692501106627,-9.05625497089761,0],[116.94692359517835,-9.056255084660148,0],[116.9468827673708,-9.056258401894976,0],[116.94676496474702,-9.0562679698376,0],[116.94668002483584,-9.056289027040407,0],[116.94665288537044,-9.056341210365323,0],[116.94665261686104,-9.056341726799081,0],[116.94663916135534,-9.056367600943672,0],[116.94663910492271,-9.056367710380663,0],[116.94663897021283,-9.056367969954225,0],[116.94653903222658,-9.056336030841532,0],[116.94654083130114,-9.056273651854031,0],[116.94654099319213,-9.056268026755381,0],[116.94654075762475,-9.056267296784732,0],[116.9464980189667,-9.056134995698715,0],[116.9464898599547,-9.056039699380744,0],[116.94648984269551,-9.05603949857791,0],[116.94648894068132,-9.056028959143077,0],[116.94648603388728,-9.055995005374914,0],[116.94649337015271,-9.0559805976675,0],[116.94649692359917,-9.055973619018948,0],[116.94651200299005,-9.055944004079675,0],[116.94649274170835,-9.055861478667307,0],[116.94649267077756,-9.055861176551964,0],[116.94648703271002,-9.05583701908818,0],[116.94641742580073,-9.055744803575125,0],[116.9464173821321,-9.05574474568037,0],[116.94633602294375,-9.055636960980117,0],[116.9463357836179,-9.055637036923553,0],[116.94633540961429,-9.055637156263531,0],[116.94629847243786,-9.055648916662236,0],[116.946298112084,-9.055649031481652,0],[116.94628530860305,-9.055653108021207,0],[116.94627299196355,-9.055657029056706,0],[116.94613575439347,-9.055719512970743,0],[116.94612209615413,-9.055725731248877,0],[116.94596999089285,-9.055794984043951,0],[116.94596918560437,-9.055794916991696,0],[116.94590057684587,-9.055789217520415,0],[116.9458980144817,-9.05578900458299,0],[116.94589789437087,-9.05578899461568,0],[116.94583898183306,-9.055784103384505,0],[116.94583801093755,-9.055784020930865,0],[116.94585927392775,-9.055744983790145,0],[116.94586387312623,-9.0557365400027,0],[116.94589302474039,-9.055683015649931,0],[116.94604801694969,-9.055346993755224,0],[116.94596263047717,-9.055276354628052,0],[116.94596223106261,-9.055276024424453,0],[116.94596099278789,-9.05527499129594,0],[116.94576801928491,-9.055194032100832,0],[116.94571603260566,-9.055114985954969,0],[116.94565987809574,-9.055032068802161,0],[116.94550643811527,-9.054805507057765,0],[116.94548101005839,-9.05476796175317,0],[116.94547946239234,-9.05476702897713,0],[116.94545710084837,-9.054753549413196,0],[116.9454569862064,-9.05475348065367,0],[116.94543299420148,-9.054739017647462,0],[116.94531099290361,-9.054728961243168,0],[116.94486124437086,-9.054861772067513,0],[116.94484697314857,-9.054865986725464,0],[116.94482652597688,-9.05487144776625,0],[116.94471603571027,-9.054900964128617,0],[116.94461787173458,-9.054910897958775,0],[116.94461737944968,-9.054910947632163,0],[116.94461699180935,-9.054910987371805,0],[116.94455470592831,-9.05486092530183,0],[116.94451998782829,-9.05483301965363,0],[116.94451972947262,-9.054832581833615,0],[116.94447120592557,-9.054750351270481,0],[116.9444544755865,-9.054721999707803,0],[116.94445308829042,-9.054719647781914,0],[116.94435000904707,-9.054544966605798,0],[116.94431303435618,-9.054446028836654,0],[116.94416736461186,-9.05437810720573,0],[116.9441668932978,-9.054377887338935,0],[116.94416500622181,-9.054377006966954,0],[116.94410165266525,-9.054430156023946,0],[116.9440998025208,-9.054431708778331,0],[116.94407803215401,-9.054449971953048,0],[116.94405023030372,-9.054476769123399,0],[116.9440386286793,-9.054487951567225,0],[116.94403841663201,-9.054488155953164,0],[116.9439671432535,-9.054556858565185,0],[116.9439669676093,-9.054557026776422,0],[116.94385697134442,-9.054558005792888,0],[116.9438569340403,-9.054557984079032,0],[116.94385661286145,-9.05455779408355,0],[116.94377318551894,-9.054508481188293,0],[116.94376615234016,-9.054504323903638,0],[116.94370301933212,-9.05446700604774,0],[116.94370333968799,-9.05446663615405,0],[116.9437035845053,-9.054466353985811,0],[116.94374196805633,-9.054421976680489,0],[116.94372899465228,-9.054371967266293,0],[116.94372606643276,-9.05437221465104,0],[116.9437257106423,-9.054372244445073,0],[116.9437072432052,-9.054373799166482,0],[116.94369982802179,-9.05437442394486,0],[116.9436689688838,-9.054377022368255,0],[116.94354395240099,-9.054465001599977,0],[116.9435327816805,-9.054472862748236,0],[116.94353193443483,-9.054473458687038,0],[116.94341600826257,-9.054555042609545,0],[116.94341459712614,-9.054553901809527,0],[116.94341444882483,-9.054553782391835,0],[116.94325403425843,-9.054423982677179,0],[116.94323297113355,-9.054376765106767,0],[116.94322646554348,-9.054362181653362,0],[116.94321300592362,-9.054332006152503,0],[116.94312234485902,-9.054258616752435,0],[116.9431079978745,-9.05424700157219,0],[116.94310797421909,-9.054246982573892,0],[116.94310774490977,-9.054247014195976,0],[116.9431066775301,-9.054247157846623,0],[116.94301898404545,-9.054258996860689,0],[116.94301181592897,-9.05430862870098,0],[116.94301113637432,-9.054313333835236,0],[116.9430059896115,-9.054348975996138,0],[116.94299024282255,-9.054379826243604,0],[116.94298757679077,-9.05438504935051,0],[116.94298755403535,-9.054385093667753,0],[116.94295900500775,-9.05444102839334,0],[116.94295696629848,-9.054438093858524,0],[116.94295680618553,-9.054437864089078,0],[116.94290199393407,-9.054358998005895,0],[116.94282696877676,-9.054311960133344,0],[116.94282648099669,-9.054312297437923,0],[116.9428263481313,-9.054312388772278,0],[116.94276603631847,-9.054354002907727,0],[116.94275192992339,-9.054368886157594,0],[116.9427512173228,-9.05436963859515,0],[116.94273098965968,-9.054390983582376,0],[116.94270300339547,-9.054409518863821,0],[116.94269837587407,-9.054412584415042,0],[116.94266000339084,-9.054437997740333,0],[116.94260976728843,-9.054485336235881,0],[116.94260054641398,-9.054494025284047,0],[116.94255599280247,-9.054536009082804,0],[116.94248200834936,-9.054651003592397,0],[116.94248199287665,-9.05465102710713,0],[116.94245076673423,-9.054649584942005,0],[116.94237402214648,-9.054646036256969,0],[116.9422819683877,-9.054581996309427,0],[116.94226160357667,-9.05458439908537,0],[116.94222550653882,-9.054588659043075,0],[116.9421970303804,-9.054592020216639,0],[116.94203503436844,-9.054601037864755,0],[116.94199163018656,-9.054544922681078,0],[116.94198936399924,-9.054541992627446,0],[116.94197697138483,-9.054525970055344,0],[116.94198403512318,-9.054492627467614,0],[116.94198578625975,-9.054484362369775,0],[116.94198976296981,-9.054465590883481,0],[116.94200302716513,-9.054402985796678,0],[116.9420245177545,-9.054376655413114,0],[116.9420309795837,-9.05436873748637,0],[116.94207401990899,-9.054316002554351,0],[116.94220371792028,-9.054196365951451,0],[116.9422256970625,-9.054176091300075,0],[116.94229299685108,-9.054114011193636,0],[116.94229735933062,-9.054061146221189,0],[116.94229742041455,-9.054060405440428,0],[116.94230397279499,-9.05398098723116,0],[116.94224381254907,-9.053950910162644,0],[116.94224321203852,-9.053950609771965,0],[116.94222399479081,-9.053941002696888,0],[116.9421329914046,-9.05388202810977,0],[116.94210746566289,-9.053803582605227,0],[116.94210643157298,-9.053800405816826,0],[116.94209196887095,-9.053755957916264,0],[116.94208011534934,-9.053754567625441,0],[116.94206275499508,-9.053752530645983,0],[116.94206271859831,-9.053752526117702,0],[116.94206257028141,-9.053752508908625,0],[116.94204102338772,-9.053749981023687,0],[116.94198059511122,-9.053746162582348,0],[116.94190172715848,-9.053741179821067,0],[116.94189898918717,-9.05374100662615,0],[116.94178943476615,-9.053666704870487,0],[116.94176868684102,-9.053652633791323,0],[116.9417280098489,-9.053625046221876,0],[116.9416478230983,-9.053593893124997,0],[116.94160361116018,-9.053576717651364,0],[116.94158898394382,-9.053571035021635,0],[116.94158893581137,-9.053570451607603,0],[116.94158823290158,-9.05356189577351,0],[116.94158396730872,-9.053509992731447,0],[116.9417069893343,-9.053230035165454,0],[116.9418243120526,-9.053092832116638,0],[116.94182432844917,-9.053092721769513,0],[116.94182437035283,-9.053092431429727,0],[116.94185598628613,-9.052875657112992,0],[116.94172035706971,-9.052789995122282,0],[116.94150997865046,-9.052777620512419,0],[116.94147765172801,-9.052775718600396,0],[116.94133488397338,-9.052775719282042,0],[116.94098510406992,-9.052861378611167,0],[116.94077809012522,-9.052918485559902,0],[116.94071960217946,-9.052935687944213,0],[116.94053538522469,-9.052989870557608,0],[116.94026412706805,-9.052997009105885,0],[116.93973349925038,-9.052862364264959,0],[116.93954403562978,-9.052844984621437,0],[116.93941367698712,-9.052826520207866,0],[116.93940580624269,-9.052825405459199,0],[116.93937755709513,-9.052821403773496,0],[116.93936605488967,-9.052819774663602,0],[116.93913497168384,-9.052787040260199,0],[116.93913439841972,-9.052787073631679,0],[116.93913378511807,-9.052787109710009,0],[116.93864801098594,-9.052815988242864,0],[116.93834900185107,-9.052859979342692,0],[116.93824102238474,-9.052915033808258,0],[116.93823201665535,-9.052921001124636,0],[116.93813598992757,-9.052955498153855,0],[116.93812022707371,-9.052961160412266,0],[116.93807915829424,-9.052975913200564,0],[116.93807869874897,-9.052976078647482,0],[116.93807601700674,-9.052977043301999,0],[116.93803798376345,-9.052928021693502,0],[116.93801682755121,-9.052924087131537,0],[116.93801664738992,-9.052924053634339,0],[116.93800713614813,-9.052922284620252,0],[116.93798396267628,-9.052917974345048,0],[116.9379825558695,-9.052918255408226,0],[116.93798125461883,-9.052918514781133,0],[116.93798121367038,-9.052918522914753,0],[116.93787491331187,-9.052939720994026,0],[116.93787459846382,-9.052939783351537,0],[116.93784704743402,-9.052945278074205,0],[116.93770303443857,-9.052973995192314,0],[116.93764998255097,-9.052994966181641,0],[116.93755308861195,-9.053034559800793,0],[116.93755264271259,-9.053034741530466,0],[116.93755198478345,-9.05303501005658,0],[116.93751823690098,-9.053009949487452,0],[116.93751596053637,-9.053008258577584,0],[116.93751549198001,-9.05300791116738,0],[116.93751545194804,-9.053007881311858,0],[116.93748596474758,-9.052985986332773,0],[116.93740299315613,-9.052912992102417,0],[116.93740171640916,-9.052913622324894,0],[116.93740112399136,-9.052913914379069,0],[116.93738156328376,-9.052923553069217,0],[116.9373673561761,-9.05293055332537,0],[116.93732998015955,-9.052948970814441,0],[116.93730292678408,-9.053049434181625,0],[116.93730197620071,-9.053052964305575,0],[116.9372977549902,-9.05307410912267,0],[116.93727801957273,-9.053172963719225,0],[116.93724201168814,-9.053183081686793,0],[116.93724198165887,-9.053183089822204,0],[116.93724166316609,-9.053183179313725,0],[116.9372354889556,-9.053184914907249,0],[116.93719600585692,-9.053196010045696,0],[116.93719532888247,-9.053195910433972,0],[116.93719509867468,-9.053195876927791,0],[116.93694203030948,-9.053158979357661,0],[116.93678402762443,-9.053068970971388,0],[116.93670697066878,-9.053063984691882,0],[116.93663501154778,-9.053088026681927,0],[116.93642952018318,-9.053221999056243,0],[116.93642854917118,-9.053222632041868,0],[116.93642797493634,-9.05322300640764,0],[116.93636829877792,-9.053222324902805,0],[116.93636777920591,-9.05322231938551,0],[116.93633973870017,-9.053221998840925,0],[116.93625097561312,-9.053220985734246,0],[116.93605004331843,-9.053238771286159,0],[116.93604938178517,-9.053238829963554,0],[116.9360470359355,-9.053239037590346,0],[116.93590500759261,-9.053199040841859,0],[116.93589970383866,-9.053197585468324,0],[116.93585812910541,-9.05318617960752,0],[116.93585617738964,-9.053185643798273,0],[116.93568599962003,-9.053138956831718,0],[116.93547906060034,-9.0531122818377,0],[116.93544007078738,-9.053107255864933,0],[116.93543802621123,-9.053106989579854,0],[116.9349821374488,-9.053059001792693,0],[116.93471600934078,-9.053030988947762,0],[116.93458905599789,-9.05302185611728,0],[116.93428672688616,-9.053000105625163,0],[116.93428667684041,-9.053000101998153,0],[116.9342850317001,-9.052999984117276,0],[116.9341030125704,-9.052952022557129,0],[116.93406979033755,-9.052949915412162,0],[116.93402030958475,-9.052946776008458,0],[116.93401952250055,-9.052946726118874,0],[116.93401944697683,-9.052946721582744,0],[116.93378698326447,-9.052931979608939,0],[116.93378605133665,-9.052932826962488,0],[116.93378574918813,-9.052933101877667,0],[116.93367801867934,-9.053030983391116,0],[116.93360297463634,-9.05309499705346,0],[116.9336020056703,-9.05309437276878,0],[116.93360185736853,-9.053094276864272,0],[116.93358403840207,-9.053082796359067,0],[116.93357729385308,-9.053078450794496,0],[116.93354400691763,-9.053057004350162,0],[116.93355498200667,-9.05294595563304,0],[116.93355002716356,-9.052892796019638,0],[116.93354921709796,-9.052884103571248,0],[116.93354202731246,-9.05280695786528,0],[116.9335409776169,-9.052799995693121,0],[116.93348869015114,-9.052774827372401,0],[116.93348703512753,-9.05277403110674,0],[116.93348168864131,-9.052772475290348,0],[116.93324297026446,-9.052702998376727,0],[116.9331351180221,-9.052686098818112,0],[116.93309104574685,-9.052679193009325,0],[116.9330133114514,-9.052667011390223,0],[116.93301300390253,-9.052666964299679,0],[116.93300519771647,-9.052671149829857,0],[116.9329570246811,-9.052696978227091,0],[116.93288660209248,-9.052756318102873,0],[116.93288644555936,-9.052756450132046,0],[116.93281099022559,-9.052820027585339,0],[116.93244431095869,-9.052817275574702,0],[116.93244427547127,-9.052817275568156,0],[116.93244205432529,-9.052817258877429,0],[116.93228091978497,-9.052816049649918,0],[116.9322799916536,-9.052816042242306,0],[116.93223196556292,-9.052843976260268,0],[116.93220077638526,-9.052884307832077,0],[116.93219683723574,-9.052889401279954,0],[116.93219098858165,-9.052896962770793,0],[116.93197100705568,-9.053232966706858,0],[116.93189017813904,-9.053263522174817,0],[116.93186661551049,-9.053272428984318,0],[116.9318069759289,-9.053294973548244,0],[116.93153099984967,-9.053343032732093,0],[116.9314592124943,-9.053390149486674,0],[116.9314408777443,-9.053402183218846,0],[116.93144085226285,-9.053402200399693,0],[116.93144014606519,-9.053402663374499,0],[116.93139697608287,-9.053430997077003,0],[116.93138253838514,-9.05343927512343,0],[116.93138222897342,-9.053439452348607,0],[116.9313693019328,-9.05344686235192,0],[116.93135595991588,-9.05345451016202,0],[116.93135502895052,-9.053455043645979,0],[116.93127496628895,-9.053475014593745,0],[116.93108902644741,-9.053532042218073,0],[116.93106439471438,-9.05354038707635,0],[116.93106388056736,-9.053540561549216,0],[116.9309060119525,-9.05359404417659,0],[116.93090000910489,-9.05359404304423,0],[116.93078197409527,-9.053646019891756,0],[116.93065709525021,-9.053698889961542,0],[116.93063568726255,-9.05370795357862,0],[116.93058597522676,-9.053728999246877,0],[116.93051100122868,-9.05381797121399,0],[116.9304225597956,-9.053885012673769,0],[116.93042100721718,-9.053886190045345,0],[116.93029202578299,-9.053983961589203,0],[116.93017382461495,-9.054004667633405,0],[116.93015921963195,-9.054007226409182,0],[116.930029819474,-9.054029894857715,0],[116.93002902962188,-9.054030033096211,0],[116.92992960794507,-9.054021310031159,0],[116.92965297632661,-9.053997044291814,0],[116.92933800140317,-9.05394697263586,0],[116.92904560213402,-9.05398490987402,0],[116.92904499428057,-9.053984989352774,0],[116.92880100231226,-9.054047986960038,0],[116.92880082486545,-9.054048033055341,0],[116.92852597071747,-9.054118998600506,0],[116.92852499637098,-9.054118004358589,0],[116.92845900261646,-9.054130010546627,0],[116.9284589653076,-9.054130017775393,0],[116.92825274612132,-9.054112135158743,0],[116.92825270153511,-9.054112131531989,0],[116.92825097996331,-9.054111982855819,0],[116.92813221297966,-9.054034853172688,0],[116.92811559785223,-9.054024062777057,0],[116.9280770033043,-9.05399899767868,0],[116.9280296980674,-9.053959542892315,0],[116.92798979940679,-9.053926266425595,0],[116.92756499626233,-9.053571967369331,0],[116.9275184220126,-9.053526985226878,0],[116.92751840290757,-9.053526967132981,0],[116.92750633221486,-9.053515308378918,0],[116.92744699314396,-9.053457998905763,0],[116.92732498003154,-9.05314001472022,0],[116.92714647501164,-9.052938470757827,0],[116.92712897094482,-9.052918707443526,0],[116.9270229713568,-9.0527990256577,0],[116.92657903621378,-9.052661027863477,0],[116.92625198434192,-9.052606974029908,0],[116.92622838661393,-9.052600125788086,0],[116.92622800810395,-9.052600016266672,0],[116.92622797534838,-9.052600006310511,0],[116.92620803109249,-9.052588259999935,0],[116.92620770355576,-9.052588067274241,0],[116.92620756708216,-9.052587986745738,0],[116.92619647996531,-9.052581456694215,0],[116.92618896299857,-9.05257702943309,0],[116.92597464460708,-9.052394440646346,0],[116.92596070322449,-9.052382564381919,0],[116.92596066137499,-9.052382528193226,0],[116.925960064563,-9.052382019740376,0],[116.92581799607052,-9.052260984410628,0],[116.92575736193429,-9.052224858830753,0],[116.92575715176568,-9.052224733061859,0],[116.92575403107871,-9.052222873670084,0],[116.92572902009269,-9.052207972295,0],[116.9255479796293,-9.05215195930406,0],[116.92536347528969,-9.052125972395979,0],[116.92517003479404,-9.052098726306975,0],[116.92516977001166,-9.05209868826365,0],[116.9247583635212,-9.052040741862932,0],[116.92473203541034,-9.052037033408237,0],[116.92465425757504,-9.052035015749308,0],[116.92465422117795,-9.05203501483732,0],[116.92465416385242,-9.052035013921024,0],[116.92465342317179,-9.052034994774072,0],[116.92461681225696,-9.052034044747694,0],[116.9246160369991,-9.052034024689045,0],[116.9240295739409,-9.05202140870301,0],[116.9240112379856,-9.052021014153812,0],[116.92401100140444,-9.0520210086777,0],[116.92400903414045,-9.052020966662392,0],[116.92398809755242,-9.05202079769901,0],[116.92389689523097,-9.052020062396455,0],[116.92389677784995,-9.052020061467568,0],[116.92389401075168,-9.052020039184617,0],[116.92379921262213,-9.052078671248978,0],[116.9237843869884,-9.052087840757604,0],[116.92378414127475,-9.052087992663447,0],[116.92376801699784,-9.05209796600682,0],[116.92375024634579,-9.05215259626356,0],[116.92375023450889,-9.052152633345838,0],[116.9237479764147,-9.05215957495729,0],[116.92368798118606,-9.052344014698487,0],[116.92364796926498,-9.052393172578633,0],[116.92364770440584,-9.052393498145475,0],[116.92364540531975,-9.05239632243764,0],[116.92363101828204,-9.052413998002887,0],[116.92363007287919,-9.052413915495777,0],[116.92362983448115,-9.052413894642443,0],[116.92362980354402,-9.052413891922482,0],[116.92361234498368,-9.052412365094911,0],[116.92360128768313,-9.05241139858606,0],[116.92359021946365,-9.052410431170088,0],[116.92357399474989,-9.05240901223422,0],[116.92351843201962,-9.052376491798857,0],[116.92349702212923,-9.052363960828904,0],[116.92342173894131,-9.05231187361069,0],[116.92342157699704,-9.052311761418135,0],[116.92340690830052,-9.052301612511036,0],[116.92331202078718,-9.05223596082142,0],[116.92316498302986,-9.052119994992704,0],[116.92255003305887,-9.052079984942708,0],[116.92252197075592,-9.052079979913579,0],[116.92235468372346,-9.052146306271137,0],[116.92217671311377,-9.052216867891385,0],[116.9221750669058,-9.052217520594791,0],[116.9221749731748,-9.052217557659615,0],[116.92212649785252,-9.052236777149579,0],[116.92212646509222,-9.05223678980569,0],[116.92212599643698,-9.052236976034248,0],[116.92211018925124,-9.052248917575918,0],[116.92193403402806,-9.052381988946038,0],[116.92172997562903,-9.052598982444982,0],[116.92172884878254,-9.052600596746833,0],[116.92172871680152,-9.052600784855814,0],[116.92172836181743,-9.052601294016652,0],[116.92172833906226,-9.052601325669484,0],[116.92161198892545,-9.052767974953245,0],[116.92160353150041,-9.052816501680578,0],[116.92159478435397,-9.052866690826928,0],[116.92159476339882,-9.052866813835218,0],[116.92159452652191,-9.052868171447498,0],[116.92158201302341,-9.052939971140574,0],[116.92158499966068,-9.053014498522227,0],[116.92158508292336,-9.053016581616541,0],[116.92158509469002,-9.053016870156354,0],[116.92158798539364,-9.053089005099727,0],[116.92170198043115,-9.053335998414594,0],[116.92173099402191,-9.053443980878468,0],[116.9217270331814,-9.053485555632948,0],[116.9217269729895,-9.053486185155991,0],[116.92172694836411,-9.053486449266375,0],[116.92171099007813,-9.053653961200304,0],[116.92168871976925,-9.053719519528764,0],[116.92168869973813,-9.053719577412846,0],[116.92168662831382,-9.053725676051286,0],[116.92167803030944,-9.053750986802292,0],[116.92141096895443,-9.053854023339465,0],[116.9213676190056,-9.053860859334213,0],[116.92115097388393,-9.053895022067685,0],[116.92107698325427,-9.053936967051019,0],[116.92087446632966,-9.054114099719685,0],[116.92087441445338,-9.054114144933749,0],[116.9208743634872,-9.054114189243524,0],[116.9208510218653,-9.054134604318065,0],[116.92078197626329,-9.054194995891105,0],[116.92076279662574,-9.054207367187527,0],[116.9207052203923,-9.054244506388722,0],[116.92070403821654,-9.054245268630979,0],[116.92069798263688,-9.054249174783944,0],[116.92069197710305,-9.054253083661152,0],[116.92064865958284,-9.054269444020715,0],[116.92064735826459,-9.054269934885294,0],[116.92058551469653,-9.054293292096176,0],[116.92047085513903,-9.054339502828011,0],[116.92040996854256,-9.054364041501005,0],[116.92040920776721,-9.054364347963073,0],[116.92022838466528,-9.054605029206515,0],[116.92015197011855,-9.054706976559,0],[116.92009286204453,-9.0548607350335,0],[116.91998889813898,-9.055131174859667,0],[116.91988797794919,-9.0555120364418,0],[116.91987698932367,-9.055669023626411,0],[116.91940365463594,-9.055823181358171,0],[116.91901786277478,-9.056329006037457,0],[116.91890997922995,-9.05647849509957,0],[116.91887215178464,-9.05653216188093,0],[116.91874399095414,-9.056713988797904,0],[116.91869503460305,-9.056869974357971,0],[116.91867801238868,-9.056994992216744,0],[116.91866098925207,-9.05712001097809,0],[116.91864431526253,-9.05716525334605,0],[116.91855516896818,-9.057391245901634,0],[116.91850484469687,-9.057491106567625,0],[116.91848607140545,-9.057528361677631,0],[116.91845517311984,-9.057589675737628,0],[116.91845499378041,-9.05759003116829,0],[116.918380097197,-9.057657950067435,0],[116.91838002074583,-9.057658019697305,0],[116.91823019996305,-9.057649959687952,0],[116.91819961068212,-9.057648313891477,0],[116.91817978320131,-9.057647246667408,0],[116.9180829697725,-9.05764203677725,0],[116.9179920320564,-9.057631979124505,0],[116.9179502819207,-9.057631969770895,0],[116.91794965951775,-9.057631969631418,0],[116.9179111660783,-9.057631961003144,0],[116.91791002227636,-9.057631960746702,0],[116.91790970914927,-9.057632426496742,0],[116.91787592328657,-9.057682648814817,0],[116.91787444321464,-9.057684850048814,0],[116.91787426844589,-9.057685110507139,0],[116.91787424933085,-9.057685137638016,0],[116.91786896531076,-9.05769299298605,0],[116.91784790092669,-9.057713217522007,0],[116.91784377979185,-9.057717175617125,0],[116.91784320458065,-9.05771772723629,0],[116.91784317545621,-9.057717754364921,0],[116.91784312903872,-9.057717799579775,0],[116.91714098669134,-9.05839196090573,0],[116.91709198137121,-9.058435990173379,0],[116.9170900759404,-9.05843598974187,0],[116.91708868645003,-9.058435989427199,0],[116.91708702761507,-9.058435989051524,0],[116.91703812478619,-9.058457609216783,0],[116.9169968344389,-9.058475863628294,0],[116.91699659418818,-9.058475970305432,0],[116.91694902910795,-9.058496999215508,0],[116.91690543048014,-9.058577473105766,0],[116.91690539679772,-9.058577535508977,0],[116.91689277410254,-9.058600833603887,0],[116.91688402305782,-9.05861698698575,0],[116.91667800186357,-9.058857039264952,0],[116.91657237987991,-9.058930521637777,0],[116.91657166636527,-9.058931018048549,0],[116.91657151255906,-9.058931125649623,0],[116.91634600270878,-9.059088015795558,0],[116.91627054576117,-9.059128591834977,0],[116.91627032006562,-9.059128712987054,0],[116.9162702900335,-9.059128729261282,0],[116.9162356921702,-9.0591473333504,0],[116.91622698559743,-9.059152014886163,0],[116.91615854298753,-9.059186631817818,0],[116.91615834641533,-9.059186731268374,0],[116.91615794781059,-9.059186932881738,0],[116.91615784042393,-9.059186987127449,0],[116.91604898582334,-9.059242044739078,0],[116.91597484743309,-9.059266500927151,0],[116.9159737854402,-9.059266850726901,0],[116.91594746038942,-9.059275535169542,0],[116.91585201023005,-9.059307020775632,0],[116.91576998593092,-9.059356016144248,0],[116.9157438936079,-9.059412470258792,0],[116.91574374065914,-9.0594128012725,0],[116.91573457465917,-9.059432632248159,0],[116.91569003742526,-9.059528993403827,0],[116.91554383796313,-9.059585374595784,0],[116.91554379883164,-9.059585389963352,0],[116.9155435485726,-9.059585486687672,0],[116.91554351581141,-9.059585499343182,0],[116.91554072565118,-9.059586575060612,0],[116.91551099124138,-9.059598041847224,0],[116.91542799132225,-9.059654994748836,0],[116.91539917362458,-9.059699761096153,0],[116.91539848818245,-9.059700825540345,0],[116.91539845268146,-9.059700880706947,0],[116.91535203012094,-9.059772993408604,0],[116.91528280335814,-9.05978248464764,0],[116.91527948192926,-9.059782940654044,0],[116.91527836265327,-9.059783094160865,0],[116.91525294234833,-9.059786579666532,0],[116.91525266662445,-9.059786616687402,0],[116.91524998218189,-9.059786985104003,0],[116.91522901121137,-9.059621037015596,0],[116.91511001624605,-9.05959297611093,0],[116.91480567780302,-9.05964298243221,0],[116.9148037695622,-9.05964329585139,0],[116.91475679243825,-9.059651014816124,0],[116.91461702856728,-9.059673979286766,0],[116.91460997506817,-9.05967596664833,0],[116.9145010171445,-9.059719980667209,0],[116.91445929978165,-9.059826635595604,0],[116.91445603563213,-9.059834981606317,0],[116.91445602197449,-9.059835016878834,0],[116.91443802590165,-9.059881025754189,0],[116.91441169839389,-9.059945895230848,0],[116.91441154725354,-9.05994626875612,0],[116.91440609073145,-9.059959713853697,0],[116.91439746572948,-9.059980964994091,0],[116.91439733735135,-9.059981281540868,0],[116.9143970341606,-9.059982028591206,0],[116.91420995944112,-9.059968677714894,0],[116.91420919873443,-9.059968623266286,0],[116.91420593570274,-9.059968390948208,0],[116.91420000018836,-9.059967967153083,0],[116.91419982273987,-9.059968000578193,0],[116.91419678609432,-9.059968576940673,0],[116.91419093848175,-9.059969685397725,0],[116.91419068459366,-9.059969734181484,0],[116.91390998276243,-9.060022970758528,0],[116.91389457857896,-9.060025150610672,0],[116.91371824762155,-9.06005009966157,0],[116.91371390063465,-9.060050714604886,0],[116.91320299717044,-9.060123003066984,0],[116.9131607442211,-9.060127773354852,0],[116.91315932192742,-9.060127934019325,0],[116.91315902618497,-9.060127967415866,0],[116.91300797186972,-9.060179026136584,0],[116.91236090209968,-9.060520900428337,0],[116.91221581422964,-9.060597555931261,0],[116.91221575143476,-9.0605975893829,0],[116.91221499425667,-9.060597988992535,0],[116.91217534117948,-9.060613163406618,0],[116.91217331816523,-9.060613938082037,0],[116.91210202397514,-9.060641220739718,0],[116.9120319701561,-9.06066802972083,0],[116.9113679660202,-9.060810028781006,0],[116.91131401129701,-9.06083198975681,0],[116.9110389645479,-9.061029970713834,0],[116.91103361605548,-9.061032779710859,0],[116.9109929749725,-9.061054126097602,0],[116.91099293128912,-9.061054148699615,0],[116.91099289488629,-9.061054167685372,0],[116.9108770217697,-9.061115028051772,0],[116.91087353933123,-9.061115200868718,0],[116.91059439643975,-9.061129072113747,0],[116.91047616459338,-9.061134946917479,0],[116.91047498800768,-9.061135005422514,0],[116.9101872094792,-9.061116466735104,0],[116.91013396707434,-9.061113037350824,0],[116.91013387152442,-9.061113056321952,0],[116.91004434582379,-9.061130660418007,0],[116.9098799663142,-9.061162983168133,0],[116.90974554308377,-9.06121113211993,0],[116.90974517269925,-9.061211264086312,0],[116.90974514448796,-9.061211274933413,0],[116.90974507987552,-9.061211297530118,0],[116.90974290579925,-9.061212076677263,0],[116.90960899579336,-9.061260041185996,0],[116.90960732237274,-9.061260095947496,0],[116.9096072941639,-9.061260096845029,0],[116.90951137504567,-9.061263209965883,0],[116.90951115847463,-9.061263217148364,0],[116.90951089003592,-9.061263225222545,0],[116.90945697659315,-9.061264975673673,0],[116.90945680280832,-9.061264909601814,0],[116.90932578626193,-9.061215450492847,0],[116.90925816119325,-9.061189922170396,0],[116.90925476010504,-9.061188637834618,0],[116.90920001241312,-9.061167970790208,0],[116.90892065066008,-9.060970182924882,0],[116.90891819513199,-9.060968443855291,0],[116.90876110414995,-9.060857223883568,0],[116.90868597541548,-9.060804032919002,0],[116.90856459390535,-9.060689103350429,0],[116.90852200918691,-9.060648782541364,0],[116.90852133598304,-9.060648143792596,0],[116.90852123591198,-9.060648049699077,0],[116.90842297086954,-9.060555007644535,0],[116.90829311673005,-9.060484033903352,0],[116.90829303120641,-9.060483986847665,0],[116.90828563325556,-9.06048412157431,0],[116.90828386702891,-9.06048415369392,0],[116.90796498440386,-9.060489963788253,0],[116.90789797630967,-9.06050098008492,0],[116.90788068562962,-9.060507164356663,0],[116.90751497122623,-9.060637978420957,0],[116.90732600611226,-9.060761009325635,0],[116.90727902087298,-9.060816972713932,0],[116.90726899003583,-9.060839894850197,0],[116.90726896545246,-9.060839951827784,0],[116.90726681579247,-9.06084486274492,0],[116.90722999476864,-9.06092900583902,0],[116.90711405251835,-9.061387837202064,0],[116.9071135478905,-9.061389833316317,0],[116.90711199757085,-9.06139596908408,0],[116.90711198937429,-9.061395996217152,0],[116.9071111679192,-9.06139862630891,0],[116.9071110385994,-9.061399039634834,0],[116.9071105377117,-9.061400645003909,0],[116.90707825778671,-9.0615040280509,0],[116.9069780282496,-9.061825033985142,0],[116.90695184131965,-9.06187182369674,0],[116.90695121316122,-9.06187294512307,0],[116.90695119586414,-9.061872975871836,0],[116.90692600487763,-9.061917985769034,0],[116.90687999939435,-9.061960023592764,0],[116.90678889306722,-9.062015182432287,0],[116.90677763605613,-9.062021997722605,0],[116.90677744129488,-9.062022116163133,0],[116.9066950118204,-9.062072022015737,0],[116.90621003016545,-9.062226988967781,0],[116.90574703658228,-9.062359985990927,0],[116.90507603092064,-9.062568982003006,0],[116.90492975601794,-9.062624587356428,0],[116.90492897246551,-9.062624885639444,0],[116.90482358239561,-9.062664948609642,0],[116.90468401630159,-9.062718004000606,0],[116.90442102899728,-9.062801498078803,0],[116.90437512683164,-9.062816072130511,0],[116.90437405390055,-9.062816411943935,0],[116.90437391921517,-9.062816455324965,0],[116.90413899999253,-9.062891038115437,0],[116.90371273561394,-9.063026354077898,0],[116.90370914734156,-9.063027493714163,0],[116.90357199669829,-9.06307103120925,0],[116.90341395124025,-9.063129300233303,0],[116.90341295109637,-9.063129669007234,0],[116.90341292561509,-9.063129678045556,0],[116.9029700163889,-9.063292972308034,0],[116.90242245701774,-9.06344195962586,0],[116.90240714217367,-9.063446126212604,0],[116.90240658614705,-9.063446278021102,0],[116.90230048518092,-9.063475146822585,0],[116.90186003281072,-9.063594989790177,0],[116.90176354672977,-9.063619305023591,0],[116.90176145458726,-9.063619831788108,0],[116.90173889784923,-9.063625516874636,0],[116.90162200903553,-9.063654973222377,0],[116.90119139656849,-9.06374144361287,0],[116.90118272871543,-9.063743184252488,0],[116.90113898904409,-9.063751967840297,0],[116.90113854766979,-9.06375212600936,0],[116.90113844119398,-9.063752163969788,0],[116.89902702230373,-9.064509030369072,0],[116.89851702581235,-9.06473804367564,0],[116.8983369905265,-9.064812304165265,0],[116.8983364918088,-9.064812509349215,0],[116.8983364308341,-9.06481253465839,0],[116.89833432766444,-9.064813402398293,0],[116.89829902608396,-9.064827963249947,0],[116.89806333076835,-9.06494484918218,0],[116.89806301132644,-9.064945007381457,0],[116.89801771989525,-9.064934630042215,0],[116.89788399117288,-9.06490399064026,0],[116.89778471404445,-9.064865685191501,0],[116.89777123349451,-9.064860484142175,0],[116.89777062115581,-9.0648602478954,0],[116.89768765154642,-9.064828235092,0],[116.89768744682691,-9.064828156342871,0],[116.89768697187796,-9.064827972595634,0],[116.89745698572662,-9.064850970357824,0],[116.89737741455133,-9.064868129109364,0],[116.89734097555728,-9.064875986266339,0],[116.89734044148857,-9.064875704815591,0],[116.89713398803961,-9.064766957950699,0],[116.89675398030317,-9.06462595805732,0],[116.89608901220902,-9.064337587443658,0],[116.89583310548007,-9.064226610669316,0],[116.8958300665869,-9.064225292845615,0],[116.89582857261613,-9.064224644795072,0],[116.89558501996078,-9.064119025127361,0],[116.89491803397992,-9.063888957084123,0],[116.89466424301727,-9.063798699588219,0],[116.89465137477485,-9.063794122708916,0],[116.8946505649936,-9.063793834843347,0],[116.89456098500209,-9.063761976815224,0],[116.89452180146446,-9.063736059609736,0],[116.89451927863037,-9.063734390976258,0],[116.89447299149772,-9.063703775530595,0],[116.89430096668586,-9.063589991678718,0],[116.89427830669798,-9.063571856149423,0],[116.89427804287115,-9.06357164532366,0],[116.89427802012744,-9.063571627226997,0],[116.89427598684229,-9.063569999435993,0],[116.89421812546483,-9.063637513015571,0],[116.89421794158987,-9.063637728234479,0],[116.89421419855461,-9.063642095908843,0],[116.89416797588552,-9.063696029901385,0],[116.8939839319293,-9.063872502422441,0],[116.89398388641877,-9.06387254492096,0],[116.89398315551432,-9.063873246604624,0],[116.8939740597162,-9.063881967914275,0],[116.89397403423014,-9.063881992328518,0],[116.89397400328802,-9.063882004078105,0],[116.89396919452565,-9.06388380536197,0],[116.89393582713745,-9.063896304082833,0],[116.8938379819108,-9.063932956074689,0],[116.89383734314309,-9.063932870865948,0],[116.893740966572,-9.063919996213501,0],[116.89361332324381,-9.063806783006337,0],[116.89361303577128,-9.063806527852503,0],[116.8936000149009,-9.063794978971876,0],[116.89359939938964,-9.063793170688546,0],[116.89355600356578,-9.063665755904516,0],[116.89355300965427,-9.063656965059488,0],[116.89363639718324,-9.063602436837224,0],[116.89363693143262,-9.063602087853807,0],[116.89363698422044,-9.063602053497995,0],[116.89365362968634,-9.063591169007271,0],[116.89374100630708,-9.063534032424672,0],[116.8938020370055,-9.063436020855306,0],[116.89365702782032,-9.063125958934924,0],[116.89365692414992,-9.063125738205711,0],[116.89365533636018,-9.06312234223451,0],[116.89360699698938,-9.063018982216612,0],[116.89345975129983,-9.06255196271115,0],[116.89343203078425,-9.062464040421709,0],[116.89342191676911,-9.062448055786492,0],[116.89342120096647,-9.062446923138408,0],[116.89340995640198,-9.062429151777216,0],[116.89333147277611,-9.062305105966935,0],[116.89318401120168,-9.062072037271482,0],[116.8931369729224,-9.062043989326732,0],[116.89313638937926,-9.062044872857232,0],[116.89313634386141,-9.062044940681778,0],[116.89305382847971,-9.062169821412224,0],[116.89305369101473,-9.062170029408088,0],[116.89304493149022,-9.062183285979476,0],[116.89294998137031,-9.062326985788667,0],[116.8928472515166,-9.062343178011258,0],[116.89273001534873,-9.062361656158354,0],[116.89272997894884,-9.062361661574704,0],[116.89272970139878,-9.062361705814073,0],[116.89268997718042,-9.062367966906235,0],[116.89254137551438,-9.06229515139395,0],[116.89230126471897,-9.062177495228877,0],[116.89229929040111,-9.062176527732557,0],[116.89223496403739,-9.062145007618811,0],[116.89220157817661,-9.062128246363379,0],[116.89220060921802,-9.062127759454553,0],[116.89197200964054,-9.062012990930217,0],[116.89171233600777,-9.061928992453257,0],[116.89156825480399,-9.061882384998231,0],[116.89155506445226,-9.06187811906487,0],[116.89150329116586,-9.061861371291705,0],[116.89150034774438,-9.061860418880393,0],[116.89126098711824,-9.061782990999909,0],[116.89125985866833,-9.061783339803359,0],[116.89125983227717,-9.061783347936043,0],[116.89125945370057,-9.061783464504634,0],[116.89097648298568,-9.061870928207737,0],[116.8909646642873,-9.061874580693724,0],[116.89096435487339,-9.061874676479015,0],[116.89087602904588,-9.061901977041314,0],[116.89069398118575,-9.06195699527527,0],[116.89050275751163,-9.06193910490218,0],[116.89050197497166,-9.061939031403192,0],[116.89026402908803,-9.061740010765666,0],[116.89014403902809,-9.06169703703796,0],[116.89014398898604,-9.061697018932865,0],[116.89013934078963,-9.06169749330692,0],[116.8901387966193,-9.061697549222831,0],[116.89013747714311,-9.061697683597911,0],[116.89012327229808,-9.061699134681131,0],[116.89007600592619,-9.061703961395176,0],[116.89004634757703,-9.061737444475844,0],[116.89004551923347,-9.061738378580047,0],[116.88985097754788,-9.061958007921572,0],[116.88975447957603,-9.062002320384492,0],[116.8897543958482,-9.062002359252944,0],[116.88975414193487,-9.062002475857524,0],[116.88975297065731,-9.062003013684794,0],[116.88975034538555,-9.062000187222184,0],[116.88963066542397,-9.061871326204061,0],[116.88962111311669,-9.061861042726083,0],[116.88962076471825,-9.061860667251674,0],[116.88945203528426,-9.061678994551636,0],[116.8893982651538,-9.061604482417982,0],[116.88939820603164,-9.061604400994721,0],[116.88939259216818,-9.061596620560167,0],[116.88936398256851,-9.061556975624724,0],[116.88928869010486,-9.061491762509624,0],[116.88928795414637,-9.061491125515888,0],[116.88928546153097,-9.061488966614316,0],[116.88928199279312,-9.061485961705806,0],[116.8890420008751,-9.061602997924181,0],[116.88897709501578,-9.061631556056971,0],[116.88896915458379,-9.0616350495576,0],[116.888968750509,-9.06163522762238,0],[116.8889670322815,-9.061635983266775,0],[116.88893612835176,-9.061600529075797,0],[116.88882605714323,-9.061474249454522,0],[116.88882437704943,-9.061472321445287,0],[116.88882420603831,-9.061472125115879,0],[116.88868200484184,-9.061308985275899,0],[116.88858996485182,-9.061226032306136,0],[116.88845149855968,-9.061256774938089,0],[116.88829303735656,-9.061291957054246,0],[116.88822185838265,-9.061305431432563,0],[116.88822090742478,-9.061305611138502,0],[116.88822074817327,-9.061305641843015,0],[116.88822070358302,-9.061305649969936,0],[116.88782802793355,-9.0613799850139,0],[116.88779031076011,-9.06137562549957,0],[116.88778946362284,-9.06137552755337,0],[116.88774962542234,-9.06137092316837,0],[116.88757697503407,-9.061350969270281,0],[116.8872306930235,-9.061207177696975,0],[116.88720630759211,-9.061197051492293,0],[116.88720332878813,-9.061195815021293,0],[116.88699899326714,-9.061110965560163,0],[116.88687617768262,-9.061038316724009,0],[116.8868758374228,-9.061038115818876,0],[116.88684342541279,-9.061018942970058,0],[116.88675900463419,-9.060969005404857,0],[116.88667402389251,-9.060867964959112,0],[116.88673339547641,-9.060513937710008,0],[116.88673822177637,-9.060485160587291,0],[116.88673823453951,-9.060485084612866,0],[116.88673838860952,-9.06048416477959,0],[116.88681001358503,-9.060057075434015,0],[116.88688398406168,-9.059615997721615,0],[116.88692131916227,-9.059339975303308,0],[116.88692143681608,-9.059339110633392,0],[116.88692497195088,-9.059312973355667,0],[116.88692474419632,-9.059308006651353,0],[116.88692473425391,-9.059307792280737,0],[116.88692199123722,-9.059248041678096,0],[116.88690100769165,-9.059164023917203,0],[116.88683306308359,-9.05905813700389,0],[116.88683298577557,-9.059058016680902,0],[116.8868257215302,-9.05905550805336,0],[116.88638403668165,-9.05890296857115,0],[116.88616837341867,-9.058874250493249,0],[116.8861482225505,-9.058871566893815,0],[116.88614812973978,-9.058871554201893,0],[116.8861469450369,-9.058871396449682,0],[116.88597902660649,-9.058849036395713,0],[116.88593459547725,-9.058846727826898,0],[116.8859344025714,-9.058846717817245,0],[116.88590897084804,-9.058845396551959,0],[116.8859019689121,-9.058845032567973,0],[116.8859001205269,-9.05884592202427,0],[116.88579397988212,-9.058896996142398,0],[116.88565956061736,-9.058957101015356,0],[116.88565849946781,-9.058957574644232,0],[116.88564713988606,-9.058962654410985,0],[116.88556802414999,-9.058998030183737,0],[116.88536399517598,-9.059044990631216,0],[116.88533728962192,-9.059060549693156,0],[116.88533272447638,-9.059063209315264,0],[116.88533265075678,-9.059063252708379,0],[116.88529697781892,-9.059084036089416,0],[116.885271368642,-9.059131484697602,0],[116.88527132220766,-9.059131569706457,0],[116.88527047727862,-9.059133135138797,0],[116.88525598601558,-9.059159985332943,0],[116.88504232067767,-9.05946995165339,0],[116.88487201502309,-9.059717016868587,0],[116.88485487286118,-9.0597329370853,0],[116.8848548027743,-9.059733002187562,0],[116.88483456222401,-9.059751798657057,0],[116.88473203688982,-9.059847014314554,0],[116.88459722135555,-9.059858368591833,0],[116.88459591554133,-9.059858478529684,0],[116.88432472384137,-9.05988131940297,0],[116.88421001691611,-9.059890980327605,0],[116.88412649445827,-9.059899199359581,0],[116.88412640619015,-9.059899208376686,0],[116.88407916642905,-9.059903856139679,0],[116.88407797253583,-9.059903974251663,0],[116.88407785878852,-9.05990398506969,0],[116.88404696498671,-9.059907025273418,0],[116.88403600717336,-9.059918959450409,0],[116.88398032385018,-9.060253046709585,0],[116.88398028920702,-9.060253249307578,0],[116.88397881679987,-9.060262087657073,0],[116.8839669928781,-9.060333025991627,0],[116.88396164224966,-9.06037591588997,0],[116.88395202297468,-9.060453023641804,0],[116.88391246815068,-9.06056677874581,0],[116.88391231422705,-9.060567220095084,0],[116.88390697242491,-9.060582582310893,0],[116.88386197466752,-9.060711991746684,0],[116.88379019344681,-9.0608523290341,0],[116.88378488690587,-9.060862704726873,0],[116.88378440888026,-9.06086363892801,0],[116.883729984042,-9.060970042902955,0],[116.88362234877998,-9.061237435330334,0],[116.88362207466464,-9.061238116334872,0],[116.88359962270425,-9.061293890877089,0],[116.88359796981543,-9.061297997705225,0],[116.88348100695487,-9.061719012638884,0],[116.88331597783971,-9.062044967802128,0],[116.88323728497878,-9.062134703891685,0],[116.88323707561175,-9.062134942613993,0],[116.88323701371164,-9.062135014050092,0],[116.88322598220468,-9.062140979353462,0],[116.88315384156307,-9.062138825315266,0],[116.88265405017212,-9.062123898462833,0],[116.8826276844451,-9.0621231103251,0],[116.88262301823447,-9.062122971343875,0],[116.88219699911762,-9.062056998311485,0],[116.88213297706801,-9.06203549210527,0],[116.88210945091159,-9.062027589110498,0],[116.88210933990906,-9.062027551990061,0],[116.88206900597807,-9.06201400308991,0],[116.88200900698169,-9.061927981684816,0],[116.88196420574336,-9.061865326705705,0],[116.88194536370582,-9.061838976943996,0],[116.88194497078433,-9.061838427783215,0],[116.8818910332395,-9.061762996439828,0],[116.88186230139105,-9.061707317647494,0],[116.88186207313713,-9.06170687436676,0],[116.88185822191498,-9.061699411868576,0],[116.88179400065383,-9.061574955777674,0],[116.88175503341574,-9.061506123084362,0],[116.88175499158179,-9.061506049806011,0],[116.8817540794241,-9.061504438589353,0],[116.88173798343482,-9.061476005726425,0],[116.88169347035412,-9.061439606754673,0],[116.88169333207834,-9.061439492742439,0],[116.88168428409158,-9.061432093686784,0],[116.8816829986696,-9.061431043141871,0],[116.88168071620426,-9.061429177316352,0],[116.88166666116817,-9.061417684664582,0],[116.88166639644217,-9.061417468402485,0],[116.88155697642355,-9.061328001060796,0],[116.88095401115831,-9.061088973817581,0],[116.8806320009001,-9.060991020581737,0],[116.88028101480108,-9.060929955026314,0],[116.88021214445745,-9.060904103471797,0],[116.88014775235561,-9.060879933035093,0],[116.88014658867027,-9.060879496683029,0],[116.87999599927709,-9.060822971004722,0],[116.87985791716231,-9.060731047981955,0],[116.87985782709686,-9.060730988255115,0],[116.87981786171737,-9.06070438271213,0],[116.87960403657523,-9.060562036648662,0],[116.87928300634663,-9.060452959868417,0],[116.87928247861139,-9.060452849344847,0],[116.87925335672827,-9.060446741572125,0],[116.87920700156369,-9.060437020043228,0],[116.87920445276508,-9.06043708975342,0],[116.87918343359416,-9.06043766350781,0],[116.87917267240456,-9.06043795753753,0],[116.87917189347887,-9.060437978083996,0],[116.87917183342144,-9.060437979873177,0],[116.87917098624844,-9.060438003110622,0],[116.8791255570824,-9.060432009338768,0],[116.87912222316565,-9.060431569553275,0],[116.87893599244649,-9.060406997751297,0],[116.87866663478671,-9.060363868637067,0],[116.87866484227823,-9.06036358131506,0],[116.87831797736473,-9.06030804086898,0],[116.87821130807497,-9.060257346829747,0],[116.87821086954848,-9.060257138647888,0],[116.87816817509285,-9.060236848170657,0],[116.87797903198893,-9.060146958861734,0],[116.87780478783833,-9.060094088547975,0],[116.87778187125205,-9.060087135209807,0],[116.877781596475,-9.060087051903684,0],[116.87770901531161,-9.060065028312787,0],[116.87724398963829,-9.059975977992622,0],[116.87721250601383,-9.059968645472173,0],[116.87720920315398,-9.059967876440254,0],[116.87707449016163,-9.05993650101226,0],[116.8769780193831,-9.05991403328287,0],[116.87692390941974,-9.059897270008891,0],[116.87690504540535,-9.059891425996257,0],[116.87690501901957,-9.059891417846845,0],[116.87683599563923,-9.059870033860085,0],[116.8765779850109,-9.059789011025119,0],[116.87625672506951,-9.059627370795722,0],[116.87601095817548,-9.059503715188239,0],[116.87600881015527,-9.05950263448278,0],[116.8759240338772,-9.059459979193266,0],[116.8759233287379,-9.059459770918322,0],[116.87583941535843,-9.059434953627232,0],[116.87583900683283,-9.059434832285124,0],[116.87583824983182,-9.059434608615863,0],[116.87506199317257,-9.059205029202515,0],[116.87500382332586,-9.059185316482198,0],[116.87500002291537,-9.059184028979718,0],[116.87497708580912,-9.059176221608208,0],[116.87497350649255,-9.059175002923292,0],[116.87452399491852,-9.05902199155502,0],[116.87416703033055,-9.058901956212551,0],[116.87359597088037,-9.058641045230628,0],[116.87350983432768,-9.058586511873909,0],[116.87350923207596,-9.058586130869605,0],[116.87344050170863,-9.058542617656297,0],[116.87340002895591,-9.058516994439257,0],[116.87339956943657,-9.058516983426307,0],[116.8733985584936,-9.05851696046412,0],[116.87237298764927,-9.058493034811066,0],[116.87226002502223,-9.058389995017334,0],[116.87212988175604,-9.058245789732682,0],[116.87212931417191,-9.058245160904145,0],[116.8720266851753,-9.058131442455279,0],[116.87189003398842,-9.05798002591384,0],[116.8713110022798,-9.057569985739343,0],[116.87109402665608,-9.057473735308362,0],[116.87108500598549,-9.057469733320028,0],[116.87108432818415,-9.057469432786045,0],[116.87087603217358,-9.05737703213853,0],[116.87068100129024,-9.057229017201074,0],[116.87058944665017,-9.057154569498053,0],[116.87058809213873,-9.057153467333391,0],[116.87051500219016,-9.057094033668507,0],[116.87045274132645,-9.0570630332871,0],[116.87045079439524,-9.057062063874444,0],[116.87006132466834,-9.056868141309744,0],[116.87006127644983,-9.056868117775533,0],[116.87006098623016,-9.056867972951895,0],[116.87001833883808,-9.056860933437154,0],[116.87001214522607,-9.056859910957956,0],[116.8696129944399,-9.056794021551058,0],[116.8693040121948,-9.056790022030235,0],[116.86903703173513,-9.056831978840613,0],[116.86894401801494,-9.056965965918648,0],[116.8688253884685,-9.05712992267518,0],[116.86881448370336,-9.057144994136229,0],[116.86881446822647,-9.057145015838776,0],[116.86881427249064,-9.057145286215334,0],[116.86876602676904,-9.057211966145383,0],[116.86874082681497,-9.0572194355514,0],[116.86873832784143,-9.057220176348817,0],[116.86869416171389,-9.057233266775674,0],[116.86863102940862,-9.057251979121093,0],[116.86862999934874,-9.057251989605573,0],[116.86806198036672,-9.057258013782633,0],[116.8679619911393,-9.057175958226031,0],[116.86796142691506,-9.057123761813235,0],[116.86796142602195,-9.05712371568321,0],[116.86796140843741,-9.057122032395013,0],[116.86796097535648,-9.057081997085001,0],[116.86794251947545,-9.057010838530331,0],[116.86794241952238,-9.057010453175597,0],[116.86794182616535,-9.057008163662092,0],[116.86793400075044,-9.056977992014822,0],[116.86786267262646,-9.056939319541156,0],[116.8678624752079,-9.056939212738458,0],[116.86784781256482,-9.056931262284138,0],[116.86781599907982,-9.056914013669141,0],[116.86781343514856,-9.05691322763412,0],[116.86776483964302,-9.056898337329335,0],[116.86745700876146,-9.056804009282818,0],[116.86745537725689,-9.056803948994997,0],[116.86745531993118,-9.05680394716524,0],[116.86729326321544,-9.056797944068888,0],[116.86729004297297,-9.056797825316307,0],[116.86724100047631,-9.056796008480362,0],[116.86724035260607,-9.056795984728375,0],[116.86724001775198,-9.056795971943918,0],[116.86703196518916,-9.056762979745434,0],[116.86651199393489,-9.056549010152604,0],[116.86627600235126,-9.05638903941188,0],[116.8661779761594,-9.056275964127934,0],[116.86613791138004,-9.056042510586789,0],[116.86612903675413,-9.055990799565913,0],[116.86612902676721,-9.055990738960498,0],[116.86612895503687,-9.055990320148936,0],[116.86609801371928,-9.055810029441894,0],[116.86603796718072,-9.055663959037506,0],[116.8659450945143,-9.055596819000028,0],[116.86594397740824,-9.055596010869081,0],[116.86593101979325,-9.055591313559116,0],[116.86569302808172,-9.055505034365014,0],[116.86569279695489,-9.055505040611767,0],[116.86569215999126,-9.055505057563748,0],[116.86544012260893,-9.055511686413636,0],[116.86542576817995,-9.055512063744288,0],[116.86527599529418,-9.055516002966357,0],[116.86527564408469,-9.055515930476844,0],[116.86511198780211,-9.055482030933787,0],[116.8651117804935,-9.05548160845409,0],[116.8651117504881,-9.055481547841275,0],[116.8651093382522,-9.055476632782941,0],[116.86508597056951,-9.055429028273847,0],[116.86507200921372,-9.055243999614246,0],[116.8650364727263,-9.055087194379587,0],[116.8650363855163,-9.055086808124265,0],[116.86503601850558,-9.05508518802245,0],[116.86503597762551,-9.055085008011087,0],[116.86503459069456,-9.055083065530022,0],[116.86488599180747,-9.054874967594605,0],[116.8647766326288,-9.054721999132749,0],[116.86474509613846,-9.054677886588491,0],[116.86474482966625,-9.054677513834447,0],[116.8647380323513,-9.054668005892106,0],[116.86473572327911,-9.054664641189117,0],[116.86451500837582,-9.054343001215825,0],[116.86423299770061,-9.05405098170302,0],[116.86414901069575,-9.05392000461806,0],[116.86398103024045,-9.053481981451322,0],[116.86386698981376,-9.053260019032882,0],[116.8637139891726,-9.052890003724112,0],[116.86368302966184,-9.052815024198976,0],[116.86356099765634,-9.052696965416665,0],[116.86340976023196,-9.052591847298793,0],[116.86312802935572,-9.052396028282002,0],[116.86306689492017,-9.052388288207803,0],[116.86294981423535,-9.052373465735254,0],[116.86294836296469,-9.052373282482522,0],[116.86281996511106,-9.052357026618264,0],[116.86243393142988,-9.052357007587945,0],[116.86243278855669,-9.052357007158784,0],[116.86226700094838,-9.052356999135979,0],[116.8622639799775,-9.052356998904688,0],[116.86211754269259,-9.05231947926398,0],[116.86211636717672,-9.052319177621731,0],[116.86206818557915,-9.052306832903971,0],[116.86194797998729,-9.052276033586404,0],[116.86168098389363,-9.052167957714875,0],[116.8613282522322,-9.051977483268146,0],[116.86132000724206,-9.051973030892217,0],[116.86109202687548,-9.051869036916601,0],[116.86109199230927,-9.051869007959368,0],[116.86090557322379,-9.051712601861482,0],[116.86090383036101,-9.051711139521375,0],[116.86085597895921,-9.051670992128116,0],[116.86080371221294,-9.051641296403481,0],[116.86080272333605,-9.051640734330805,0],[116.86076774238413,-9.051620859036168,0],[116.86066596632102,-9.051563034299624,0],[116.8604852067343,-9.051481380158897,0],[116.86025591009636,-9.051377800334368,0],[116.86025499031905,-9.051377384816229,0],[116.85924902269592,-9.05092295776203,0],[116.8591180188281,-9.050871038635728,0],[116.85911789873606,-9.050870991555342,0],[116.8590881150449,-9.050859187179913,0],[116.85908502995775,-9.050857964913119,0],[116.8589712063851,-9.05081560571235,0],[116.85861111051713,-9.05068159764008,0],[116.8581107101864,-9.050495374885228,0],[116.8581075386461,-9.050494195088476,0],[116.85744599004724,-9.050248000082224,0],[116.85677098211983,-9.049939001639242,0],[116.85548402613064,-9.049249042800826,0],[116.85548106056204,-9.049247087902952,0],[116.85545546115557,-9.049230215140826,0],[116.85545432314153,-9.049229464858252,0],[116.85527301962854,-9.049109967132107,0],[116.8550200124097,-9.048933976398782,0],[116.85479729646866,-9.048745024196485,0],[116.854711332673,-9.048672092541603,0],[116.85471093972053,-9.0486717595284,0],[116.85459803326926,-9.0485759693972,0],[116.85417800368623,-9.048221037099935,0],[116.854117879666,-9.04818068858135,0],[116.8541178005241,-9.048180636088627,0],[116.85411689266908,-9.048180026996164,0],[116.85407868453167,-9.048154386286477,0],[116.85380100208522,-9.047968039181411,0],[116.85370402133243,-9.047906465276158,0],[116.8537039167184,-9.047906399205631,0],[116.85369946653361,-9.047903573568194,0],[116.85366703167449,-9.047882980443191,0],[116.85365168492025,-9.047851586222022,0],[116.85365159582236,-9.04785140257216,0],[116.85365153854423,-9.047851286772788,0],[116.85360300899838,-9.047752008945203,0],[116.85337616669997,-9.04693028049881,0],[116.85334676036575,-9.046823754353722,0],[116.8533464714349,-9.04682271044061,0],[116.85322398625836,-9.046379008572197,0],[116.85319975350187,-9.0463113627778,0],[116.8531996553417,-9.046311089578293,0],[116.85319554262738,-9.046299607967308,0],[116.85316702720635,-9.046220007435922,0],[116.85289196439251,-9.045856992991471,0],[116.85272402310669,-9.045729959438322,0],[116.85265602643855,-9.045595007261408,0],[116.85266200366726,-9.045284014066729,0],[116.85273903423425,-9.045162958164184,0],[116.85284696405402,-9.045072024680309,0],[116.8529920091026,-9.045043959125374,0],[116.85313983678088,-9.045013304127853,0],[116.85314303812105,-9.045012640599747,0],[116.85317714267721,-9.045005568374656,0],[116.85331496500154,-9.044976987849276,0],[116.8533119625737,-9.04492460320277,0],[116.8533117303667,-9.04492055183639,0],[116.85331172223133,-9.044920418871053,0],[116.85330602367613,-9.04482098898731,0],[116.8532109836575,-9.044580039921629,0],[116.85320763397219,-9.044576294838402,0],[116.85320744024911,-9.044576077679874,0],[116.85320672811132,-9.044575281431205,0],[116.85302401894644,-9.044370977558492,0],[116.85281903469729,-9.044193014666384,0],[116.85256622764658,-9.043954601616525,0],[116.8525372172168,-9.043927242271364,0],[116.85253535989467,-9.043925490404604,0],[116.8524330052761,-9.043828963068222,0],[116.85227501801178,-9.043768037186306,0],[116.85218430568715,-9.043760981678423,0],[116.85215460173953,-9.043758671358272,0],[116.85209502733734,-9.043754037980573,0],[116.8519510583866,-9.043777328747376,0],[116.85194501164085,-9.043778307692776,0],[116.85184801255788,-9.043793999648177,0],[116.85184768037378,-9.04379416413368,0],[116.85148070420652,-9.043975750428645,0],[116.851478602799,-9.043976790661564,0],[116.85147092433463,-9.043980590086056,0],[116.85147001242039,-9.043981041064141,0],[116.85146203259728,-9.044042983691504,0],[116.85147559145202,-9.044055594351466,0],[116.85147589979384,-9.044055881204129,0],[116.85148022112777,-9.044059899856702,0],[116.85151903400315,-9.044095999857804,0],[116.85155096690812,-9.044167996832478,0],[116.85152286733178,-9.044205096348621,0],[116.85152279632064,-9.044205189483781,0],[116.85152218726098,-9.044205994245686,0],[116.85149796781556,-9.044237971315965,0],[116.85137986953356,-9.044335883054542,0],[116.85136057377869,-9.044351881334896,0],[116.85136025429145,-9.044352146225043,0],[116.85136022607458,-9.044352169730702,0],[116.85130500028475,-9.044397955941546,0],[116.85128402868921,-9.044491001898557,0],[116.85127796739336,-9.044518527113313,0],[116.85127155057005,-9.044547663105241,0],[116.85127139377241,-9.044548376695252,0],[116.85126200418647,-9.04459101120248,0],[116.85118597089286,-9.044657989620339,0],[116.85112790755139,-9.044673697181482,0],[116.85112623130851,-9.044674150561839,0],[116.85112619126795,-9.044674161399628,0],[116.85109506793182,-9.044682580546562,0],[116.85097901584996,-9.044713974857217,0],[116.85097582395876,-9.04471378542305,0],[116.85097577846432,-9.044713782691057,0],[116.85071101621031,-9.044698038821965,0],[116.85059077038677,-9.044621133238415,0],[116.85059066668416,-9.044621067167359,0],[116.8505780231646,-9.044612980272367,0],[116.85057505061825,-9.044610450972478,0],[116.85032301102865,-9.04439601872967,0],[116.85015197720978,-9.044314018000696,0],[116.8501514978457,-9.04431363429512,0],[116.85010514963871,-9.044276496318549,0],[116.84994601365003,-9.04414898572127,0],[116.84987316235453,-9.044140847927265,0],[116.84978076073466,-9.044130525873385,0],[116.84977852973918,-9.04413027622078,0],[116.84966001310332,-9.044117037265359,0],[116.84940900142348,-9.044028038712142,0],[116.84891900057696,-9.04380103369614,0],[116.84862381506788,-9.043738137574758,0],[116.84862349662818,-9.043738069605503,0],[116.8486230362552,-9.043737971729024,0],[116.84848930727223,-9.043715450429914,0],[116.84828497618864,-9.043681040022644,0],[116.84768307601577,-9.043603448177365,0],[116.84764103142494,-9.043598028108638,0],[116.84667398983527,-9.043383029685694,0],[116.84660727693486,-9.043355738230762,0],[116.84611901789164,-9.043155993790219,0],[116.8459611641735,-9.043126674958007,0],[116.84582922440833,-9.04310216986908,0],[116.84582657951736,-9.043101678516026,0],[116.84579596629203,-9.04309599259624,0],[116.84571591229984,-9.043088301394748,0],[116.84571454476557,-9.043088169666335,0],[116.84558799279013,-9.043076011425637,0],[116.84548986178034,-9.043065961757309,0],[116.84548764443373,-9.043065734697082,0],[116.84527498298645,-9.04304395502969,0],[116.84513786406731,-9.042985487913398,0],[116.84513684606695,-9.042985054226175,0],[116.84512422432012,-9.042979672525272,0],[116.84498902318387,-9.042922022930787,0],[116.84485507754472,-9.042909512174555,0],[116.84482618825544,-9.042906814479565,0],[116.84481479304091,-9.042905750483612,0],[116.84431400965349,-9.042858977081401,0],[116.8440990108175,-9.042775960838839,0],[116.84363301320889,-9.042579976270888,0],[116.84361338939993,-9.042531185302813,0],[116.84361335940584,-9.042531109311705,0],[116.84360847481445,-9.042518964265971,0],[116.84359201590658,-9.042478042019892,0],[116.84364597576875,-9.042271971136287,0],[116.84378199591437,-9.041942042609149,0],[116.84381172825178,-9.041856870915359,0],[116.84382085493667,-9.041830724693076,0],[116.84382114737667,-9.04182988724711,0],[116.84390001233037,-9.041603967634181,0],[116.84412996270171,-9.041461001873088,0],[116.84411996427566,-9.041335025568028,0],[116.84405496730274,-9.041210021740866,0],[116.84405056896237,-9.041201266987278,0],[116.84404633062798,-9.041192830686995,0],[116.84404607334555,-9.041192319532952,0],[116.84395698836134,-9.041015007938615,0],[116.84387296766297,-9.0408109577266,0],[116.84364700676632,-9.040576008865107,0],[116.84347292037593,-9.040444540059694,0],[116.84346063890672,-9.040435265463334,0],[116.84345991031418,-9.040434715214072,0],[116.84341396805662,-9.040400019641245,0],[116.84320243289433,-9.040250062039176,0],[116.84320015520353,-9.040248447430729,0],[116.84313446875713,-9.04020188171969,0],[116.84312723818226,-9.040196756422343,0],[116.84305374903064,-9.040144659937148,0],[116.8428370229693,-9.039991021289175,0],[116.84247103342916,-9.03981696439766,0],[116.84235705749053,-9.039771400803103,0],[116.84233555031706,-9.039762802391735,0],[116.84233486983105,-9.039762530748126,0],[116.84233324139572,-9.039761879709971,0],[116.84231619013146,-9.039755063276147,0],[116.84226745261223,-9.039735581018972,0],[116.84223098203545,-9.039721001919546,0],[116.84155196913866,-9.039555039442657,0],[116.84121608410751,-9.039544221068413,0],[116.84095999966512,-9.039535972315953,0],[116.84035801313799,-9.039607966218268,0],[116.84012703004912,-9.039706978432864,0],[116.8401270009232,-9.039706999223753,0],[116.84012690535357,-9.039707067924388,0],[116.84005998658205,-9.039755171920298,0],[116.83975702059212,-9.039972958164157,0],[116.83975699327996,-9.03997299252336,0],[116.83966054144491,-9.040095986397533,0],[116.83966050958044,-9.040096027086268,0],[116.83966049046215,-9.040096050595002,0],[116.83965702087882,-9.040100474815006,0],[116.83955703110935,-9.040227978777835,0],[116.83936737931282,-9.040588430034779,0],[116.8392649983656,-9.040783013567442,0],[116.8392466525868,-9.040880236955731,0],[116.83924655955744,-9.040880731678453,0],[116.83919197270244,-9.041170031327193,0],[116.83918391541782,-9.041391736103408,0],[116.83918374224552,-9.041396492811968,0],[116.83918374040566,-9.041396538036345,0],[116.83918371277386,-9.04139729238024,0],[116.83918103498898,-9.04147098292427,0],[116.83921899763047,-9.041643996736612,0],[116.83926391913101,-9.041681872615756,0],[116.8392669297851,-9.041684411067797,0],[116.83926734363617,-9.041684760387552,0],[116.83935302541293,-9.041757005354635,0],[116.83939309772364,-9.041787439552005,0],[116.83964616605087,-9.041979640621681,0],[116.83964818808802,-9.041981176448386,0],[116.83971078029047,-9.042028713766191,0],[116.84025097424848,-9.042438981755936,0],[116.84023895571124,-9.042506182947232,0],[116.84023675012291,-9.042518515797514,0],[116.84023660144229,-9.04251934606705,0],[116.8402320196949,-9.042544959612973,0],[116.84021861425025,-9.042602304727689,0],[116.84021860786935,-9.04260233095552,0],[116.840217729063,-9.042606089689576,0],[116.84017496471257,-9.0427890123328,0],[116.84016187218647,-9.043347782702408,0],[116.84016147992037,-9.043364502279683,0],[116.84015202540292,-9.043768017089665,0],[116.84010832076419,-9.043827612053633,0],[116.84010661729991,-9.043829934980394,0],[116.84006696508914,-9.043884005189526,0],[116.83994202645546,-9.043999263113834,0],[116.83985019100625,-9.044083983134074,0],[116.83980898260292,-9.044121998601032,0],[116.83968708006005,-9.044175820265199,0],[116.8394911190948,-9.044262339839038,0],[116.83945225106376,-9.044279501152308,0],[116.8392700141191,-9.044359961918891,0],[116.83913167705117,-9.044472246007434,0],[116.83906300684103,-9.04452798303251,0],[116.83905384513969,-9.044535755931651,0],[116.83905296219365,-9.044536505377438,0],[116.83886941768503,-9.044692230906252,0],[116.83886928933937,-9.04469233939026,0],[116.83884538514985,-9.04471262051426,0],[116.83834402372004,-9.045137992170764,0],[116.83808259558366,-9.045371047827166,0],[116.83808228244932,-9.045371326275902,0],[116.83802476943329,-9.045422598874476,0],[116.83795750006635,-9.045482567569268,0],[116.83795701579945,-9.045482999707815,0],[116.83784808691206,-9.045524773066571,0],[116.83783619776916,-9.045529332836226,0],[116.83773796580888,-9.045567004447948,0],[116.83735354004725,-9.045626382075374,0],[116.8373535054681,-9.045626387487061,0],[116.83723449877301,-9.045644769352174,0],[116.8372329791127,-9.045645003848344,0],[116.83622529015886,-9.045679662456685,0],[116.83621993068661,-9.045679847294572,0],[116.8360911004426,-9.045684277862476,0],[116.83607636507877,-9.04568478503186,0],[116.83607281545241,-9.045684906457119,0],[116.83557696507718,-9.045701962223472,0],[116.83554680315487,-9.045736298109698,0],[116.83553839393953,-9.045745871217672,0],[116.83553818637175,-9.045746108104407,0],[116.83553297442471,-9.045752040211994,0],[116.83553285690628,-9.045752347690375,0],[116.83553271934595,-9.045752707620947,0],[116.8355325854294,-9.045753058508136,0],[116.83552034163364,-9.045785126699942,0],[116.8354860252863,-9.045875007164998,0],[116.83543302015863,-9.04594895636222,0],[116.8353776764148,-9.04596309241631,0],[116.83537698024985,-9.045963270290828,0],[116.83533889047267,-9.04597299920644,0],[116.83532699105702,-9.045976038419285,0],[116.83516106774287,-9.045981170169807,0],[116.83516103043598,-9.045981171057534,0],[116.83516099312871,-9.045981172849762,0],[116.83515890120745,-9.045981237033361,0],[116.83511227292317,-9.045982678645355,0],[116.83509511170544,-9.045983209105515,0],[116.83508879408429,-9.045983404349807,0],[116.83490899165382,-9.045988962999393,0],[116.8342335762758,-9.045976901479126,0],[116.83410238506008,-9.045974558262998,0],[116.83379363653773,-9.04596904385464,0],[116.83379282035186,-9.045969029012552,0],[116.83379202782334,-9.04596901508569,0],[116.83349922637565,-9.045933998244292,0],[116.83301400888637,-9.045875969847055,0],[116.83285752486972,-9.045824295727273,0],[116.83277146472973,-9.045795877694715,0],[116.83258400296599,-9.045733976582484,0],[116.83235215120855,-9.045687703886788,0],[116.83232765133353,-9.045682813792455,0],[116.8321430170278,-9.045645964867731,0],[116.83184310219153,-9.045568110709617,0],[116.83180431637672,-9.04555804298343,0],[116.83180318276224,-9.045557748499828,0],[116.8318027296804,-9.045557630706574,0],[116.83172702588358,-9.045537979103624,0],[116.83167525864573,-9.045519446492372,0],[116.83166530494765,-9.04551588360701,0],[116.83140302540069,-9.045421986918639,0],[116.83122884705826,-9.04535013807641,0],[116.83122509803084,-9.045348591459287,0],[116.8312250288906,-9.045348563387861,0],[116.83114602185076,-9.045315973942465,0],[116.83030096306084,-9.044829964215252,0],[116.83008163323534,-9.044694965047618,0],[116.83001998185803,-9.044657018798109,0],[116.82994043966545,-9.044592301804336,0],[116.82993575268802,-9.044588488959027,0],[116.82980000411953,-9.04447804132131,0],[116.82938099826985,-9.044085010958433,0],[116.82924975027223,-9.043986563447557,0],[116.82924972662313,-9.043986545346483,0],[116.82924861055977,-9.043985708161436,0],[116.8292465130518,-9.043984135158354,0],[116.82924180775798,-9.043980605405235,0],[116.82914901261138,-9.043911002276554,0],[116.82910273476134,-9.043872221850428,0],[116.82902559957542,-9.043807584475074,0],[116.82900472179988,-9.043790088886665,0],[116.8290046281165,-9.043790010151211,0],[116.82890196286127,-9.043703979296234,0],[116.82864999144338,-9.043434013103264,0],[116.82861978654613,-9.043402422786237,0],[116.82861920631255,-9.043401815593516,0],[116.82859204082582,-9.043373405118476,0],[116.82859200808544,-9.043373370732048,0],[116.82859145877296,-9.043372797020337,0],[116.82858404578829,-9.043365043772994,0],[116.82851702972681,-9.043294956869223,0],[116.82816401181485,-9.042986961188577,0],[116.82805096934563,-9.04286868060733,0],[116.82802559466522,-9.042842129684491,0],[116.82784918612423,-9.042657548191093,0],[116.82778326624229,-9.042588574208805,0],[116.82762601919104,-9.042424041777346,0],[116.82735624488137,-9.042220359179817,0],[116.82735549811872,-9.04221979532287,0],[116.82735508335163,-9.042219482169553,0],[116.82734333161757,-9.042210609793765,0],[116.82696899917396,-9.041927985111654,0],[116.82673798287705,-9.041771969571165,0],[116.82650103539414,-9.041628698243116,0],[116.82649965910977,-9.041627866353755,0],[116.82649930071217,-9.04162764910348,0],[116.82648761366671,-9.041620583023892,0],[116.82610799598498,-9.041391043878187,0],[116.82587803225115,-9.041235031921579,0],[116.82564775625214,-9.041087351956564,0],[116.82564738057879,-9.041087111180186,0],[116.82558160410376,-9.04104492825709,0],[116.82557703326133,-9.04104199730268,0],[116.82543297458294,-9.0409408351787,0],[116.82540367204047,-9.040920258259732,0],[116.82520396459293,-9.040780017635596,0],[116.82508730220697,-9.040696033186581,0],[116.82506998008601,-9.040683563587795,0],[116.82506730408977,-9.040681636624633,0],[116.82506531755804,-9.040680206562447,0],[116.82502142467096,-9.04064860852143,0],[116.82496500591361,-9.040607992934644,0],[116.82464596466488,-9.040334014023758,0],[116.82444698205066,-9.040192030363587,0],[116.8242693565127,-9.040121819193866,0],[116.8242571907688,-9.040117010454532,0],[116.82425065621878,-9.040114427681214,0],[116.82423750797321,-9.040109230438695,0],[116.82411301767766,-9.040060021883878,0],[116.82400027747042,-9.040026576271915,0],[116.82399547298867,-9.040025151183501,0],[116.82351302443934,-9.039882034144542,0],[116.82297717646918,-9.039613541071953,0],[116.8227698434534,-9.039509654674209,0],[116.82276961057686,-9.039509537880816,0],[116.82276636485902,-9.039507911825408,0],[116.82276343752727,-9.0395064451163,0],[116.82254264874301,-9.039395815352607,0],[116.82253496381988,-9.039391964783963,0],[116.82253490377337,-9.039391951187374,0],[116.82249864759243,-9.039383545286054,0],[116.82249342992654,-9.039382336154482,0],[116.82216398922812,-9.039305964087438,0],[116.82200147667946,-9.039262457371954,0],[116.82200034127777,-9.039262153812558,0],[116.82189902307753,-9.039235029247523,0],[116.82187741014413,-9.039229809721835,0],[116.82166301126328,-9.039178031308001,0],[116.8202989281132,-9.039039472394135,0],[116.81982197572317,-9.038991023934118,0],[116.81969683427171,-9.038992578799096,0],[116.81958398376617,-9.038993981377955,0],[116.81958320217635,-9.038993960190023,0],[116.8195586453374,-9.038993287825617,0],[116.81954699610209,-9.038992969137844,0],[116.81922439829697,-9.038948708568729,0],[116.819215371841,-9.038947470378943,0],[116.8192095552769,-9.03894667245462,0],[116.81919476502777,-9.038944642697448,0],[116.81918605974342,-9.038943448081362,0],[116.81918113754516,-9.038942773609794,0],[116.81917366326529,-9.038941747837667,0],[116.81890599490639,-9.038905023242592,0],[116.8188254610397,-9.038890328726076,0],[116.81882541009008,-9.038890319655884,0],[116.81882535277211,-9.038890308773546,0],[116.81878614258866,-9.038883153785273,0],[116.81865902361636,-9.03885995740967,0],[116.81847286393692,-9.038817479439803,0],[116.81846226941846,-9.038815061888549,0],[116.81846202195513,-9.038815005686931,0],[116.81823002495607,-9.038680961991341,0],[116.8182229103332,-9.038677642559078,0],[116.81819475840588,-9.038664507892014,0],[116.81794498439287,-9.038547975428296,0],[116.81764945110794,-9.038418677421319,0],[116.81764789826029,-9.038417998272443,0],[116.81764786915006,-9.03841798559492,0],[116.81756635057522,-9.038382321227278,0],[116.817385020451,-9.03830298843378,0],[116.81694085415457,-9.038129628979528,0],[116.81686300173996,-9.038099243155902,0],[116.81651898809082,-9.037964975131587,0],[116.81606394234697,-9.037780457573746,0],[116.81606378314842,-9.037780393274234,0],[116.81604793881135,-9.037773968788603,0],[116.81578903676863,-9.037668986227272,0],[116.8156823256649,-9.037602491485233,0],[116.8156590998415,-9.037588018627709,0],[116.81560417251376,-9.037553791780088,0],[116.81521300321116,-9.037310044067384,0],[116.81505099446882,-9.03720991811229,0],[116.81505028133918,-9.037209477260028,0],[116.81502166701142,-9.03719179247114,0],[116.81489903421024,-9.037116000235528,0],[116.81459901895975,-9.036925036690198,0],[116.81404714366523,-9.036489521597163,0],[116.81364602340922,-9.036172976441302,0],[116.81353871077218,-9.03609237777526,0],[116.8135320375003,-9.03608736615309,0],[116.81353183740217,-9.036087215903974,0],[116.8134880468463,-9.03605432764073,0],[116.81346902479747,-9.036040041302053,0],[116.81339971080706,-9.035966834509749,0],[116.81339852131971,-9.035965579359681,0],[116.8133983830922,-9.035965432759973,0],[116.8133090015508,-9.035871034102373,0],[116.81330416399024,-9.035866894446087,0],[116.81305897013917,-9.035657034448876,0],[116.8119290208419,-9.03498997435342,0],[116.81173686957545,-9.034858284270072,0],[116.81166201723735,-9.0348069840836,0],[116.81158600233925,-9.034758703419769,0],[116.81144000860364,-9.034665976619987,0],[116.81113503627513,-9.034493004636255,0],[116.81082901176968,-9.034323015815286,0],[116.81064538547243,-9.034136480523513,0],[116.81063112970682,-9.034121998413147,0],[116.81026397956316,-9.03374902618946,0],[116.81008803734309,-9.033612019734493,0],[116.80998702368848,-9.033519003582473,0],[116.80986503261533,-9.033369004630062,0],[116.80967466071883,-9.033199455546493,0],[116.80966198108844,-9.03318816258828,0],[116.80960900894402,-9.033140984299958,0],[116.80934498500248,-9.03300302820445,0],[116.80799896915703,-9.03248596062589,0],[116.80654428087452,-9.032268650005859,0],[116.806473000333,-9.03225800171916,0],[116.80647296303093,-9.032257996272492,0],[116.80515503274927,-9.032264984739045,0],[116.8045305467168,-9.032262247706345,0],[116.80421455047458,-9.032260862770398,0],[116.80419581249178,-9.032260780417044,0],[116.80409179002775,-9.03226032422878,0],[116.80403006405201,-9.032260053401265,0],[116.8040294871905,-9.032260051284322,0],[116.80402925244255,-9.032260050254514,0],[116.80402797770681,-9.032260044147069,0],[116.80262402601569,-9.032342036820285,0],[116.80240987856823,-9.032374434867727,0],[116.80233554267289,-9.032385681231931,0],[116.80233508041647,-9.032385751534228,0],[116.80206088509665,-9.032427235329093,0],[116.80197003534583,-9.03244097999515,0],[116.8019647515101,-9.032442962527488,0],[116.80130898481812,-9.032689038939347,0],[116.80116051122775,-9.032811065448906,0],[116.80110892512907,-9.03285346318138,0],[116.80080900366065,-9.03309996103244,0],[116.80067303331722,-9.033274962671705,0],[116.80033564433485,-9.033896327868858,0],[116.80023698222277,-9.03407803208174,0],[116.80015703456446,-9.034129114641036,0],[116.8001420316902,-9.034138700526375,0],[116.8001018353056,-9.0341643845877,0],[116.80004296791681,-9.034201998806,0],[116.7999345510282,-9.034266014657206,0],[116.79976393879576,-9.034366757324902,0],[116.79976386052039,-9.034366803411812,0],[116.79962800524405,-9.034447023731328,0],[116.79936722773031,-9.034671515267526,0],[116.79936198066157,-9.034676032195991,0],[116.79911707937673,-9.034805266452086,0],[116.79911509798,-9.034806311876478,0],[116.79815300609621,-9.035313999269924,0],[116.79753911824334,-9.035508072060587,0],[116.79738612759516,-9.035556438178569,0],[116.7971629914019,-9.035626979131424,0],[116.79655998814343,-9.035767990055554,0],[116.79517296680118,-9.035868955098284,0],[116.79349782242961,-9.035913044231346,0],[116.79349725738147,-9.035913059289932,0],[116.79349579608194,-9.035913097361233,0],[116.79289201176206,-9.035928988396135,0],[116.79150360108616,-9.035968968108797,0],[116.79150299873154,-9.035968984952111,0],[116.79130121023402,-9.035966198355972,0],[116.79115635835176,-9.03596419750457,0],[116.7911336104584,-9.035963883359505,0],[116.79071101064369,-9.035958046446353,0],[116.7907102818483,-9.035958005328158,0],[116.79071000070233,-9.03595798979129,0],[116.7900700519974,-9.035921906414742,0],[116.79006242557865,-9.035921476031875,0],[116.79005962049035,-9.035921317948434,0],[116.7900590454612,-9.03592128505743,0],[116.78974896085361,-9.035903800806343,0],[116.7897000251267,-9.035901041172863,0],[116.78969996871535,-9.035901038427035,0],[116.78910133995684,-9.035894763177854,0],[116.78884203213889,-9.03589204438007,0],[116.78869440125052,-9.035854604402738,0],[116.78859130364292,-9.035828458301651,0],[116.78849500371354,-9.03580403645126,0],[116.78830434732721,-9.035728838434984,0],[116.78830391341161,-9.035728667233922,0],[116.78830285545816,-9.035728249648512,0],[116.7881120008439,-9.035652973632313,0],[116.78703401827599,-9.035114010372515,0],[116.78542004459885,-9.033854737149026,0],[116.78533197694007,-9.033786024056413,0],[116.78531457786629,-9.033766601473454,0],[116.7849360195718,-9.033344032033241,0],[116.78450296866073,-9.032827956349177,0],[116.78399996658459,-9.032357958636375,0],[116.78311402065756,-9.031523023029338,0],[116.78304560189773,-9.031382694454727,0],[116.78303957136573,-9.031370325453905,0],[116.78303922603644,-9.031369617929828,0],[116.7829959990564,-9.031280957587448,0],[116.78289016626715,-9.030997853045632,0],[116.78280498562192,-9.030769994967137,0],[116.7827917474613,-9.030676449940781,0],[116.78277979044324,-9.030591965156887,0],[116.7827762179276,-9.030566720220305,0],[116.78277621067788,-9.030566671372943,0],[116.78275403263834,-9.030409957013992,0],[116.7824349880031,-9.029712990942368,0],[116.78221590845767,-9.029353717063682,0],[116.78221568666781,-9.029353353322605,0],[116.78219596373043,-9.029321009320318,0],[116.78188993547401,-9.028947136579708,0],[116.78188891171371,-9.028945885950828,0],[116.78188003427624,-9.028935040229717,0],[116.78171185135096,-9.028823286849516,0],[116.78157599867394,-9.028733016440144,0],[116.78140696732187,-9.028602651399058,0],[116.78125277822501,-9.028483735255296,0],[116.78125082837633,-9.028482230812752,0],[116.781247328834,-9.028479531505411,0],[116.78121942434966,-9.02845801036482,0],[116.78085503208723,-9.028176974403804,0],[116.78060199086995,-9.028016035564777,0],[116.78053411968098,-9.02797646559532,0],[116.78053252160983,-9.027975533908572,0],[116.78049357579101,-9.02795282845587,0],[116.7803691172888,-9.027880267319498,0],[116.78026396755719,-9.027818963358529,0],[116.77967497868988,-9.02738001604122,0],[116.77926945902098,-9.027172668920194,0],[116.77925942361313,-9.027167537985397,0],[116.7792569631963,-9.02716628015454,0],[116.77914501016261,-9.027109036620482,0],[116.77888139681409,-9.026973703932745,0],[116.77871401341562,-9.026887773203335,0],[116.77871345220564,-9.026887485233852,0],[116.77861699324195,-9.026837965366642,0],[116.77856474489327,-9.026801292528386,0],[116.77856402095274,-9.026800783762285,0],[116.77850232955383,-9.026757482464644,0],[116.77831499267744,-9.026625991554829,0],[116.77801917367884,-9.0263834083907,0],[116.7779327901462,-9.026312570818604,0],[116.77793267283273,-9.026312474870547,0],[116.77793183436168,-9.026311786038251,0],[116.77748699731134,-9.025947001963354,0],[116.77748697366714,-9.025946982050003,0],[116.77734508057449,-9.025822879915042,0],[116.77734504601865,-9.025822849141056,0],[116.77731646444036,-9.02579785039789,0],[116.77720802816698,-9.0257030101101,0],[116.77699282594173,-9.02552575197052,0],[116.77675997704846,-9.025333957600717,0],[116.77641125836938,-9.02503650925919,0],[116.77637127199527,-9.025002401507988,0],[116.77636876574215,-9.02500026445513,0],[116.77624663688542,-9.024896091053451,0],[116.77623597440548,-9.02488699613164,0],[116.77594702781948,-9.024680998079587,0],[116.7757852554438,-9.024540574173809,0],[116.77578502991942,-9.024540379568439,0],[116.77578494898572,-9.024540308967957,0],[116.77569702660011,-9.024463989571817,0],[116.77561446196228,-9.024403098790845,0],[116.77561425824722,-9.024402948519244,0],[116.77561392448197,-9.024402702291088,0],[116.77534996810718,-9.024208036160521,0],[116.77524817386838,-9.024132300626805,0],[116.77524285275162,-9.024128341083792,0],[116.77524271360754,-9.024128237885538,0],[116.77510399810072,-9.024025032638315,0],[116.77472202279158,-9.023695988955941,0],[116.77449390056917,-9.023478764224853,0],[116.77449100712352,-9.023476009147593,0],[116.77445440629415,-9.023442507477657,0],[116.77445408529718,-9.023442215126764,0],[116.77445371792517,-9.023441878426835,0],[116.77418402867188,-9.02319502909668,0],[116.77418399502359,-9.023195002845478,0],[116.77344298518128,-9.022627023834346,0],[116.77310785466616,-9.022302453017861,0],[116.77310498673098,-9.022299674428714,0],[116.77310455935928,-9.022299260807847,0],[116.77291382081165,-9.022114532506126,0],[116.77274597497932,-9.021951974020007,0],[116.77263598124387,-9.02185620524681,0],[116.77254049903968,-9.021773070449825,0],[116.77253914592094,-9.0217718919519,0],[116.77253906407869,-9.021771821350162,0],[116.77225902957811,-9.02152799974958,0],[116.77225304960598,-9.021511291716845,0],[116.77225273534947,-9.021510412346986,0],[116.77225271809239,-9.02151036439773,0],[116.77224899423376,-9.021499960326953,0],[116.77144224840444,-9.020700014415558,0],[116.77110003395454,-9.020360684097655,0],[116.77108710492824,-9.020347863787908,0],[116.7710650176544,-9.020325962009728,0],[116.7708547670625,-9.020142275166085,0],[116.77085101601612,-9.020138997629228,0],[116.770777085095,-9.020077777411158,0],[116.7707766413228,-9.020077409002482,0],[116.77077653583555,-9.020077322104594,0],[116.77063003357766,-9.019956005863557,0],[116.77062338566478,-9.0199497244777,0],[116.77042843579798,-9.019765510574526,0],[116.7704242802884,-9.01976158425355,0],[116.76984897316412,-9.019217956740237,0],[116.76965101143558,-9.019056954572498,0],[116.76936301305408,-9.018788010555399,0],[116.76886598724985,-9.018302985335604,0],[116.76852868757885,-9.01805838961092,0],[116.7685266723033,-9.018056928477458,0],[116.76852396041184,-9.018054962193823,0],[116.76799303505139,-9.01766995682833,0],[116.76639100486247,-9.01680604403177,0],[116.76599153923426,-9.016571211330533,0],[116.76590098474249,-9.016517977177694,0],[116.76571503924804,-9.016419827134722,0],[116.7652910245644,-9.016196014770262,0],[116.76510294273622,-9.016085775309653,0],[116.76507621189582,-9.016070107654752,0],[116.76507276856434,-9.016068089322497,0],[116.76465296616945,-9.015822032727398,0],[116.76313498821868,-9.01482802837904,0],[116.76303519036185,-9.014762750485914,0],[116.76303142344453,-9.014760286912068,0],[116.76302995924038,-9.01475932810226,0],[116.76276798038089,-9.014587967052824,0],[116.7623449761721,-9.014278960698086,0],[116.76195603039574,-9.013974044356413,0],[116.7616726589849,-9.013776171349093,0],[116.76150307626163,-9.013657754534684,0],[116.76150075816962,-9.013656135784206,0],[116.76106096491912,-9.013349033744197,0],[116.76079399372006,-9.013102004776009,0],[116.76079397007943,-9.013101982148106,0],[116.76057100227948,-9.012874038561234,0],[116.7601854875779,-9.012606607861768,0],[116.76018540209303,-9.012606549013489,0],[116.7601833859309,-9.012605150245443,0],[116.76012633682105,-9.012565575512681,0],[116.75992797458488,-9.012427971949045,0],[116.75948596636059,-9.012162991044589,0],[116.75851602513717,-9.011442970050597,0],[116.75842042258313,-9.01136924294053,0],[116.75838519681827,-9.011342077551374,0],[116.75838516135319,-9.011342050393061,0],[116.7582450322086,-9.011233986282605,0],[116.7577039822614,-9.010877962612435,0],[116.75737476790525,-9.010583261948554,0],[116.7571409990409,-9.010373999828573,0],[116.75714097358104,-9.01037397719924,0],[116.75704101782937,-9.010302017880464,0],[116.75704099691379,-9.010302002490153,0],[116.7566069960564,-9.009991007932145,0],[116.7556879970707,-9.00939698591005,0],[116.755452983659,-9.009244324673217,0],[116.75545223793432,-9.009243840269827,0],[116.75545219792001,-9.009243814012727,0],[116.75541192788117,-9.009217655322358,0],[116.7552600329237,-9.009118986381194,0],[116.75506193973857,-9.008991390552561,0],[116.75504757814001,-9.008982140615364,0],[116.7550470079324,-9.00898177300858,0],[116.7549339776705,-9.008908967767665,0],[116.75460340935616,-9.008718948896353,0],[116.75459298508613,-9.00871295686496,0],[116.75458635718014,-9.008706059245942,0],[116.75434798459185,-9.008457955787971,0],[116.75372165040287,-9.00780608239371,0],[116.75368503254555,-9.007767972082398,0],[116.7536803321277,-9.007763070161388,0],[116.75355059973285,-9.007627780374232,0],[116.75343096377185,-9.007503019362241,0],[116.75322515086367,-9.007315924776021,0],[116.75311299285659,-9.00721396661631,0],[116.75288075010448,-9.007020379701006,0],[116.75263200115214,-9.00681303223821,0],[116.7519590021098,-9.0062909982122,0],[116.75195896300835,-9.006290968337336,0],[116.75186570655667,-9.006185612576362,0],[116.75186568382934,-9.006185586330522,0],[116.75186542018822,-9.006185287667625,0],[116.75185791367274,-9.006176808341822,0],[116.75170498612631,-9.006004037874948,0],[116.75157996856026,-9.005893106988735,0],[116.7515396857045,-9.005857362885205,0],[116.75153955568096,-9.005857247021373,0],[116.75144799616162,-9.005776002672057,0],[116.75144796797424,-9.005775978231503,0],[116.75142096395746,-9.005751988924738,0],[116.75141821618327,-9.005749548535855,0],[116.75069573753721,-9.005107739260492,0],[116.75057000236568,-9.00499604325332,0],[116.75053101614274,-9.004959030906956,0],[116.75000000275537,-9.004540966049815,0],[116.74935600578152,-9.004127980121828,0],[116.74910803598031,-9.003947037775179,0],[116.74881600580399,-9.003681369592993,0],[116.74881598489162,-9.003681350584218,0],[116.74870902464986,-9.00358404470771,0],[116.74857861612811,-9.00350912094028,0],[116.74857858338838,-9.003509101923417,0],[116.74824602980893,-9.003318039591997,0],[116.74681101674508,-9.002259006438432,0],[116.7460679740162,-9.001777035640375,0],[116.74576375760581,-9.001539797823872,0],[116.74576316474085,-9.001539335214947,0],[116.74574601075201,-9.001525957571285,0],[116.7454734502498,-9.001364183040838,0],[116.74546828383596,-9.001361116832344,0],[116.74546805920914,-9.001360983715553,0],[116.74508902875526,-9.001136014757698,0],[116.74488610205547,-9.001009090448472,0],[116.74488472068035,-9.001008226598376,0],[116.74488459700198,-9.00100814963018,0],[116.74478203060748,-9.000943997440798,0],[116.74456907889204,-9.000817349124235,0],[116.7445687751467,-9.000817168918037,0],[116.74456101418842,-9.000812553297838,0],[116.74330902345199,-9.00006795578493,0],[116.7432355293928,-9.000011202345936,0],[116.74323387810713,-9.000009926754043,0],[116.74323385355609,-9.000009907742422,0],[116.74322099698543,-8.99999998003058,0],[116.74245703201306,-8.999413994444087,0],[116.7422649926406,-8.999289967123708,0],[116.7416029999551,-8.998889976607739,0],[116.74139315562854,-8.998755729976462,0],[116.74139258726807,-8.99875536596842,0],[116.74138877970563,-8.99875293019017,0],[116.74131700439104,-8.998707012595217,0],[116.74122300181894,-8.998605032016068,0],[116.74116298979213,-8.998493035339909,0],[116.74067498905735,-8.99817301467642,0],[116.74043198663502,-8.997981038868192,0],[116.74007901437331,-8.997461984086433,0],[116.73998050600375,-8.997338745171955,0],[116.73998048237063,-8.99733871530677,0],[116.73998021422258,-8.997338380452456,0],[116.739915992433,-8.997258036311761,0],[116.73954197402799,-8.997007005788298,0],[116.73954060704678,-8.997006408756487,0],[116.73947724387449,-8.99697874324364,0],[116.73947641622797,-8.996978381762935,0],[116.73918701833344,-8.996852026413801,0],[116.73868559451407,-8.996757107518004,0],[116.73868513422532,-8.9967570203596,0],[116.73868394256893,-8.99675679429409,0],[116.73859001910174,-8.996739014855708,0],[116.73858955328811,-8.996739019952285,0],[116.73824956013905,-8.996742946564229,0],[116.738249340879,-8.996742949122009,0],[116.73824043946823,-8.99674305133965,0],[116.73816202898956,-8.996743957121621,0],[116.73816135745994,-8.996744107696028,0],[116.73816126191694,-8.996744129336147,0],[116.7377149164138,-8.996844499990559,0],[116.73771488365631,-8.996844507203253,0],[116.73771441959114,-8.996844610890495,0],[116.73770685441099,-8.996846312297919,0],[116.73732276356496,-8.996932682600786,0],[116.73704998470062,-8.996994022112471,0],[116.73668668107629,-8.997141052398705,0],[116.736553791592,-8.997194833062009,0],[116.73655141908544,-8.99719579284946,0],[116.73655105142412,-8.997195941829126,0],[116.736346901125,-8.997278562100199,0],[116.73632103196104,-8.997289031268648,0],[116.73631334241584,-8.997292844565536,0],[116.73624627162678,-8.997326106588732,0],[116.73624560633418,-8.997326436255056,0],[116.73607503014264,-8.997411027788369,0],[116.73589000327655,-8.997553959081245,0],[116.73583525625251,-8.997842032925467,0],[116.73583525077214,-8.997842062770037,0],[116.73583520419653,-8.997842306047142,0],[116.73583077208124,-8.997865628114607,0],[116.73580435290235,-8.998004642574248,0],[116.73577500939551,-8.998159044999863,0],[116.73573599143116,-8.998272961397557,0],[116.73565101072266,-8.998352026997642,0],[116.73562920235341,-8.998378097128576,0],[116.7349859833694,-8.999146986355614,0],[116.73498535256607,-8.999147423679798,0],[116.73498529340007,-8.999147464339728,0],[116.73439400090768,-8.99955702840129,0],[116.73383597926812,-9.000000012349156,0],[116.73383500324466,-9.000001004784673,0],[116.73382093788322,-9.000012155244269,0],[116.73382084138903,-9.000012232057031,0],[116.73381883959432,-9.000013818912159,0],[116.73372901279062,-9.000085031288393,0],[116.73350697088199,-9.000266004030427,0],[116.73343194670008,-9.000364009272811,0],[116.73343135021466,-9.00036478851989,0],[116.73336001600698,-9.000457973623892,0],[116.73336509780935,-9.000837312694932,0],[116.73336588019532,-9.000895753887153,0],[116.73336599061926,-9.00090398762724,0],[116.73333816747629,-9.0009310264979,0],[116.73332524646615,-9.000943582452894,0],[116.73316747477094,-9.001096907515688,0],[116.73315398290045,-9.001110018413463,0],[116.73303596562887,-9.001225955777093,0],[116.73298500924118,-9.001351979854851,0],[116.73282403115373,-9.001534987204936,0],[116.73274496997995,-9.001624005870179,0],[116.73260599804827,-9.001772031281597,0],[116.73253603132632,-9.001940002123158,0],[116.73253733347882,-9.001957023036262,0],[116.73257654586502,-9.00246961238843,0],[116.73259302421408,-9.002685018245064,0],[116.73248399107726,-9.00364197637505,0],[116.7324464812167,-9.003715743615244,0],[116.73227498107806,-9.004053017151701,0],[116.73211099693565,-9.004238906382277,0],[116.73203501315459,-9.004325040841783,0],[116.73177102836782,-9.00450996167034,0],[116.73149897915222,-9.00474497663675,0],[116.73137301273776,-9.00495495834086,0],[116.73130803575238,-9.005069034319183,0],[116.73117701066704,-9.005120032940683,0],[116.73100898487431,-9.005091966626068,0],[116.7308790113984,-9.005040958291593,0],[116.7307269797154,-9.005092030942485,0],[116.73062999791576,-9.005166024019887,0],[116.73059501761873,-9.005293959741339,0],[116.73057303664429,-9.00539603991103,0],[116.73040698465992,-9.005537986243,0],[116.73035060619961,-9.00558283525174,0],[116.7302850032159,-9.005635021122767,0],[116.73022303006383,-9.005744034801838,0],[116.73024671977316,-9.006002785051416,0],[116.73026001630683,-9.006148021178713,0],[116.73026407682352,-9.006204419676077,0],[116.73026699636313,-9.006244968703186,0],[116.73022711335456,-9.006277755613826,0],[116.7300785019759,-9.006399922305302,0],[116.72993001976933,-9.006521983201502,0],[116.7297559879971,-9.006598994791954,0],[116.72954899160618,-9.006614033844182,0],[116.72890797362567,-9.006358998347286,0],[116.72880298688007,-9.006302039792551,0],[116.72880101484037,-9.006028031206082,0],[116.7287760160128,-9.00594996989812,0],[116.72873891446193,-9.00591160446681,0],[116.72865997312364,-9.005829972239,0],[116.72862231230842,-9.005727843723067,0],[116.72862201358583,-9.005727033976235,0],[116.72862360412475,-9.005723110527171,0],[116.72867436645635,-9.005597887481999,0],[116.72869296435363,-9.005552009617556,0],[116.72878764371923,-9.005455089031853,0],[116.72881902139679,-9.005422968055294,0],[116.72883972708435,-9.005401781846384,0],[116.72892326545984,-9.005316309403293,0],[116.72916302994267,-9.00507098941024,0],[116.72918269399163,-9.005005617631557,0],[116.729255986287,-9.004761963281329,0],[116.72931503703856,-9.004548044705764,0],[116.72964900676814,-9.00417598462196,0],[116.72980152237747,-9.004047490341938,0],[116.72990896720175,-9.00395696909381,0],[116.73010697606162,-9.003716023611746,0],[116.73023599798532,-9.003430987413784,0],[116.73033202712105,-9.002718005661798,0],[116.730335993575,-9.002528011244813,0],[116.7302569940849,-9.002432006818173,0],[116.72992000205699,-9.002330023580164,0],[116.72970900340036,-9.00218300886037,0],[116.7297179658622,-9.001932971123432,0],[116.72971417425063,-9.001905440808617,0],[116.72971411362194,-9.001904999368467,0],[116.72970998176129,-9.001874998616241,0],[116.72948696816,-9.001844991844015,0],[116.72942872662564,-9.001846156571386,0],[116.72942824169661,-9.001846166164652,0],[116.72918598184077,-9.001851011711326,0],[116.72900498597637,-9.001812987305453,0],[116.72867298915097,-9.001553024069649,0],[116.72855896295009,-9.00134503818825,0],[116.7285489564399,-9.001333606988387,0],[116.72854893735035,-9.00133358526634,0],[116.72854716384958,-9.001331558785493,0],[116.72843198721924,-9.001199982307917,0],[116.7282810353695,-9.001113960743874,0],[116.72811201232486,-9.0010169849587,0],[116.72750703416715,-9.000234033029912,0],[116.72740101791285,-9.000150035156503,0],[116.72731224866887,-9.000097593526796,0],[116.72731205315024,-9.000097477606166,0],[116.72727901499982,-9.000077960286706,0],[116.72723300987299,-9.000000968718005,0],[116.72723203532,-8.999999974856275,0],[116.72722799644302,-8.99999309948059,0],[116.72722745580589,-8.999992179204563,0],[116.72721502660391,-8.999971023713757,0],[116.72725369861809,-8.999719088704044,0],[116.72725378638552,-8.999718518029983,0],[116.72725400946197,-8.99971706647383,0],[116.72729101839161,-8.999475967934233,0],[116.72732398286816,-8.99933500893563,0],[116.72734066312874,-8.999284981666635,0],[116.72734381353077,-8.999275531980592,0],[116.72734398130734,-8.999275031012157,0],[116.72735699141461,-8.999236010591355,0],[116.72740807331478,-8.999164448224938,0],[116.7274086944435,-8.999163577651666,0],[116.72741109790029,-8.999160211074528,0],[116.72757402559803,-8.998931959977478,0],[116.72762785095676,-8.99885725737479,0],[116.72763999383837,-8.998840334123766,0],[116.72764444006637,-8.99883413616304,0],[116.72764457030148,-8.998833955359448,0],[116.72772571710867,-8.99872085704012,0],[116.72808396283044,-8.99768899282224,0],[116.72808411124781,-8.997688829217358,0],[116.72826884411926,-8.997483054383068,0],[116.72841161188099,-8.997316490231233,0],[116.72850679113311,-8.9971380320697,0],[116.72862576359876,-8.99703690530364,0],[116.72898268318542,-8.996858444286449,0],[116.7292801146038,-8.99673352267502,0],[116.7295715992091,-8.996596704092724,0],[116.72973816213712,-8.99650152639181,0],[116.7298987752716,-8.996418244753471,0],[116.72997610843422,-8.996329013742569,0],[116.7300118002176,-8.996215990101478,0],[116.73001180035382,-8.996067274081684,0],[116.73000585064901,-8.995847174208501,0],[116.72993446673999,-8.995472407604533,0],[116.72990472433847,-8.995323693302913,0],[116.72996036363132,-8.995096862940695,0],[116.72996059085237,-8.995095937804004,0],[116.73001514629217,-8.995047438697366,0],[116.7300686921071,-8.994999836106432,0],[116.73007819647235,-8.99499138599442,0],[116.73007864164809,-8.994990990149553,0],[116.73011647520588,-8.994957355992138,0],[116.73043023980996,-8.994630741903194,0],[116.73043106197328,-8.994629886847703,0],[116.73044033157514,-8.994620237187336,0],[116.73050574126428,-8.994552315476822,0],[116.73050701684487,-8.994550990412764,0],[116.73109798506654,-8.993679028311844,0],[116.73115059118538,-8.99359259468717,0],[116.73152234747428,-8.992981785495273,0],[116.73152329114305,-8.99298023586966,0],[116.73155202295894,-8.992933027424973,0],[116.73156189550319,-8.992919896752356,0],[116.73204597896365,-8.992276038709706,0],[116.73225278143607,-8.992007263912887,0],[116.73225300272338,-8.992006974633584,0],[116.73232801666586,-8.99191099019267,0],[116.73248125148132,-8.991682935845082,0],[116.73248544920591,-8.991676688795417,0],[116.73248567416579,-8.991676353389115,0],[116.73271500870241,-8.991335041084033,0],[116.73286723888353,-8.991104172831756,0],[116.73289947239863,-8.99105528805263,0],[116.73290010630312,-8.99105432702821,0],[116.73290298893059,-8.991049954953757,0],[116.73291765225078,-8.991036789721695,0],[116.73291828677866,-8.991036219441705,0],[116.73293526698784,-8.99102097372776,0],[116.73305102223675,-8.990917039127428,0],[116.73329197818873,-8.990818008810141,0],[116.73390998584033,-8.990498959573104,0],[116.73449897839835,-8.990157011756722,0],[116.73515503509383,-8.989710027187435,0],[116.73570825727458,-8.989410181486194,0],[116.73570868594294,-8.989409949336771,0],[116.73585610783145,-8.989330046462758,0],[116.73586903705038,-8.98932303860827,0],[116.73588808244342,-8.989312518435618,0],[116.7360520041978,-8.989221977707984,0],[116.73605266890169,-8.98922118403233,0],[116.73616597897112,-8.989085959984065,0],[116.73618001985538,-8.989068969037845,0],[116.7363730091397,-8.98859497332875,0],[116.73649297482433,-8.988368980970582,0],[116.73667901388976,-8.988167991812244,0],[116.73677495327576,-8.988083187387387,0],[116.73677718270922,-8.988081216262698,0],[116.73678193288563,-8.988077017343006,0],[116.73696298662482,-8.98791697573334,0],[116.7370840151335,-8.987675971016087,0],[116.73732802284731,-8.987187994933754,0],[116.73753499671624,-8.98645799769456,0],[116.73758998199435,-8.986149032253351,0],[116.73756602905857,-8.985866959350536,0],[116.7375120221401,-8.98523498430188,0],[116.73739799491445,-8.984611013864079,0],[116.73735026661348,-8.984326508994206,0],[116.7373429952268,-8.984283166475707,0],[116.73734267455283,-8.98428125141942,0],[116.73732703297055,-8.98418801520542,0],[116.7370919722561,-8.983219070546008,0],[116.73709106519932,-8.983215331598227,0],[116.73709098084346,-8.983214983305343,0],[116.73675598933087,-8.982546996839234,0],[116.73673145037024,-8.9824767900773,0],[116.73673114169198,-8.982475907968876,0],[116.73672172430442,-8.98244896431414,0],[116.73658403068377,-8.98205501658775,0],[116.73644903068441,-8.981701965022767,0],[116.73614196703534,-8.98079896613405,0],[116.73611534428863,-8.980670593917036,0],[116.7360749859225,-8.980475987041848,0],[116.73608372315508,-8.980353898339827,0],[116.7360838950138,-8.980351497012974,0],[116.73608391523422,-8.980351212109685,0],[116.73609302190533,-8.980223967111282,0],[116.73621699027322,-8.979855998030013,0],[116.73662801840108,-8.979313972627205,0],[116.73680398232703,-8.97903403114742,0],[116.73683670101002,-8.978921935244651,0],[116.73683736220649,-8.978919668132011,0],[116.73683740871802,-8.978919508972995,0],[116.73685301383378,-8.978866044189473,0],[116.73668501824513,-8.977666982158432,0],[116.73660796739627,-8.9773690442775,0],[116.73643063563134,-8.976850503909127,0],[116.7364270370381,-8.97683998018506,0],[116.73642484391334,-8.976835857713219,0],[116.73632597801979,-8.976650000823238,0],[116.73623191954621,-8.976570782584881,0],[116.73623169134147,-8.976570590667674,0],[116.73622099755003,-8.976561584149582,0],[116.73611696267999,-8.976473963179098,0],[116.7354796559189,-8.976243680821945,0],[116.73547500021051,-8.9762419987337,0],[116.73534699011526,-8.976185025677394,0],[116.73529557921479,-8.97612233405295,0],[116.73526499554617,-8.976085038552233,0],[116.73523583705153,-8.975925327098986,0],[116.7352357482513,-8.975924839509304,0],[116.73522337409015,-8.97585705999822,0],[116.73522300529311,-8.975855040887634,0],[116.73503586304916,-8.9754140420528,0],[116.73501670411426,-8.975368893709453,0],[116.73501582953784,-8.975366833533274,0],[116.73485464527981,-8.97498700382844,0],[116.73476297398514,-8.974770979357615,0],[116.73468540077678,-8.97463021676079,0],[116.73468490381009,-8.974629314616358,0],[116.73464999983813,-8.97456597809355,0],[116.73459800815736,-8.974472977034868,0],[116.73452286126727,-8.974388600932334,0],[116.73452283218029,-8.974388567444883,0],[116.73451747370105,-8.974382551375841,0],[116.73440297772989,-8.974253992848356,0],[116.73435696856596,-8.974185954859058,0],[116.73435307920975,-8.97413754678639,0],[116.73435302962145,-8.974136932594543,0],[116.73435301700238,-8.974136771584275,0],[116.73434797273795,-8.97407399377792,0],[116.73396247488351,-8.973665070057208,0],[116.73396210036533,-8.973664672711582,0],[116.73395260014736,-8.973654595156166,0],[116.73375499009505,-8.973444976700504,0],[116.73338872180203,-8.97314783816253,0],[116.7333874389381,-8.97314679796516,0],[116.7332743542289,-8.973055056928143,0],[116.73310297436147,-8.97291602262041,0],[116.73296772974119,-8.972805701506353,0],[116.73291200138833,-8.972760242614045,0],[116.73291133768504,-8.972759701242705,0],[116.7327719827702,-8.972646025912034,0],[116.73246603397808,-8.97239295760016,0],[116.73227635700606,-8.9722880572979,0],[116.73227533852842,-8.972287493960378,0],[116.73226377516966,-8.972281098900655,0],[116.73184599136748,-8.972050044188972,0],[116.73162512068068,-8.971866704310042,0],[116.73160582904265,-8.971850691485942,0],[116.73160475349674,-8.971849798866817,0],[116.731458029281,-8.971728006139658,0],[116.73120958997725,-8.97152226320524,0],[116.7312086126213,-8.971521454775017,0],[116.73120635879545,-8.971519587150231,0],[116.73112599293287,-8.971453033395209,0],[116.73107000558205,-8.971432514753863,0],[116.73106853950605,-8.971431978222382,0],[116.73094980287101,-8.971388463085693,0],[116.73015999558332,-8.971099013147827,0],[116.72982589387281,-8.971013542447999,0],[116.72982024830677,-8.971012098355223,0],[116.72982002182934,-8.97101204030159,0],[116.72972513969337,-8.971008522059236,0],[116.72971710799328,-8.971008224031335,0],[116.7290089911991,-8.970981966071765,0],[116.72873597906484,-8.970930038278448,0],[116.72859073726829,-8.970882880413333,0],[116.72858700194976,-8.970881667448012,0],[116.72855803435907,-8.970872261976917,0],[116.7285577578709,-8.97087217222826,0],[116.72793202190904,-8.970669004435676,0],[116.72756549932241,-8.970568167515893,0],[116.72749598012251,-8.970549041246882,0],[116.72717491971731,-8.970490098660491,0],[116.72708203378849,-8.970473046269683,0],[116.72702836761216,-8.970463367371428,0],[116.72688627414712,-8.970437738288064,0],[116.72688616772427,-8.970437719214901,0],[116.72671601506599,-8.97040703035692,0],[116.72649522860512,-8.97037365919353,0],[116.72624287762554,-8.970335516796252,0],[116.72624214993323,-8.970335406812657,0],[116.72622680745091,-8.97033308806665,0],[116.7262260415552,-8.97033297172321,0],[116.72622600426085,-8.970332966268577,0],[116.7253490096353,-8.970306030788093,0],[116.72534798622596,-8.970305999274535,0],[116.7253202118405,-8.970306913886619,0],[116.72508418141507,-8.970314688043503,0],[116.72508327440333,-8.970314718121827,0],[116.72486203362895,-8.97032200475794,0],[116.72486200360281,-8.970322011971591,0],[116.7247025368593,-8.970358780559733,0],[116.72470109470507,-8.970359113246168,0],[116.72450197914758,-8.970405024749502,0],[116.72450066589263,-8.970405729280921,0],[116.72439399095329,-8.970463001406817,0],[116.72431603718908,-8.970679979961142,0],[116.72429681063959,-8.970813305266457,0],[116.72429418235163,-8.970831530798774,0],[116.72429413662675,-8.970831847339822,0],[116.724283008009,-8.970909018251573,0],[116.72427401993885,-8.970991034359475,0],[116.72425679526832,-8.971000722274848,0],[116.72425424606085,-8.971002155814936,0],[116.7241656663176,-8.971051975621855,0],[116.72405901274068,-8.971111960254676,0],[116.723784030236,-8.971185998929437,0],[116.72378400112018,-8.971186005239183,0],[116.7237743427593,-8.97118822670889,0],[116.72353201386159,-8.971243958089838,0],[116.72345900790053,-8.97127999212451,0],[116.72345771561402,-8.971280630639198,0],[116.72345760185657,-8.971280686633099,0],[116.72343086973704,-8.971293880473263,0],[116.72338826615619,-8.97131490897216,0],[116.72323199504574,-8.97139204081771,0],[116.72318650114768,-8.971427623251815,0],[116.7231603566477,-8.971448072509103,0],[116.72316019553121,-8.971448199018454,0],[116.72315879919208,-8.971449290608776,0],[116.7231029701793,-8.971492957853686,0],[116.72319021262763,-8.97172679675378,0],[116.72319043233392,-8.97172738574807,0],[116.72319237065224,-8.971732581745444,0],[116.72322200015374,-8.971811999169326,0],[116.72322309858092,-8.971815082529165,0],[116.72323992177874,-8.971862291052163,0],[116.72324360468994,-8.971872626822266,0],[116.72324361921534,-8.97187266663116,0],[116.72325800590397,-8.971913038019506,0],[116.72320432047947,-8.97198626504816,0],[116.72317938742023,-8.972020274576689,0],[116.72317912332807,-8.972020634369963,0],[116.72310699601117,-8.972119018001177,0],[116.72301801469476,-8.972235971037136,0],[116.72302502208457,-8.972492981905178,0],[116.72304544067659,-8.972589165489063,0],[116.7230689730623,-8.972700013354855,0],[116.72308647398596,-8.972723270319475,0],[116.72308802623036,-8.97272533374344,0],[116.72308834522241,-8.972725757288641,0],[116.72314196402515,-8.972797010585234,0],[116.72328198789114,-8.972833016001594,0],[116.72331690369776,-8.97283464582882,0],[116.72337685787423,-8.972837444019298,0],[116.72338082868129,-8.972837628796709,0],[116.7233809578573,-8.972837635224929,0],[116.72338119164812,-8.972837646253964,0],[116.72347499365618,-8.972842023699439,0],[116.72357499624985,-8.972891007574471,0],[116.72357502625978,-8.972891022068936,0],[116.72363299332716,-8.97321399736402,0],[116.72361197175965,-8.973356568872367,0],[116.7236099947882,-8.973369973896544,0],[116.72343400973224,-8.973569967406004,0],[116.72339783229785,-8.973607667932226,0],[116.7233896237266,-8.973616221976828,0],[116.72338903648895,-8.97361683478833,0],[116.723291970285,-8.97371798834066,0],[116.72329175310843,-8.973724865093299,0],[116.7232916739026,-8.973727345173623,0],[116.72328512902075,-8.973934264598613,0],[116.72328512343357,-8.973934434640464,0],[116.72328481026985,-8.973944326924888,0],[116.72327998130633,-8.974096977619391,0],[116.72328103220329,-8.974194012285253,0],[116.72316403745053,-8.974354983555346,0],[116.723020015584,-8.9744450361782,0],[116.72297018154654,-8.974453465836442,0],[116.72290795177645,-8.974463991866665,0],[116.72290752050982,-8.974464064807702,0],[116.72283206613578,-8.974476827683594,0],[116.72277198541254,-8.974486990789515,0],[116.7225639549038,-8.974427346543184,0],[116.72255781011812,-8.974425584484514,0],[116.72252456770013,-8.974416054124939,0],[116.72231501927094,-8.974355974440371,0],[116.72229799894723,-8.97435267559714,0],[116.72229692198798,-8.974352466752524,0],[116.72226199630603,-8.974345698352211,0],[116.72221351858543,-8.974336303039488,0],[116.72221294281252,-8.97433619135302,0],[116.72221196408951,-8.974336001576539,0],[116.72209271027556,-8.974411699948288,0],[116.72209091542453,-8.974412839172683,0],[116.72206264105739,-8.97443078670026,0],[116.72191100976147,-8.974527037122392,0],[116.72163219896714,-8.974707159120054,0],[116.7216309948028,-8.974707936987192,0],[116.72162303803371,-8.974713077596578,0],[116.7211959907676,-8.974988965421446,0],[116.72080728066622,-8.975201859767216,0],[116.72080702583473,-8.9752019997721,0],[116.72071667478554,-8.975230931549051,0],[116.72071603417814,-8.975231137290699,0],[116.72071536809277,-8.97523135024907,0],[116.7207150860074,-8.975231440485786,0],[116.72071502959032,-8.975231458533132,0],[116.72071496862321,-8.975231478386036,0],[116.72057599785046,-8.975275978702072,0],[116.72046874675232,-8.97529771952084,0],[116.72046306642433,-8.97529887117311,0],[116.72046101375469,-8.975299286594176,0],[116.7202599858113,-8.975340036797867,0],[116.71991599577593,-8.975499026901787,0],[116.71984308324797,-8.975535034922691,0],[116.71978381001328,-8.975564306611489,0],[116.71978209452038,-8.975565153730948,0],[116.7197580293837,-8.975577038692009,0],[116.71975782199779,-8.975576996023156,0],[116.71975724895786,-8.975576878003418,0],[116.71957572533273,-8.975539571622596,0],[116.71957128836637,-8.975538659231676,0],[116.71954788286652,-8.975533849421026,0],[116.7195049694509,-8.975525029619499,0],[116.71942257338088,-8.975495342860471,0],[116.71917990445235,-8.97540791129729,0],[116.71916002507211,-8.975400748825539,0],[116.71888622484282,-8.975302101121322,0],[116.71888599656403,-8.975302018638097,0],[116.7188859665513,-8.975302007761261,0],[116.71887084912933,-8.97529430167588,0],[116.71868200599641,-8.9751980358018,0],[116.71861402663768,-8.975121027369529,0],[116.71866661384516,-8.974967162255702,0],[116.71866695941145,-8.974966151288067,0],[116.71868101639438,-8.974925022627529,0],[116.71869337848742,-8.974893420676908,0],[116.718693497896,-8.974893116855888,0],[116.71874400269925,-8.97476401172935,0],[116.7182629951485,-8.974682980987689,0],[116.71814202356623,-8.974646987299108,0],[116.71804900518369,-8.974550967879056,0],[116.71802275636952,-8.974474937297739,0],[116.71802038364835,-8.974468063097031,0],[116.71802023206259,-8.974467624298915,0],[116.71802022207653,-8.974467597156293,0],[116.71796996558815,-8.974322024771421,0],[116.71795014722831,-8.974107573536923,0],[116.71794882552113,-8.9740932750991,0],[116.71792800936278,-8.973868027894211,0],[116.71779696964136,-8.97375497930841,0],[116.71759199540749,-8.973606964998552,0],[116.71751518583957,-8.973452359819563,0],[116.71751460088686,-8.973451182618046,0],[116.71749780257683,-8.973417371328718,0],[116.71735801358352,-8.973136000244429,0],[116.71733394076628,-8.973045078690658,0],[116.71731968883932,-8.972991246428897,0],[116.71731965890383,-8.972991136057017,0],[116.71731937589955,-8.972990064008178,0],[116.71728097408115,-8.972845021593997,0],[116.71725934269863,-8.972794444405023,0],[116.71725790157451,-8.972791075849313,0],[116.71725780622582,-8.972790853269398,0],[116.71724503226292,-8.972760985049861,0],[116.71708663110176,-8.972721132736185,0],[116.71708658926289,-8.972721121850151,0],[116.71708650376502,-8.97272110098119,0],[116.71708603262024,-8.972720982130959,0],[116.71691497272676,-8.972755033967614,0],[116.71654462543691,-8.972924596098746,0],[116.71654203544195,-8.972925781719946,0],[116.71652198254505,-8.97293496328873,0],[116.71649936488147,-8.972933922945494,0],[116.71643602032377,-8.9729310088801,0],[116.71643066308641,-8.972924985322534,0],[116.71633637882104,-8.972818983362632,0],[116.71633634700814,-8.972818948062727,0],[116.71633156330856,-8.972813569852445,0],[116.71622698729058,-8.972695996839178,0],[116.71615925858123,-8.972550569091155,0],[116.71614269559835,-8.972515005003846,0],[116.71614260114468,-8.972514802323325,0],[116.71612498827692,-8.972476984319753,0],[116.71611719776094,-8.97240044860886,0],[116.71611717338475,-8.972400208897696,0],[116.71611017916345,-8.972331500434745,0],[116.71608203257078,-8.972054996742932,0],[116.71598896773298,-8.97153702492407,0],[116.71597125673574,-8.971500299473435,0],[116.71596313238355,-8.971483454155969,0],[116.7159628444665,-8.971482856964796,0],[116.71593399644063,-8.971423038307933,0],[116.71541303036541,-8.97131701360302,0],[116.71520698019356,-8.971300033881763,0],[116.71516450257116,-8.970584877393636,0],[116.71516403474975,-8.970576999744416,0],[116.71516353559596,-8.970568470831195,0],[116.71516349249228,-8.970567749007142,0],[116.71515196875782,-8.970370988807817,0],[116.71509702935641,-8.970120993366995,0],[116.71511354464799,-8.969939784133482,0],[116.71511370246971,-8.969938052137977,0],[116.7151179865912,-8.969891041348678,0],[116.71511793685654,-8.969890656897912,0],[116.71511691870008,-8.969882725458707,0],[116.71511519614668,-8.969869314921144,0],[116.71511514732175,-8.969868930471101,0],[116.71510501274972,-8.969790020426375,0],[116.71509001945346,-8.96968302734324,0],[116.71512831518149,-8.969596264675696,0],[116.71513036384093,-8.969591623457024,0],[116.7151304814015,-8.969591357624678,0],[116.71518402722097,-8.969470043955672,0],[116.71530788999256,-8.969342174359234,0],[116.71530902531995,-8.969341003001883,0],[116.71531131651041,-8.969340325487234,0],[116.71547799468448,-8.969291033765035,0],[116.71559109402561,-8.969251378892128,0],[116.7155949158713,-8.969250038650538,0],[116.71569706469296,-8.96921422306093,0],[116.71596001392177,-8.969122026935414,0],[116.71601379789907,-8.969090640507483,0],[116.71602776835329,-8.969082487224405,0],[116.71602804503145,-8.96908232643598,0],[116.71609202333093,-8.969044990791433,0],[116.71611618419743,-8.969003143664247,0],[116.71611625980557,-8.969003012569827,0],[116.71611801791981,-8.968999967564303,0],[116.7161440033931,-8.968954959704547,0],[116.71613622053732,-8.968881506523362,0],[116.71613614016164,-8.96888074849069,0],[116.71613613473919,-8.968880702357026,0],[116.71613097085671,-8.968831963934306,0],[116.71608336046133,-8.968769406523018,0],[116.71608315507555,-8.968769136824283,0],[116.716082786108,-8.96876865263341,0],[116.71608269159411,-8.968768528644329,0],[116.71602898144613,-8.96869795628962,0],[116.71602606830807,-8.96869708844521,0],[116.71596369277978,-8.968678503698987,0],[116.71570702294265,-8.968602030809675,0],[116.71565803640415,-8.968577861977836,0],[116.71565014312388,-8.968573967460902,0],[116.71564926558689,-8.968573535339404,0],[116.71555097971071,-8.968525043648793,0],[116.71538997426612,-8.968366031646656,0],[116.7154000504993,-8.968044472496718,0],[116.71540006167294,-8.968044142362848,0],[116.71540097498799,-8.968014984701721,0],[116.71541247844928,-8.967896797124192,0],[116.715412522469,-8.967896343099104,0],[116.71550502485952,-8.966945983822109,0],[116.71558100457837,-8.966474984103364,0],[116.71560618302749,-8.966071013959043,0],[116.71560806227819,-8.96604087565406,0],[116.71560808439195,-8.96604051477554,0],[116.7156150358113,-8.965928984412423,0],[116.71564002082661,-8.965825006925376,0],[116.71581757955667,-8.965687558117988,0],[116.71581849527169,-8.965686849693693,0],[116.71586752153848,-8.965648897461639,0],[116.71594100357282,-8.96559201473382,0],[116.71613002656291,-8.965507969024902,0],[116.71613123661392,-8.96550778543582,0],[116.71613310991862,-8.965507501051894,0],[116.71626332868561,-8.965487749027115,0],[116.71630797774293,-8.965480976017016,0],[116.71630826348297,-8.96548085684222,0],[116.71647971562356,-8.96540939534692,0],[116.71648296523189,-8.96540804108829,0],[116.71648451342537,-8.965408202371854,0],[116.71652126528241,-8.96541203216267,0],[116.71652445900015,-8.965412364753607,0],[116.71655902228426,-8.965415965833351,0],[116.71670203495506,-8.965656986329654,0],[116.7167499804431,-8.965834993412935,0],[116.71675703154588,-8.96612501230968,0],[116.71679431330465,-8.96621171911443,0],[116.71679442953688,-8.96621199055349,0],[116.71679676600509,-8.966217422961854,0],[116.71679701663216,-8.966218006556405,0],[116.71680783555837,-8.96621947018365,0],[116.71689980825808,-8.966231915081975,0],[116.71690555245911,-8.966232691923201,0],[116.71720079531707,-8.966272639887862,0],[116.71720091083797,-8.966272655352729,0],[116.71720129105563,-8.966272707200046,0],[116.71720133016885,-8.966272712656952,0],[116.71724710277431,-8.966278905500682,0],[116.71724713733968,-8.966278910049628,0],[116.71724802330202,-8.966279030121171,0],[116.7174410181498,-8.966102022256159,0],[116.71757482854049,-8.966031715480966,0],[116.71757505150943,-8.966031598066252,0],[116.71761433222827,-8.966010959333888,0],[116.71771702796308,-8.965957000194624,0],[116.71782497964284,-8.965947046258753,0],[116.71782498953996,-8.965947188272834,0],[116.71782499943502,-8.965947333000429,0],[116.71783443794568,-8.96608246620323,0],[116.7178344496413,-8.966082635353697,0],[116.71783445233972,-8.966082675153764,0],[116.71783459629943,-8.966084739333095,0],[116.71784397272936,-8.966218986981817,0],[116.71784735068886,-8.966261133841924,0],[116.71784759666849,-8.96626420480782,0],[116.71784760658241,-8.966264325113906,0],[116.7178490248018,-8.966282021838056,0],[116.7179730132921,-8.966293963577392,0],[116.71810237102427,-8.966288033731256,0],[116.71810301511995,-8.966288004373823,0],[116.71815657143019,-8.966313961847161,0],[116.71815743714858,-8.966314381290678,0],[116.71815763720953,-8.966314478224705,0],[116.71836501316633,-8.966414987831271,0],[116.71854296768913,-8.96657898622176,0],[116.7186096575659,-8.966687620428273,0],[116.71860969754293,-8.966687685582702,0],[116.71860999191932,-8.966688165191886,0],[116.71862802520428,-8.96671754080291,0],[116.71871303371985,-8.966856015732109,0],[116.71877400366189,-8.966948995895427,0],[116.71877402365183,-8.966949026663638,0],[116.71888301702849,-8.96704695567693,0],[116.71890416807362,-8.967103346545388,0],[116.71890419984877,-8.96710343068806,0],[116.71890450397878,-8.967104240447014,0],[116.71891603092894,-8.96713497237056,0],[116.71869401625135,-8.967394974854297,0],[116.71860751655524,-8.96765356261472,0],[116.718601761212,-8.967670766349961,0],[116.71860139010523,-8.967671875889211,0],[116.7185829660683,-8.967726954970884,0],[116.71857722394536,-8.967754158869692,0],[116.71857712077122,-8.967754648125743,0],[116.71857508103346,-8.967764312966409,0],[116.71855699183266,-8.967850012345599,0],[116.71867900787433,-8.96798701941112,0],[116.71884384928829,-8.968093720266966,0],[116.71884488311696,-8.96809438857439,0],[116.7188449167596,-8.968094410307975,0],[116.71888858394797,-8.96812267568132,0],[116.71898798513283,-8.968187017804809,0],[116.7190403476108,-8.968204329037313,0],[116.71904103972639,-8.9682045574974,0],[116.71913194785468,-8.968234611666151,0],[116.71913223161323,-8.968234705045266,0],[116.71913302377156,-8.968234967047692,0],[116.71918368566863,-8.968213656618508,0],[116.7191837384493,-8.968213634046101,0],[116.71921335643653,-8.968201176250494,0],[116.71921340466724,-8.968201155483623,0],[116.71929698058095,-8.96816600043138,0],[116.71940910938986,-8.968013850030083,0],[116.71942267550396,-8.967995441988682,0],[116.71942275199889,-8.96799533893372,0],[116.71942291227549,-8.967995121070814,0],[116.71957699780994,-8.96778603883896,0],[116.71961821509198,-8.967734958601682,0],[116.71961837444337,-8.967734760636983,0],[116.71962010453937,-8.967732617379042,0],[116.71964495509918,-8.967701819901784,0],[116.71964802829635,-8.96769801157277,0],[116.71964965000889,-8.967698406260222,0],[116.71964992650894,-8.967698474307431,0],[116.71979997720358,-8.967735024052644,0],[116.72001597184197,-8.967791978561873,0],[116.72013578018512,-8.967802361590413,0],[116.72013721834348,-8.967802486595689,0],[116.72023597190574,-8.967811044651379,0],[116.7202364673708,-8.967811472854994,0],[116.72032600283279,-8.967888973968947,0],[116.72037500894939,-8.96795801175104,0],[116.72049801584018,-8.967977999258734,0],[116.72065302788589,-8.967932991811008,0],[116.720760021076,-8.967803030823175,0],[116.72080991312797,-8.967730620741921,0],[116.72081050691804,-8.967729759201525,0],[116.7208106863301,-8.96772949884091,0],[116.72085997455476,-8.967657963852341,0],[116.72099199182587,-8.967555532968056,0],[116.72100665959829,-8.967544151855488,0],[116.72100677702002,-8.96754406149407,0],[116.72107899443922,-8.967488027918787,0],[116.72114089031865,-8.967467682650927,0],[116.72114169743465,-8.967467417336618,0],[116.72122200501227,-8.967441020362712,0],[116.72137003460158,-8.967428383930224,0],[116.72137325427786,-8.96742810867518,0],[116.72162102739388,-8.967406957261243,0],[116.72177201717011,-8.967422985610192,0],[116.72184756621303,-8.96737479278834,0],[116.72184815417148,-8.967374417863018,0],[116.72187065041108,-8.967360067702977,0],[116.72198200572475,-8.967289035112502,0],[116.72215708200139,-8.96717566367949,0],[116.72215758531839,-8.96717533843759,0],[116.7222770280922,-8.967097992991611,0],[116.72248997128773,-8.967025988224226,0],[116.72326201018694,-8.96662595638243,0],[116.72334284444773,-8.96661239962119,0],[116.72334589144926,-8.966611889049354,0],[116.72341696510885,-8.96659996935014,0],[116.72352398865087,-8.966582019985522,0],[116.72357848421925,-8.966567095769769,0],[116.72357898466281,-8.96656695865982,0],[116.72357044937428,-8.966555459693751,0],[116.72351296614724,-8.96647801588146,0],[116.72343985639758,-8.966415642015477,0],[116.72343961002551,-8.966415431987054,0],[116.72343946638405,-8.966415309772033,0],[116.7234110136087,-8.96639103520917,0],[116.72341099816899,-8.966391001731104,0],[116.72333297680166,-8.966223046337518,0],[116.72333149531211,-8.966165997471155,0],[116.72333149176092,-8.966165881692412,0],[116.72333148382003,-8.966165556066247,0],[116.72333144581032,-8.96616409255583,0],[116.72332998905887,-8.966108013332445,0],[116.72346200970814,-8.965910496798962,0],[116.72346212537158,-8.965910324125856,0],[116.72346501514365,-8.965906000060556,0],[116.72347151070873,-8.96590205405969,0],[116.72347210593057,-8.965901692704591,0],[116.7234722178765,-8.965901624046262,0],[116.72356695918677,-8.96584406824771,0],[116.72356700469331,-8.965844040242212,0],[116.72358905558389,-8.96584337563795,0],[116.7235913353617,-8.965843306791136,0],[116.72393016708969,-8.96583309575792,0],[116.72393098766406,-8.965833071044559,0],[116.72393300180136,-8.965833010137802,0],[116.72403100140734,-8.965888968771495,0],[116.72405494295245,-8.96593010976274,0],[116.72408396681443,-8.965979982976549,0],[116.7240892917447,-8.965993898170426,0],[116.7240916523285,-8.96600006591299,0],[116.72409168501376,-8.96600015096043,0],[116.72411803094491,-8.966068994074996,0],[116.72420297959523,-8.966123045284617,0],[116.72423541259523,-8.966119295898418,0],[116.72423645703125,-8.966119174569796,0],[116.72430054698171,-8.966111764755517,0],[116.72445399529985,-8.966094023393211,0],[116.72499070534978,-8.965868196485797,0],[116.7249941478616,-8.965866748226986,0],[116.72499574490303,-8.965866076466222,0],[116.72499580223294,-8.96586605208733,0],[116.72509098317288,-8.965826003734405,0],[116.7253350210736,-8.965699040322516,0],[116.72534300928696,-8.96555001437591,0],[116.72539102660808,-8.965437010052645,0],[116.72550864227729,-8.965301634816846,0],[116.7255089491135,-8.965301281384807,0],[116.72551732291545,-8.965291642004026,0],[116.72564298815003,-8.965147001563151,0],[116.72582216081094,-8.965034452643879,0],[116.72582562386995,-8.965032278077992,0],[116.72582583047058,-8.965032147983033,0],[116.72586903361442,-8.965005009711705,0],[116.72599800330872,-8.964955387597321,0],[116.72599837093574,-8.964955245863088,0],[116.72599899335327,-8.96495500663153,0],[116.72604648319361,-8.964987100040574,0],[116.72605513556556,-8.964992946812508,0],[116.7260902815094,-8.965016697904963,0],[116.72609093889308,-8.965017142501825,0],[116.72614099554858,-8.965050969919519,0],[116.72614209344562,-8.965051126306738,0],[116.72652928463158,-8.965106228317039,0],[116.72655268340229,-8.96510955790279,0],[116.72655960006556,-8.965110542591887,0],[116.72666797993199,-8.965125965766708,0],[116.72666831293337,-8.965125899984297,0],[116.7267838244171,-8.96510302006972,0],[116.72678385080194,-8.9651030155667,0],[116.72678396726174,-8.965102992135732,0],[116.72679405448564,-8.965089053088942,0],[116.72679616263102,-8.965086139440029,0],[116.7269279912931,-8.964903969022394,0],[116.7270399849847,-8.964300962127627,0],[116.72704691184869,-8.964093305575059,0],[116.72704691463383,-8.964093230503524,0],[116.72704697141208,-8.964091507471064,0],[116.7270540266691,-8.963880012308348,0],[116.72704698384241,-8.963658115830947,0],[116.72704690030152,-8.963655475530878,0],[116.72704689852668,-8.963655415832497,0],[116.72704324912392,-8.963540441112137,0],[116.72704002902924,-8.963438967290033,0],[116.72695530431957,-8.963209518772997,0],[116.72695170100619,-8.963199758355945,0],[116.72695155120758,-8.963199353933412,0],[116.72693701992782,-8.963160000124846,0],[116.72691337942463,-8.963128484327452,0],[116.72686068019173,-8.96305823080903,0],[116.7268605093371,-8.963058004557597,0],[116.72682930040135,-8.963016398884049,0],[116.72682903412425,-8.963016044123,0],[116.72680674533723,-8.963005383492806,0],[116.72680045700763,-8.963002375904725,0],[116.72680011235445,-8.963002211030961,0],[116.7266911219351,-8.962950081000216,0],[116.72669098643853,-8.962950015776016,0],[116.72647187280985,-8.962970212310639,0],[116.72646210559672,-8.962971112301961,0],[116.7258879969864,-8.963024029315164,0],[116.72561123398866,-8.96306210891238,0],[116.72538931879942,-8.963092642073356,0],[116.72538904677133,-8.96309267895593,0],[116.72537663262777,-8.963094387385961,0],[116.72531401694326,-8.963103002389703,0],[116.72531391692112,-8.96310294261836,0],[116.72531345500019,-8.96310266730703,0],[116.72519489319092,-8.963032008267707,0],[116.72519429032927,-8.963031649637442,0],[116.72515971174255,-8.96301104202678,0],[116.72515798590511,-8.963010013231337,0],[116.72514104044745,-8.962998542421861,0],[116.72487480678583,-8.962818317149665,0],[116.72487208907825,-8.962816477182363,0],[116.72464096399929,-8.962660018295104,0],[116.724405036401,-8.962479975352148,0],[116.72432009142481,-8.962378669461932,0],[116.72431441182718,-8.962371894135474,0],[116.72431425913501,-8.962371712216989,0],[116.72420298393644,-8.962239004114068,0],[116.72411901957003,-8.962073994914958,0],[116.72409697420991,-8.96156602344356,0],[116.72410365922035,-8.961502574978386,0],[116.72410368670502,-8.961502318120628,0],[116.72410639149584,-8.961476644975514,0],[116.724125005227,-8.961299993550432,0],[116.72454401674767,-8.96061004130942,0],[116.72484346297014,-8.960253980291183,0],[116.7248459850765,-8.96025098103253,0],[116.72491185570281,-8.960188424976879,0],[116.72491327037652,-8.960187081035695,0],[116.7249566017982,-8.960145930414647,0],[116.72500602522456,-8.960098993700514,0],[116.72518798242704,-8.960026964184996,0],[116.72518824066137,-8.960027121759985,0],[116.72518841615107,-8.960027229525956,0],[116.72528636687731,-8.960087153100721,0],[116.72530745660296,-8.960100055185555,0],[116.72530751570578,-8.960100091409466,0],[116.72538097423104,-8.960145030900826,0],[116.72551070315552,-8.960216097939607,0],[116.72551084046277,-8.960216173115066,0],[116.72551289006897,-8.960217295312473,0],[116.7255216377209,-8.960222087517273,0],[116.72552173047154,-8.960222138238139,0],[116.72598697131781,-8.960477001558306,0],[116.72607303400808,-8.960545975608616,0],[116.72610185741402,-8.960596113544481,0],[116.72610193645511,-8.960596250182649,0],[116.72610227896324,-8.96059684650243,0],[116.72616098330695,-8.960698960192085,0],[116.72624479181962,-8.96075583302459,0],[116.72624502912926,-8.960755994201381,0],[116.72626267693981,-8.960755130798033,0],[116.7262638950648,-8.960755072002263,0],[116.72632702016935,-8.960751984607231,0],[116.72639597929992,-8.960621001442695,0],[116.72635898996333,-8.960231031899593,0],[116.72635650715452,-8.96012558513171,0],[116.72635650185607,-8.960125371665516,0],[116.72635600019031,-8.96010405220302,0],[116.72635397320472,-8.960017972045222,0],[116.72637597180888,-8.959790008803784,0],[116.72633118825989,-8.95968829256888,0],[116.72633104840494,-8.95968797498554,0],[116.72632959173401,-8.959684667051942,0],[116.7262909781687,-8.959596965194038,0],[116.72625782939306,-8.959403163059088,0],[116.72625778863838,-8.959402920622614,0],[116.72625660666266,-8.959396010263891,0],[116.72623197719514,-8.959252016261802,0],[116.72629396590979,-8.959012959950483,0],[116.72634262475937,-8.958746064073138,0],[116.72634292436678,-8.958744420816041,0],[116.72634812456675,-8.958715895789695,0],[116.72634902521425,-8.958710957879237,0],[116.72635524195842,-8.958687949252708,0],[116.72635548734536,-8.958687039505984,0],[116.72638603285192,-8.958573982257704,0],[116.72649900971875,-8.958461024832365,0],[116.72660696873135,-8.95833703417476,0],[116.7266086411544,-8.958326739472835,0],[116.72661548163958,-8.958284630044634,0],[116.72661747483872,-8.9582723601489,0],[116.72661757445026,-8.95827175058867,0],[116.72663296804744,-8.958176989225484,0],[116.72664700134503,-8.958068028900142,0],[116.72709201119959,-8.957709974938338,0],[116.72720497567352,-8.957619087100829,0],[116.72720549541732,-8.95761866779532,0],[116.72722171303509,-8.957605619654771,0],[116.72735298221663,-8.957500003698357,0],[116.72760187342585,-8.957386280405967,0],[116.7276021600745,-8.957386149464257,0],[116.72760248403307,-8.957386001364476,0],[116.72767716374217,-8.95735187883461,0],[116.72767793541884,-8.957351525742403,0],[116.72767901740333,-8.957351031776296,0],[116.72790196936845,-8.9573269596453,0],[116.72809207060325,-8.957256533779955,0],[116.7280947339873,-8.957255547116675,0],[116.7280948249807,-8.957255513716984,0],[116.72809530087729,-8.95725533768884,0],[116.72819601900588,-8.95721802500983,0],[116.7284943414681,-8.957168891667523,0],[116.72853001005787,-8.957163016864746,0],[116.7285306695535,-8.957163052624045,0],[116.72858582976363,-8.957166052608292,0],[116.72878796380637,-8.957177042141446,0],[116.72911101340887,-8.957210015352713,0],[116.72935786277515,-8.957227612122807,0],[116.72958230682798,-8.957340911229359,0],[116.72973935057306,-8.957447986862853,0],[116.72991067285608,-8.957555061998443,0],[116.73003202527188,-8.957562201130385,0],[116.73007485489984,-8.957383741659154,0],[116.730103408675,-8.957133897553538,0],[116.73011054670584,-8.956955439177621,0],[116.73023230979169,-8.956659467401556,0],[116.73023239636639,-8.956659257620299,0],[116.73023248203071,-8.956659048742873,0],[116.73036662786744,-8.956608296317276,0],[116.73036875119593,-8.956608126913299,0],[116.73036877757878,-8.956608124219002,0],[116.7303699156608,-8.956608033693415,0],[116.73068208045348,-8.95658307240723,0],[116.73072948835386,-8.956593378420118,0],[116.73081533428939,-8.956612039225966,0],[116.73082977322333,-8.956615177493395,0],[116.7310718525587,-8.956667799181785,0],[116.73117764188885,-8.95668847605679,0],[116.73126264258784,-8.956704914690159,0],[116.73126296275156,-8.956704976428732,0],[116.73127920741757,-8.956698205365441,0],[116.73130275089916,-8.956688391429621,0],[116.73130347977946,-8.956688088046219,0],[116.73146625489704,-8.956620238306916,0],[116.73178674037423,-8.956519793317803,0],[116.73186253262243,-8.956496106872175,0],[116.73186810207588,-8.956494366123113,0],[116.73189498667477,-8.956485964687195,0],[116.73189541254929,-8.956485770527822,0],[116.73189544894858,-8.956485754273148,0],[116.7319012801516,-8.95648309835745,0],[116.73218702809348,-8.95635297104874,0],[116.73236800922056,-8.9562790386379,0],[116.73236847423482,-8.956278811944197,0],[116.73259800005502,-8.956166978807241,0],[116.73261750384157,-8.956154295501042,0],[116.73261753114528,-8.95615427743073,0],[116.73266728900319,-8.956121919544827,0],[116.73288400297753,-8.955980986384324,0],[116.73301843178925,-8.955930583224509,0],[116.73304523110411,-8.955920534543564,0],[116.73304557505845,-8.955920405447866,0],[116.73319598404635,-8.955864010568048,0],[116.73349884637018,-8.955823087477333,0],[116.73351870033078,-8.955820405451004,0],[116.73351917796141,-8.955820340670714,0],[116.7336400175527,-8.955804012745142,0],[116.73383356394856,-8.955775847390397,0],[116.73390294369236,-8.955765751474472,0],[116.7339255717144,-8.955762458168023,0],[116.73395560442583,-8.95575808839798,0],[116.73395580548731,-8.955758058693926,0],[116.73395599836032,-8.95575803079299,0],[116.73473725353152,-8.955729629325138,0],[116.73530503234291,-8.955708988006615,0],[116.73530599931804,-8.955709012215138,0],[116.73562299794253,-8.95571699214834,0],[116.7356240613911,-8.955716951300781,0],[116.73617396873742,-8.955696044431344,0],[116.73650097962407,-8.955643012135413,0],[116.7366279543098,-8.95558194368754,0],[116.73664314034536,-8.955574640688251,0],[116.736643297775,-8.955574564822074,0],[116.73664333053524,-8.955574548564352,0],[116.73668196902035,-8.955555965921535,0],[116.73691201600803,-8.955367217898571,0],[116.7369128106281,-8.955366567221812,0],[116.73696102400078,-8.955327008713608,0],[116.73696305637866,-8.955324270420864,0],[116.7371569926006,-8.955062998015345,0],[116.73730897393885,-8.954736012590432,0],[116.73746475742254,-8.95410469916879,0],[116.73746525920468,-8.954102665299162,0],[116.73746855454168,-8.954089312660924,0],[116.73757400796792,-8.953661961281655,0],[116.73760218051734,-8.953574636181736,0],[116.73760342499052,-8.953570781170665,0],[116.73760351889734,-8.953570488178501,0],[116.73764497493826,-8.953441991405505,0],[116.73795198843399,-8.953030019898808,0],[116.73807499736822,-8.95283197118299,0],[116.73807780005633,-8.952812931582976,0],[116.73807787958636,-8.952812388937842,0],[116.73808354620556,-8.95277389642344,0],[116.73810899159753,-8.952601033275783,0],[116.73812742100861,-8.952365343857606,0],[116.7381275017975,-8.952364312782082,0],[116.7381286787637,-8.952349265409106,0],[116.7381350336651,-8.952267990418843,0],[116.73808700356719,-8.951985991413078,0],[116.73775299925009,-8.951649981150144,0],[116.7375080185876,-8.951436026650574,0],[116.73728486996357,-8.951298652699998,0],[116.73726650088825,-8.95128734424365,0],[116.73726585803426,-8.951286948520066,0],[116.73721403418918,-8.95125504432464,0],[116.73710801658629,-8.951189044430206,0],[116.7370630121269,-8.951083027421454,0],[116.73716974065182,-8.950940487584395,0],[116.73716979619496,-8.950940413454628,0],[116.73717332819379,-8.950935697172493,0],[116.73722699199281,-8.950864026306311,0],[116.73724251335788,-8.950826479667754,0],[116.73724257441158,-8.950826332277183,0],[116.73724351755716,-8.950824051791402,0],[116.73727703523636,-8.950742973366339,0],[116.73720308685029,-8.950516603559581,0],[116.73720189598008,-8.950512957570098,0],[116.73720159190883,-8.950512026621414,0],[116.73716596383292,-8.95040296086679,0],[116.73720052313156,-8.950240659777121,0],[116.73724303422564,-8.950041017419753,0],[116.73718198116643,-8.949616035262373,0],[116.73709597925452,-8.949358967109491,0],[116.73700904759664,-8.949225029998498,0],[116.73700749560287,-8.94922263920125,0],[116.73694799920194,-8.949130972670508,0],[116.73683244426418,-8.949066431229303,0],[116.73683175319508,-8.949066045420329,0],[116.73681801183461,-8.94905836999976,0],[116.7366920190782,-8.948987998817902,0],[116.73660700333654,-8.948924997674242,0],[116.73634297990377,-8.948597989620884,0],[116.73619967146438,-8.948436065788426,0],[116.73613499692361,-8.94836299020525,0],[116.7360739906735,-8.948186967667107,0],[116.73607303726425,-8.94817319412993,0],[116.73612134341049,-8.94817283236914,0],[116.73795052665928,-8.948179348841768,0],[116.73941372735706,-8.948017632892606,0],[116.74032924492064,-8.947857192844662,0],[116.74098115871851,-8.947233542297717,0],[116.74198849035605,-8.94668058177087,0],[116.74297406314368,-8.946510748956815,0],[116.74425536005322,-8.945996947073743,0],[116.74533730825547,-8.945539489023322,0],[116.74686976503882,-8.94512952365901,0],[116.74838773633711,-8.94401947356271,0],[116.7500001408425,-8.943450148557385,0],[116.75050063215967,-8.943339068134634,0],[116.75056429292205,-8.9433249392183,0],[116.75135638802992,-8.943217303630414,0],[116.75329967195101,-8.94321730414431,0],[116.75421941666353,-8.94349510668935,0],[116.75579182333142,-8.944092489081417,0],[116.75636203094456,-8.944297305763856,0],[116.76025961233101,-8.944672758255287,0],[116.76027905839129,-8.94467226159838,0],[116.76293786772241,-8.944604383836971,0],[116.76923654612706,-8.944109125157869,0],[116.77061885158524,-8.94398957013237,0],[116.77410722070617,-8.942197144673516,0],[116.77654349319565,-8.941514230918559,0],[116.7787750081697,-8.940916657274194,0],[116.78022643716974,-8.94072879087253,0],[116.7811940432599,-8.940609233061673,0],[116.78178975515165,-8.940605105930622,0],[116.78209772324585,-8.94060297242291,0],[116.78209651236958,-8.940621562921185,0],[116.78209758855664,-8.940621439636383,0],[116.78209752243619,-8.940622492442156,0],[116.7822803301735,-8.940600556126064,0],[116.78228852302082,-8.940599619346482,0],[116.78252117371895,-8.940602680150677,0],[116.784284001211,-8.940358000963395,0],[116.78556887591557,-8.940275405999042,0],[116.7864933272553,-8.940215695762841,0],[116.78757605288489,-8.940243116347244,0],[116.78924899987987,-8.940285000822128,0],[116.79058114583408,-8.940352682743434,0],[116.79178806407128,-8.940413564583853,0],[116.79500321015698,-8.94053774489623,0],[116.79591647954777,-8.9405503021652,0]]]]},"properties":{"OBJECTID":1,"KABUPATEN":"Sumbawa Barat","KECAMATAN":"Kec. Sekongkang","SUMBERDATA":"PERMENDAGRI NO.123 TAHUN 2017 TENTANG BATAS KSB_KS","Luas":27364.6599205,"Shape_Leng":111223.515257,"Shape_Area":273646599.205}},{"type":"Feature","geometry":{"bbox":[116.72497950688539,-8.948169946646686,116.79588665770149,-8.876915012755026],"type":"Polygon","coordinates":[[[116.77680404179371,-8.87690409220401,0],[116.77691887108305,-8.876927056658134,0],[116.77703829003465,-8.876913277256854,0],[116.77716689530757,-8.8769454288141,0],[116.77730468840191,-8.876963801098734,0],[116.77738276981863,-8.876982173008026,0],[116.77745451843074,-8.877002103212401,0],[116.77746966718618,-8.87701220293906,0],[116.77749586827332,-8.877017442092106,0],[116.77752611391641,-8.877025616974597,0],[116.77756208310142,-8.877041148919007,0],[116.77762666335846,-8.877069759910357,0],[116.77766181393555,-8.877086926709111,0],[116.77772475777915,-8.877131070738372,0],[116.77773464869065,-8.877138297318544,0],[116.77774660383045,-8.877140005816438,0],[116.77776185975522,-8.877163978946811,0],[116.77784453486903,-8.877209909347263,0],[116.77795936237268,-8.877251245860762,0],[116.77809255977571,-8.877297178212823,0],[116.77819360738505,-8.877375260263644,0],[116.77824413104156,-8.87743956194082,0],[116.77834977171386,-8.877508457776674,0],[116.77847378515604,-8.87756357615821,0],[116.77855186837269,-8.8776186916781,0],[116.77861617009994,-8.87766921586471,0],[116.77878611303065,-8.877719740244993,0],[116.77893309134448,-8.877765669614435,0],[116.77911222117136,-8.877811600766874,0],[116.77920867627421,-8.877871311071978,0],[116.77931431555376,-8.877908054978308,0],[116.77937903015436,-8.877925417282935,0],[116.77939934175502,-8.877936250827101,0],[116.77946313178104,-8.877939288773208,0],[116.77953202762657,-8.877962254238847,0],[116.77961470317284,-8.877998998065975,0],[116.77974790197442,-8.87804492802872,0],[116.77984435639655,-8.878077079604711,0],[116.7799316249513,-8.878109232072422,0],[116.7800326723423,-8.878145975784713,0],[116.78010616114318,-8.878210278990718,0],[116.7802347671187,-8.878274582978165,0],[116.78033122070167,-8.8783434791874,0],[116.7804506408785,-8.87839859602938,0],[116.78051035098481,-8.878416968246876,0],[116.78057465403961,-8.878449119725518,0],[116.78063436415944,-8.878481270303189,0],[116.78063813376191,-8.878489347971364,0],[116.7806765380703,-8.878503134445882,0],[116.78074484161826,-8.878519119250242,0],[116.78079715926526,-8.878543824972157,0],[116.78084366543503,-8.878574345074354,0],[116.7809134217967,-8.878600502805245,0],[116.7809586923131,-8.87862432970884,0],[116.78101222327412,-8.878644405028991,0],[116.78105177273758,-8.8786688083551,0],[116.78112298293696,-8.87870804519054,0],[116.78115640865258,-8.878734205088712,0],[116.78118983518644,-8.878757457893688,0],[116.78122180638785,-8.878776350111139,0],[116.78125668635143,-8.87880105640302,0],[116.78127557762343,-8.878805415446385,0],[116.78133370926393,-8.878815589047555,0],[116.78138457425626,-8.878859187214127,0],[116.78141945170698,-8.878889705862173,0],[116.78143979766178,-8.878905691398758,0],[116.78147612982174,-8.878921677248615,0],[116.78149938238067,-8.878933302942988,0],[116.78150810164426,-8.878958010178035,0],[116.78153571376593,-8.878979808717292,0],[116.78157495237201,-8.879013234280963,0],[116.78160983071301,-8.879042299366825,0],[116.78165488318102,-8.879085896810103,0],[116.78168540136001,-8.879113510315598,0],[116.78173626603325,-8.879145481881194,0],[116.78179585081325,-8.879173094283738,0],[116.78184235618711,-8.879202159813895,0],[116.78189467279834,-8.879244305215787,0],[116.78193071440025,-8.879267266423268,0],[116.78198593898641,-8.879291971871318,0],[116.782039710204,-8.879316678271643,0],[116.78210946705325,-8.8793501026061,0],[116.78213846635774,-8.87936550793994,0],[116.7821438402776,-8.879369092026444,0],[116.78215211687666,-8.879374953550872,0],[116.78216177308599,-8.879379437409108,0],[116.78217280869104,-8.879385989778935,0],[116.78217632885115,-8.879386840262452,0],[116.78217756781699,-8.879387989711514,0],[116.78218756861897,-8.879394196859197,0],[116.78219998543912,-8.879402818645563,0],[116.78221619334141,-8.879412475592538,0],[116.78223274755943,-8.879422477358682,0],[116.78224792167767,-8.87943006328081,0],[116.78225792157143,-8.879436272235134,0],[116.78226344088972,-8.879440065346278,0],[116.78226861389321,-8.87944351363753,0],[116.78227202800994,-8.879445283943598,0],[116.78229458671437,-8.879466107133304,0],[116.78233704101592,-8.879469373653118,0],[116.78241052865432,-8.87953061374952,0],[116.78251463905993,-8.879585730967893,0],[116.78260037573695,-8.87962247502534,0],[116.78267998982493,-8.879683715924914,0],[116.78273510567672,-8.879738832591542,0],[116.78277185167866,-8.87982457064956,0],[116.78289433338962,-8.879916432363007,0],[116.78295557405438,-8.880002170179452,0],[116.78298832304738,-8.880031942131648,0],[116.78300647978422,-8.880063717224374,0],[116.78304139713296,-8.880133548408379,0],[116.78304484008437,-8.880140436434392,0],[116.78305126269096,-8.880153280573047,0],[116.78309259973116,-8.880239402067229,0],[116.78312360420328,-8.880291072957917,0],[116.78328550933122,-8.880418530875916,0],[116.78348186278542,-8.880576991753367,0],[116.78358176167242,-8.880680336449863,0],[116.78367477226115,-8.880780234567416,0],[116.783754001948,-8.88088357899572,0],[116.78380911956032,-8.880945585151757,0],[116.78385390119249,-8.88098347834805,0],[116.78389179391559,-8.88105926374979,0],[116.78396413519417,-8.881114381169896,0],[116.78407436870582,-8.881207389568704,0],[116.78417082287254,-8.88127628571451,0],[116.78429139095005,-8.881324514184906,0],[116.78437406687567,-8.881365850979831,0],[116.78441540381093,-8.881396854286258,0],[116.78449119013011,-8.8814898643704,0],[116.7845428620954,-8.881531202216495,0],[116.78459453421554,-8.881586319341077,0],[116.784697877887,-8.88172411123534,0],[116.78474954861845,-8.88177233869557,0],[116.78478744236459,-8.88183434382002,0],[116.78482533555349,-8.8819066856657,0],[116.78486322936179,-8.881951467128228,0],[116.78485978329783,-8.882016918103448,0],[116.78487356262653,-8.882109927630903,0],[116.784908010059,-8.882209826956455,0],[116.78491414112374,-8.882209656825047,0],[116.78490663287349,-8.882289746740206,0],[116.78492041210114,-8.8823517542303,0],[116.78491352228137,-8.882424093766678,0],[116.78491352214353,-8.882492990191746,0],[116.78494797006259,-8.882551552562495,0],[116.78499964235343,-8.882623893286786,0],[116.78502719970056,-8.882685899666704,0],[116.78505820408137,-8.882747906221425,0],[116.78509265188636,-8.882792688389578,0],[116.78511676589926,-8.882837470030205,0],[116.78510987557061,-8.882902920830762,0],[116.7851649941046,-8.88294081440087,0],[116.78527178184086,-8.882992487140113,0],[116.78534412188552,-8.883047603395338,0],[116.78541990680432,-8.883092384893173,0],[116.78548535975895,-8.88311994401752,0],[116.7855508114486,-8.883154391867862,0],[116.78560937218282,-8.883199175185801,0],[116.78568171268257,-8.883230177176118,0],[116.78574371956256,-8.883257735180845,0],[116.78578651087643,-8.883273500917351,0],[116.78590263925952,-8.883348984606355,0],[116.78602512084356,-8.883422473844211,0],[116.78614760283143,-8.883520459851674,0],[116.78626396071506,-8.883649065357456,0],[116.78634969800339,-8.883759299907233,0],[116.78642318709157,-8.883875657281257,0],[116.7865354467542,-8.883982571144664,0],[116.78655179343693,-8.883998138047426,0],[116.7866436538972,-8.884120620368956,0],[116.78669264818835,-8.884175736583941,0],[116.7867355159689,-8.884169613147709,0],[116.78680287973125,-8.884230854328417,0],[116.78688861822788,-8.884285971616922,0],[116.78702947199822,-8.88433496426975,0],[116.78714582971155,-8.884420701222552,0],[116.78717645003347,-8.884518686030297,0],[116.78724381585904,-8.884586050658424,0],[116.7872623528039,-8.8846045891866,0],[116.78730505605134,-8.884647291876151,0],[116.78733567638588,-8.884794271193377,0],[116.78736017333377,-8.884959620301776,0],[116.78738466902475,-8.88515559154815,0],[116.78740421841478,-8.885287548798244,0],[116.7873907931984,-8.885426277398988,0],[116.7874214128249,-8.885579379324017,0],[116.78755001964566,-8.885677363852873,0],[116.78760513655476,-8.885701861297903,0],[116.78763575822258,-8.8858610867304,0],[116.78770924721573,-8.885928452050004,0],[116.7878194798972,-8.886008065408552,0],[116.78792358907874,-8.886050933207024,0],[116.78794196175149,-8.88612442231926,0],[116.7880032021935,-8.886179538997828,0],[116.78805831889622,-8.88623465580476,0],[116.78809506354989,-8.886295897448006,0],[116.78818080235588,-8.886332641164513,0],[116.78826041444493,-8.886357137954016,0],[116.78834002757817,-8.886387759155543,0],[116.78841351668143,-8.88644899900716,0],[116.7884808806311,-8.886485744893987,0],[116.78854824655944,-8.886485745105029,0],[116.78861561131254,-8.886516363826582,0],[116.78869522490177,-8.886522488145058,0],[116.78875791593157,-8.886522489287712,0],[116.78879260184056,-8.886534051367855,0],[116.78892181615124,-8.886523712721974,0],[116.78904429686168,-8.886523714183948,0],[116.78915453178213,-8.886560458871635,0],[116.78925251696205,-8.88657882965131,0],[116.78933213057853,-8.88658495383436,0],[116.78944236435335,-8.886609451389186,0],[116.78956484567378,-8.886633947682041,0],[116.78969345212502,-8.886676816152397,0],[116.78982818161279,-8.886725807935786,0],[116.78992004324715,-8.886787048804957,0],[116.7900241522974,-8.886842165787618,0],[116.79010376600381,-8.88692178023848,0],[116.79017113112484,-8.886958524016492,0],[116.79024462018518,-8.88700139294222,0],[116.79029973701027,-8.88700751670961,0],[116.79033114040381,-8.887041775449774,0],[116.79034367858495,-8.88704569269012,0],[116.79037935006124,-8.887093253722439,0],[116.79050183208906,-8.88713612299869,0],[116.79059369270854,-8.887185114847261,0],[116.79063656159414,-8.887209612210295,0],[116.79071005085473,-8.887221860711099,0],[116.79074679490472,-8.887240232908963,0],[116.79078354044952,-8.88724635624641,0],[116.79082028359626,-8.88726472843662,0],[116.79089377345267,-8.887264728044165,0],[116.7909856338224,-8.88730147274882,0],[116.79107749569229,-8.887325968574176,0],[116.79114486138543,-8.88734434160635,0],[116.79123672236739,-8.887368838296915,0],[116.79129183909424,-8.88736883839461,0],[116.79137774206107,-8.88736883761815,0],[116.79139696312352,-8.887374844359382,0],[116.79143759229933,-8.887350465246186,0],[116.7915294527739,-8.887356590386593,0],[116.79162743975887,-8.887362714405212,0],[116.79171929987068,-8.887387210977193,0],[116.79182953478931,-8.887374963068854,0],[116.79191527186809,-8.88739333355466,0],[116.79199488462348,-8.887393333648738,0],[116.79208062189954,-8.887417831239684,0],[116.7921602345497,-8.88750356878603,0],[116.79224597227316,-8.887570932822372,0],[116.79229496456843,-8.887607676840673,0],[116.7923378340791,-8.887705662640457,0],[116.79237457872651,-8.887797525118382,0],[116.7923929512706,-8.88786488869267,0],[116.7923896529467,-8.887901163087166,0],[116.79236845424123,-8.887950626107479,0],[116.79239907398595,-8.888005744023895,0],[116.79242357124286,-8.888073108292554,0],[116.79241132303467,-8.8881404729085,0],[116.79244806841238,-8.888195589708449,0],[116.79249093726062,-8.88826907867754,0],[116.79252767965637,-8.888373189092217,0],[116.79253380504804,-8.888452801938325,0],[116.7925889220587,-8.888514043425689,0],[116.79264403817862,-8.888575284000105,0],[116.79274814815228,-8.888630400237991,0],[116.79294411901887,-8.888636525002376,0],[116.79295520079444,-8.888639440960903,0],[116.79315233779418,-8.888624276839275,0],[116.79326257163599,-8.888624277373337,0],[116.7933973019997,-8.88863652493108,0],[116.79351978435558,-8.888636524939766,0],[116.79365451361328,-8.888642648879282,0],[116.79377699506361,-8.88864264880302,0],[116.7938443607125,-8.888648773400025,0],[116.79397909058977,-8.888697766420767,0],[116.7941199443055,-8.88874675915686,0],[116.79418730926255,-8.888783503126573,0],[116.79421792956974,-8.888844744424151,0],[116.7941750612582,-8.888924357341422,0],[116.79406482779434,-8.888912108216326,0],[116.793954593905,-8.888887612913114,0],[116.79385048410886,-8.88894885393072,0],[116.79378328355209,-8.888982452739986,0],[116.79379621333291,-8.888990532632432,0],[116.79372187814651,-8.889010094029768,0],[116.79359939678923,-8.889095831572924,0],[116.79345241894605,-8.889199940550627,0],[116.7933728057093,-8.889224437570922,0],[116.79326869460992,-8.88927955399088,0],[116.79319520576588,-8.88932242222843,0],[116.79313396614342,-8.88935916829609,0],[116.79304822904164,-8.889383663656792,0],[116.79301760693083,-8.889457153373101,0],[116.79296249157039,-8.88953676567317,0],[116.79287063036577,-8.88961025483061,0],[116.79278489338441,-8.889640876366624,0],[116.79271140434653,-8.88965312417019,0],[116.79253380458637,-8.889653123974444,0],[116.79238070229063,-8.889665371722291,0],[116.79230721320299,-8.889646999111644,0],[116.79228271740617,-8.88965924788956,0],[116.7922398492779,-8.889702115807088,0],[116.79219697966916,-8.889726613146381,0],[116.79211124262545,-8.889787853954433,0],[116.79205000228076,-8.889836845981993,0],[116.79200100900833,-8.889867467024185,0],[116.79198347901155,-8.889875257726592,0],[116.7919805136344,-8.889872621238148,0],[116.79193976808845,-8.889898087556292,0],[116.79179279041576,-8.889879715431544,0],[116.79171929987152,-8.889842971228088,0],[116.79162743973019,-8.889775606360816,0],[116.79156619870551,-8.889708241405296,0],[116.79152945428865,-8.889591882953077,0],[116.79153557781292,-8.889518394141145,0],[116.79153557931666,-8.889477124123662,0],[116.7915235351107,-8.88946641795568,0],[116.79152945297633,-8.88945102924021,0],[116.79149270985482,-8.889346918736667,0],[116.79143146944648,-8.88929792704523,0],[116.79136410399136,-8.889236684868733,0],[116.7912967389508,-8.889157073013394,0],[116.79123549700812,-8.889083582671569,0],[116.79115588470547,-8.888948854027587,0],[116.79107627108009,-8.888863116271128,0],[116.79100278196077,-8.888801876026752,0],[116.79090479684052,-8.88877737855197,0],[116.79084355618082,-8.888814124240831,0],[116.79078231501954,-8.888832495729533,0],[116.79070270202308,-8.888869240130143,0],[116.79063533677792,-8.88891210858306,0],[116.79059859192594,-8.888973350320658,0],[116.79055572389656,-8.88905908632724,0],[116.79055114514681,-8.889067481213573,0],[116.7905468012744,-8.88906748058237,0],[116.79052510314125,-8.889132575830349,0],[116.79045633900736,-8.889186606004122,0],[116.79043936612678,-8.889199940680816,0],[116.7903413808661,-8.889279553810857,0],[116.79027401521368,-8.889346919906563,0],[116.79023065843913,-8.889386664046175,0],[116.79023039115759,-8.889386456763315,0],[116.79018827811545,-8.889451028550221,0],[116.79011478904374,-8.889500022408141,0],[116.79002905066346,-8.889518394449581,0],[116.78998005866192,-8.889457152425573,0],[116.78993719079851,-8.889371416134505,0],[116.78987594985826,-8.889291802052734,0],[116.78983307975192,-8.889224438127671,0],[116.78980858413142,-8.8891325759914,0],[116.78977183982671,-8.889071335418098,0],[116.78971672321194,-8.889010094429503,0],[116.7896248605912,-8.888967224979734,0],[116.78952075195386,-8.888991721823373,0],[116.78945338683599,-8.889046838914432,0],[116.78944140933994,-8.889056420846272,0],[116.78944571328043,-8.889072197002326,0],[116.78939214641389,-8.88910195492985,0],[116.78934315372561,-8.889163195950909,0],[116.78931865680809,-8.889248933141563,0],[116.78926966422578,-8.889316298579438,0],[116.78922679620754,-8.88937754033156,0],[116.7892084236945,-8.889451029406727,0],[116.78916555474105,-8.889512270245747,0],[116.78910431537798,-8.889579635065285,0],[116.78906756916257,-8.88963475130984,0],[116.78904307265364,-8.889702117005145,0],[116.78900020457819,-8.889806226101431,0],[116.78895733556843,-8.889910335191116,0],[116.78892059111527,-8.889965453228989,0],[116.78890834193487,-8.890020569756702,0],[116.78890834197738,-8.890149174587576,0],[116.78885935090157,-8.890296152994939,0],[116.78885322605595,-8.890418635354461,0],[116.78882260562419,-8.89048600117979,0],[116.78874299169492,-8.890504371864619,0],[116.78865725509229,-8.890534993342188,0],[116.78852864984955,-8.89056561400116,0],[116.78845516017641,-8.890651349557245,0],[116.78844291329708,-8.890779957379666,0],[116.78842453964272,-8.890853446404899,0],[116.78838167228491,-8.890963679843757,0],[116.78833880313698,-8.891031044097703,0],[116.7882469413259,-8.891092285036162,0],[116.78815507956088,-8.89111065767854,0],[116.7880916401223,-8.89111065780033,0],[116.788068342897,-8.891100672350236,0],[116.78799585259935,-8.891116781127415,0],[116.78794073714172,-8.891116782339509,0],[116.78786724834596,-8.891067789434725,0],[116.78776313913842,-8.891000423893898,0],[116.78772594265989,-8.890953929976316,0],[116.78770758386885,-8.890946062056864,0],[116.78768964961074,-8.890908561778145,0],[116.78761003617555,-8.89081057625529,0],[116.78754879529575,-8.890718715663931,0],[116.7874508092163,-8.89060235721142,0],[116.78740181735165,-8.890479876925223,0],[116.78732220419006,-8.890388014864675,0],[116.78722421787886,-8.89030227667757,0],[116.78710173661769,-8.890179795104366,0],[116.78703914581425,-8.890148500448687,0],[116.78703029818438,-8.890130806827868,0],[116.786973130696,-8.890112430735108,0],[116.78689351710644,-8.890038940960112,0],[116.78683227559074,-8.890002195569508,0],[116.78679554965277,-8.889994851668183,0],[116.78679105829933,-8.890006083094052,0],[116.78668529770164,-8.889953203826463,0],[116.78659343722332,-8.889922584297615,0],[116.78650157540241,-8.889922584163907,0],[116.78639134057931,-8.889940955804922,0],[116.78624436335944,-8.88999607280477,0],[116.7861647506286,-8.8901001830971,0],[116.78612800716962,-8.89019204378846,0],[116.7860973860373,-8.890308401169985,0],[116.78615250195617,-8.890479876921596,0],[116.78620149470042,-8.890565612615863,0],[116.78626886012945,-8.890669723071026,0],[116.78632397693389,-8.890767708399178,0],[116.78634234894487,-8.890865694368854,0],[116.78628110802453,-8.89093918312785,0],[116.78623823932345,-8.891000423610453,0],[116.7861035092699,-8.891116780968364,0],[116.78599327490173,-8.89119639402605,0],[116.78610350923398,-8.891245386673784,0],[116.78623211628889,-8.891312752249567,0],[116.78637296872166,-8.891343372817882,0],[116.78643421031923,-8.891373993859565,0],[116.78649545156209,-8.891380118092211,0],[116.78658118901274,-8.891441358083757,0],[116.786611808719,-8.891533219389329,0],[116.78662231399093,-8.89157523891032,0],[116.78662231434261,-8.891632771066831,0],[116.78668529695746,-8.891740214765695,0],[116.78675266354729,-8.891838198900805,0],[116.7868873931576,-8.891917812992272,0],[116.78699762812721,-8.891985176850334,0],[116.78705274340278,-8.89202192233583,0],[116.78713848089164,-8.892070915159897,0],[116.78727320986772,-8.892156651731318,0],[116.78735282419233,-8.892242390281359,0],[116.78740181717042,-8.89236487056808,0],[116.78746305827545,-8.892560841898284,0],[116.78745081006309,-8.892689447855854,0],[116.78745080882055,-8.892708952672443,0],[116.78746170164861,-8.892721054874132,0],[116.78743243737182,-8.892940536120069,0],[116.78739569295185,-8.893081389614444,0],[116.78743243766485,-8.893167127207269,0],[116.78743856104067,-8.893295732783837,0],[116.7874263135925,-8.893418215214172,0],[116.78745693414744,-8.893485579652031,0],[116.7874814300834,-8.893614185754497,0],[116.78754267077635,-8.893773412320153,0],[116.78762840804471,-8.89398775457585,0],[116.78765290428915,-8.894128608612238,0],[116.78765902902077,-8.894226594768101,0],[116.78771414579951,-8.894324579892688,0],[116.78772026923167,-8.894551170837357,0],[116.78775089012929,-8.894679776789815,0],[116.78776313936801,-8.894759391345719,0],[116.7878182551181,-8.894845127603503,0],[116.78787337214729,-8.89490024534589,0],[116.78795298503171,-8.894967609590816,0],[116.78803259944539,-8.89511458773017,0],[116.78805709476846,-8.895243193790309,0],[116.78809383883599,-8.895371799578795,0],[116.78809383934266,-8.895494281750556,0],[116.78809996289425,-8.89571474916011,0],[116.78813058408548,-8.895990332233827,0],[116.78817957641202,-8.896088319233323,0],[116.78816732786287,-8.896241420179178,0],[116.78822244483045,-8.896327158187267,0],[116.78830205841165,-8.896504756582447,0],[116.78825918937154,-8.89656599727198,0],[116.78826531413173,-8.896749720834372,0],[116.78828368581681,-8.896884449625928,0],[116.78828980889095,-8.897074296704417,0],[116.7882653143631,-8.897184530567461,0],[116.78819794771141,-8.897343757159131,0],[116.78817957610576,-8.897545851817775,0],[116.7881734517916,-8.897717325888554,0],[116.78817345242231,-8.89784593337453,0],[116.7881795774491,-8.897950041217921,0],[116.78821631963532,-8.898060276422289,0],[116.78827143778716,-8.898146012612903,0],[116.7883204296345,-8.898250123109506,0],[116.78835717474003,-8.898366480916776,0],[116.78841229205975,-8.898452217086463,0],[116.78848578232137,-8.898544079061459,0],[116.78859601441474,-8.898672684002436,0],[116.78872462136923,-8.898764545553506,0],[116.78882873004366,-8.898868655588208,0],[116.7889022195827,-8.898960516578327,0],[116.78895673368964,-8.898978689191146,0],[116.7889695844096,-8.899015634774283,0],[116.78901857656503,-8.899076875115897,0],[116.78906756978486,-8.899187108132697,0],[116.78912881085127,-8.899291217322151,0],[116.7891778029552,-8.899389204188944,0],[116.78923904395187,-8.899487188936343,0],[116.78928191304097,-8.899585174133483,0],[116.78931865679216,-8.899744400102668,0],[116.78934315330096,-8.899811766345017,0],[116.7893554021215,-8.89989137812468,0],[116.78937377456519,-8.89999548925473,0],[116.78939214556607,-8.900075101781741,0],[116.78942889063487,-8.900166962691817,0],[116.78943501476657,-8.90029556911086,0],[116.78943386372251,-8.90030592688629,0],[116.78944109483986,-8.900369202218098,0],[116.7894288910707,-8.90039208660739,0],[116.78942587359133,-8.900397742598974,0],[116.7893916258742,-8.900441504134513,0],[116.78939352795283,-8.900458629356626,0],[116.78939207159858,-8.900468462344474,0],[116.78938739775096,-8.900480616289242,0],[116.78937377455473,-8.900575978103145,0],[116.78937377539874,-8.900607898192376,0],[116.78935952741736,-8.900650637183007,0],[116.78935357181811,-8.900677438909755,0],[116.78935357205894,-8.90071359028702,0],[116.78933931225323,-8.90077062773276,0],[116.78934315367276,-8.900858985868172,0],[116.78935303670518,-8.90091170166425,0],[116.78932693381701,-8.901016116870494,0],[116.78933765800616,-8.901064375726989,0],[116.78934215598075,-8.901084613925002,0],[116.7893364484156,-8.901115057340245,0],[116.78933289360327,-8.90112509989057,0],[116.7892972060614,-8.90122595585826,0],[116.7892939154405,-8.901235257765538,0],[116.78928803730223,-8.901299920429878,0],[116.7892826498522,-8.90135109444376,0],[116.78926985438258,-8.901379530360913,0],[116.78925082628236,-8.901440417401242,0],[116.78925135772212,-8.901459030667496,0],[116.78925129216817,-8.90145914640742,0],[116.78924516820132,-8.901544883062536,0],[116.7892451683774,-8.90163674489362,0],[116.78924841383743,-8.9016984097533,0],[116.78925653432425,-8.90173495285397,0],[116.78927292702349,-8.901836950833488,0],[116.78927578843788,-8.901844963680087,0],[116.78929416131943,-8.901924576206728,0],[116.78932478174134,-8.902022561696974,0],[116.78935540190905,-8.902108300146546,0],[116.78939827081456,-8.902224657689823,0],[116.78945338597894,-8.902341014917633,0],[116.78947175996721,-8.90242675185882,0],[116.78947175914834,-8.902512490167455,0],[116.78949625626905,-8.902598226951403,0],[116.78953912372836,-8.902726833323488,0],[116.78953300093272,-8.902781949671839,0],[116.7895513730556,-8.902904432242005,0],[116.78959424161557,-8.903039162126234,0],[116.78960036464404,-8.903155518773653,0],[116.78959424113486,-8.90325962869766,0],[116.78959240600145,-8.903266972264797,0],[116.78959140790812,-8.903316849885535,0],[116.78958570016624,-8.903358709999502,0],[116.78958744930219,-8.903384068867624,0],[116.78960649028305,-8.903467847012141,0],[116.78962486226028,-8.90354133690442,0],[116.78962486191564,-8.903561039800067,0],[116.78963516964421,-8.903596545751602,0],[116.78963897534817,-8.903731637062604,0],[116.78964658591866,-8.90378681544083,0],[116.78964874125656,-8.903811240181119,0],[116.78967132094553,-8.903919622935664,0],[116.7896161430696,-8.904041394596112,0],[116.7896215941934,-8.904065017995906,0],[116.78962086025138,-8.904066484692896,0],[116.78965039163369,-8.904235469786299,0],[116.78963326704083,-8.904248788936853,0],[116.78970176401208,-8.904610298836499,0],[116.78971698575619,-8.904646450666034,0],[116.78974947487654,-8.904734636827792,0],[116.7897512341619,-8.904882383753057,0],[116.78975123415518,-8.90502889231665,0],[116.78975123421176,-8.905087709748353,0],[116.7897512352504,-8.905104999416386,0],[116.78974657208731,-8.905107913819997,0],[116.78973601286637,-8.90511451257123,0],[116.78973852620692,-8.905142779861121,0],[116.78973274710702,-8.905167818800393,0],[116.78975294876199,-8.905293070176699,0],[116.78977700162994,-8.905413338984076,0],[116.78978700812819,-8.90550339019927,0],[116.78981538871034,-8.90557907102106,0],[116.78982990579281,-8.90576778397218,0],[116.7898679150624,-8.905910319685818,0],[116.78986679514027,-8.905918723740072,0],[116.7898852452934,-8.90598461488784,0],[116.7899694328113,-8.906122923663554,0],[116.79003558088938,-8.906231167258046,0],[116.79011828178183,-8.906381534060074,0],[116.79012504505138,-8.9063835621628,0],[116.79014983736212,-8.90643562333178,0],[116.79025995002364,-8.906469245360642,0],[116.79093759686918,-8.906676161081743,0],[116.79122624172332,-8.906820483588929,0],[116.791496846734,-8.906994874272781,0],[116.791893734153,-8.907211357940005,0],[116.7921462977285,-8.907433855175839,0],[116.79230866128259,-8.90760223133305,0],[116.7925191319177,-8.907812701101106,0],[116.79268750880283,-8.907999119050606,0],[116.79285588515339,-8.908233642271776,0],[116.79289356797747,-8.908252485153284,0],[116.79287993769621,-8.908266114831028,0],[116.79291000610358,-8.908500638797946,0],[116.79298818082097,-8.908843404848517,0],[116.7930663546208,-8.909011782673504,0],[116.79317459758688,-8.909234279431333,0],[116.79322270437575,-8.909372589138755,0],[116.79325517713563,-8.909401452845374,0],[116.79349932318144,-8.90975023189325,0],[116.79370979309466,-8.909942663310519,0],[116.79380600872734,-8.910026851258344,0],[116.79387215637317,-8.91010502473059,0],[116.79390222325402,-8.910207254392311,0],[116.79391425020444,-8.91032151034306,0],[116.79395634485218,-8.910453805267046,0],[116.79401647884731,-8.91058008796278,0],[116.79403191873836,-8.910653427674175,0],[116.7940319202137,-8.91117546525462,0],[116.79407064614398,-8.911369102919306,0],[116.79401901024805,-8.911575649429606,0],[116.79407064684735,-8.911795105274217,0],[116.79409646533243,-8.912066197828128,0],[116.79417392032678,-8.912259834302892,0],[116.79417392006678,-8.91229442901023,0],[116.79417391933734,-8.912466381357076,0],[116.79434173891369,-8.912763292028162,0],[116.79458795845477,-8.913137973000566,0],[116.79471610506324,-8.913499114198864,0],[116.79480647019065,-8.91382184267541,0],[116.79488392439207,-8.914067118248676,0],[116.79494847042491,-8.914402756048903,0],[116.79502592475681,-8.914635119742822,0],[116.7950388339556,-8.914841666662305,0],[116.79506465208505,-8.915061122592212,0],[116.79509046999715,-8.915241851119013,0],[116.79514210729472,-8.915538761595371,0],[116.79518083432339,-8.91588730871618,0],[116.79521956177737,-8.915960891846346,0],[116.79521956238123,-8.916106765407518,0],[116.79518083545138,-8.9163391301659,0],[116.79520665309484,-8.916597314373552,0],[116.79525828974297,-8.916894223913586,0],[116.79530992555863,-8.917191135252105,0],[116.7954261089835,-8.917513864194994,0],[116.79555519991523,-8.917862412132227,0],[116.79564556494948,-8.918185141273545,0],[116.79573592841207,-8.918404597338895,0],[116.79578756471842,-8.918804779841103,0],[116.79583920179128,-8.919062963698549,0],[116.79586317260302,-8.919296682608563,0],[116.79583937486544,-8.919362126933315,0],[116.79585211001144,-8.919527694074501,0],[116.79559392832192,-8.920392607694108,0],[116.79533574422734,-8.920947702868991,0],[116.79505174295794,-8.92133497667451,0],[116.79486704162869,-8.921480794390307,0],[116.79482536091872,-8.921560680074919,0],[116.79479355940995,-8.921580251426647,0],[116.79395446393197,-8.922303163992867,0],[116.79361882571595,-8.922780802616371,0],[116.79359240493493,-8.922899695357499,0],[116.79354047010854,-8.922959620851437,0],[116.79334773257773,-8.92356826237778,0],[116.793209022399,-8.92399430482221,0],[116.79304722791423,-8.92449124226475,0],[116.79298627683814,-8.924678451212365,0],[116.7927450094459,-8.925485770996422,0],[116.79265063816823,-8.925801547743568,0],[116.79263772871226,-8.926911736010961,0],[116.7926465885809,-8.926969328202249,0],[116.79265030074198,-8.926993448048327,0],[116.7926505626598,-8.926995149572134,0],[116.79268381300452,-8.927023651966428,0],[116.7926838129989,-8.927025272842874,0],[116.7926859386496,-8.927027095706675,0],[116.79268381190488,-8.927035264930444,0],[116.79268381256534,-8.927295060126312,0],[116.792497690004,-8.9277500271514,0],[116.79213639408404,-8.928446811811304,0],[116.79169767735279,-8.929091983983575,0],[116.79165801321452,-8.929425592668249,0],[116.7915208656958,-8.929647182236488,0],[116.79131537088419,-8.929996664047584,0],[116.79100089216156,-8.930227486367542,0],[116.79074282429023,-8.93061458922015,0],[116.79048475494548,-8.930872657669745,0],[116.79023861479703,-8.931220148575422,0],[116.79012969420594,-8.931249194927176,0],[116.79012882030686,-8.931250346774407,0],[116.78971054878055,-8.931801705253388,0],[116.78927183224928,-8.93205977441891,0],[116.78875569364287,-8.932343648875168,0],[116.78811052293402,-8.932730751710027,0],[116.78791398941775,-8.932730751595908,0],[116.78777473422758,-8.932852016940446,0],[116.78731395081779,-8.93284857197721,0],[116.78731300096075,-8.932848924190283,0],[116.7869492129587,-8.93298365970913,0],[116.78661372432218,-8.933086886380726,0],[116.7861750083267,-8.933267534186513,0],[116.78591693857965,-8.933473989989773,0],[116.7857239296945,-8.933526629385321,0],[116.78572104479673,-8.933527414639753,0],[116.78563306311291,-8.93355141102349,0],[116.78509111919784,-8.93365463726028,0],[116.78431691309272,-8.93373205787466,0],[116.78410482065527,-8.933764687599117,0],[116.78398142527308,-8.933783671914744,0],[116.78359431966267,-8.93386109276393,0],[116.78307818405979,-8.933886899035773,0],[116.7825735586264,-8.93405893920601,0],[116.78242012098437,-8.934100387793455,0],[116.78222655681283,-8.934170775048981,0],[116.78196848805403,-8.934222388363978,0],[116.78178783996555,-8.934506265380591,0],[116.78140073593681,-8.934867561288797,0],[116.78116847503507,-8.93538369733717,0],[116.78098782692467,-8.935796608915753,0],[116.7809620196672,-8.936261131599423,0],[116.78103944138931,-8.936983723692986,0],[116.78116847628898,-8.93729340584836,0],[116.78116847634158,-8.937680508998739,0],[116.78127170330127,-8.93801599862132,0],[116.78152977122593,-8.938506328638828,0],[116.78176203314075,-8.939203114819593,0],[116.78191687420833,-8.939719252666134,0],[116.78212332986219,-8.94020958176228,0],[116.78209815105414,-8.940596390586453,0],[116.78209772324585,-8.94060297242291,0],[116.78178975515165,-8.940605105930622,0],[116.7811940432599,-8.940609233061673,0],[116.78022643716974,-8.94072879087253,0],[116.7787750081697,-8.940916657274194,0],[116.77654349319565,-8.941514230918559,0],[116.77410722070617,-8.942197144673516,0],[116.77061885158524,-8.94398957013237,0],[116.76923654612706,-8.944109125157869,0],[116.76293786772241,-8.944604383836971,0],[116.76027905839129,-8.94467226159838,0],[116.76025961233101,-8.944672758255287,0],[116.75636203094456,-8.944297305763856,0],[116.75579182333142,-8.944092489081417,0],[116.75421941666353,-8.94349510668935,0],[116.75329967195101,-8.94321730414431,0],[116.75135638802992,-8.943217303630414,0],[116.75056429292205,-8.9433249392183,0],[116.75050063215967,-8.943339068134634,0],[116.7500001408425,-8.943450148557385,0],[116.74838773633711,-8.94401947356271,0],[116.74686976503882,-8.94512952365901,0],[116.74533730825547,-8.945539489023322,0],[116.74425536005322,-8.945996947073743,0],[116.74297406314368,-8.946510748956815,0],[116.74198849035605,-8.94668058177087,0],[116.74098115871851,-8.947233542297717,0],[116.74032924492064,-8.947857192844662,0],[116.73941372735706,-8.948017632892606,0],[116.73795052665928,-8.948179348841768,0],[116.73612134341049,-8.94817283236914,0],[116.73607303726425,-8.94817319412993,0],[116.73607302554943,-8.94817304035617,0],[116.7360670356634,-8.948054027090572,0],[116.73613596603306,-8.94795595667571,0],[116.73613640273578,-8.947955867441005,0],[116.73613695862196,-8.947955753869634,0],[116.73613698773508,-8.947955748463349,0],[116.7363548731824,-8.947911332418611,0],[116.73635541633121,-8.94791122155134,0],[116.73644874146535,-8.947892197525182,0],[116.73654797844908,-8.947871968359523,0],[116.73664956048604,-8.94784801066584,0],[116.7366496478286,-8.947847989924355,0],[116.7366592236572,-8.947845731856997,0],[116.73676396729583,-8.947821028355254,0],[116.73691001523515,-8.94770999226135,0],[116.73696998190803,-8.947616421547282,0],[116.73697401259139,-8.947610131785094,0],[116.73697404355433,-8.947610083868442,0],[116.73705802397981,-8.947479042175877,0],[116.73710242291737,-8.947345764486867,0],[116.73710244570694,-8.947345697569846,0],[116.73710646142042,-8.947333641591905,0],[116.73713898275427,-8.947236019098062,0],[116.73714502041965,-8.947081024212219,0],[116.73675102331656,-8.946313972377546,0],[116.7367017092188,-8.946071726032669,0],[116.73669906145602,-8.946058715595724,0],[116.73669896627668,-8.946058249709283,0],[116.73666404406964,-8.9458867013625,0],[116.73663703617214,-8.94575402692025,0],[116.73660900729186,-8.945408015776177,0],[116.73658911843944,-8.945342372742239,0],[116.73657936822251,-8.945310190846223,0],[116.73657907691472,-8.945309228248423,0],[116.73652901178643,-8.945143987976312,0],[116.73625496644297,-8.944676984693329,0],[116.73618049449122,-8.944563682537703,0],[116.73616896996079,-8.944546149596322,0],[116.73616885365264,-8.944545972231017,0],[116.73606502661822,-8.944388009238919,0],[116.73590943784609,-8.944215850255876,0],[116.7359092287933,-8.944215617649744,0],[116.73590728004862,-8.944213461736013,0],[116.73581199883691,-8.944108032847799,0],[116.73575766731537,-8.943672420948815,0],[116.73575387687447,-8.943642030577452,0],[116.73575375296954,-8.943641035536265,0],[116.7357400319579,-8.943531025575465,0],[116.73555438631973,-8.943214802077046,0],[116.73555308257332,-8.943212579688515,0],[116.7354187766673,-8.942983806594063,0],[116.73541302201465,-8.942974004009752,0],[116.73534596881144,-8.942759994241722,0],[116.73537002156617,-8.942691013241301,0],[116.73548954125958,-8.942652176894592,0],[116.73548986699058,-8.942652071300211,0],[116.73548998800271,-8.942652031588446,0],[116.7359544044644,-8.942804815708625,0],[116.735954932846,-8.942804989749508,0],[116.73595500469142,-8.942805013317765,0],[116.7361100222487,-8.942735037415689,0],[116.73626370803598,-8.942529780365351,0],[116.73626430625106,-8.942528981210591,0],[116.73627399787854,-8.942516038340901,0],[116.73628816483186,-8.942465378179259,0],[116.73643199738747,-8.941951041845433,0],[116.73646150290462,-8.941447281933632,0],[116.73646298103834,-8.941422037408163,0],[116.73644519089272,-8.941302091314906,0],[116.73644280372781,-8.94128599399139,0],[116.73644279557936,-8.94128594061994,0],[116.73642901664363,-8.941193039295857,0],[116.73639370596821,-8.940974220400236,0],[116.73639369600504,-8.94097416069597,0],[116.7363907853751,-8.94095612103233,0],[116.73634896522174,-8.940696963010469,0],[116.73627651988026,-8.940496291867131,0],[116.73627638188826,-8.9404959109733,0],[116.73627091308616,-8.94048076118433,0],[116.73619303443574,-8.940265039756275,0],[116.73605696413583,-8.939856011781814,0],[116.73599928362843,-8.939609714404968,0],[116.73599625382693,-8.93959677876225,0],[116.7359961041971,-8.939596138267722,0],[116.73596797902697,-8.93947604278141,0],[116.73590245029679,-8.939359743084513,0],[116.73590212415243,-8.93935916397042,0],[116.73588482668221,-8.93932846458386,0],[116.73583864499435,-8.939246501823675,0],[116.7358039955676,-8.939185008032466,0],[116.73574922806098,-8.939124152953589,0],[116.73573424553014,-8.93910750485207,0],[116.7357341673636,-8.93910741796409,0],[116.7356149788513,-8.938974980729117,0],[116.73516600113598,-8.938742973779911,0],[116.73505815867888,-8.93868006908156,0],[116.73505791590699,-8.938679927805682,0],[116.7350146689151,-8.93865470107677,0],[116.73497398694226,-8.938630971319137,0],[116.73473699310206,-8.93838301876856,0],[116.7347115319842,-8.938216220193334,0],[116.73471144869008,-8.93821567743208,0],[116.73470790063332,-8.938192430077047,0],[116.73469302214386,-8.93809496287663,0],[116.73471540342442,-8.937993646534666,0],[116.73471729073772,-8.937985103046755,0],[116.73471734640889,-8.937984849825803,0],[116.7347270366858,-8.937940982039972,0],[116.73477680106966,-8.937903414736391,0],[116.7347795760721,-8.937901320083355,0],[116.73485352728454,-8.937845494585442,0],[116.73518002799521,-8.937599021094991,0],[116.73538701566214,-8.937331037095806,0],[116.73541599384544,-8.937250516310199,0],[116.73542168229193,-8.937234710562187,0],[116.73542180625176,-8.937234365130527,0],[116.73544496381187,-8.93717001903281,0],[116.73544311692066,-8.937083469452306,0],[116.7354431160456,-8.93708342151304,0],[116.73544299989386,-8.937077987176838,0],[116.73544097261212,-8.93698300297779,0],[116.73538701365429,-8.936711035640698,0],[116.73540444147599,-8.936579748622174,0],[116.7354046993953,-8.936577805029403,0],[116.73540480182774,-8.936577038083993,0],[116.73542298784469,-8.936440036954679,0],[116.73552547389721,-8.936264378689309,0],[116.73552561233309,-8.93626414090374,0],[116.73554202058452,-8.936236017133846,0],[116.7355708247959,-8.936211155696919,0],[116.73557132722678,-8.93621072189366,0],[116.73565099889467,-8.93614195505019,0],[116.73590001091061,-8.936053962376304,0],[116.73612008591405,-8.936037524078504,0],[116.73612118299113,-8.936037442549154,0],[116.73620703065927,-8.936031030079782,0],[116.73626629161586,-8.936027052605795,0],[116.73637100370911,-8.93602002397574,0],[116.7364710138044,-8.935984012603654,0],[116.73648919220024,-8.93596083948706,0],[116.7364892085886,-8.935960818695136,0],[116.73649295152116,-8.93595604648252,0],[116.73652199087968,-8.935919027710877,0],[116.73665096287685,-8.935765022729608,0],[116.73700802609169,-8.935199986944625,0],[116.7370289498772,-8.93513340230984,0],[116.73702917598256,-8.935132681581136,0],[116.7370304277632,-8.935128697227816,0],[116.73705200614856,-8.935060029984612,0],[116.73703574410573,-8.934933923489911,0],[116.73703554690398,-8.934932392026383,0],[116.73702299012311,-8.934835015175548,0],[116.7369704854825,-8.934754861592095,0],[116.7369462103625,-8.934717803169717,0],[116.73694543166172,-8.934716614100505,0],[116.73686901903827,-8.93459996313159,0],[116.73683073332609,-8.934557244334034,0],[116.73683010163887,-8.934556539278022,0],[116.73683003165318,-8.934556461441126,0],[116.736705035767,-8.934416994255175,0],[116.73639796998009,-8.934191961972763,0],[116.736207539127,-8.934075527430716,0],[116.73603000034977,-8.933966975665172,0],[116.73599820380899,-8.933932234596115,0],[116.73593301832918,-8.933861011957458,0],[116.7359180305473,-8.93380897065524,0],[116.73591799788339,-8.93380885576011,0],[116.73591775198821,-8.933808002638695,0],[116.73591603435533,-8.933802038027366,0],[116.73591622091367,-8.933801920574764,0],[116.73602381503102,-8.933734148552332,0],[116.73602388328432,-8.933734105184728,0],[116.73602401706013,-8.933734021161126,0],[116.7360464646111,-8.933738164378214,0],[116.73604685569893,-8.93373823701667,0],[116.73606233824304,-8.93374109450159,0],[116.7361430361077,-8.933755989365313,0],[116.7363799750856,-8.933870012111974,0],[116.73638120025382,-8.933870153180425,0],[116.73642442041105,-8.933875121567938,0],[116.73642684891843,-8.933875400975536,0],[116.73667600198922,-8.933904044404844,0],[116.73667662076294,-8.933903729172394,0],[116.73667710759253,-8.933903480779536,0],[116.73769998943631,-8.933381981330266,0],[116.73803400992306,-8.933357982038748,0],[116.73803465926423,-8.933358167920346,0],[116.73803518855922,-8.933358319346064,0],[116.73803521857108,-8.933358327507786,0],[116.73810018909225,-8.933376897597533,0],[116.73811362973376,-8.933380738559748,0],[116.73811404352944,-8.933380857341726,0],[116.73814597221525,-8.933389982795855,0],[116.73834396656513,-8.933526042173002,0],[116.73851435804485,-8.933568153854122,0],[116.73851797317893,-8.933569047337482,0],[116.73851808959125,-8.933569075459106,0],[116.73851898086949,-8.933569295881489,0],[116.73852597558545,-8.933571024793885,0],[116.73854283120478,-8.93357582963431,0],[116.73901701869278,-8.933710996866944,0],[116.73921924620733,-8.93372142687429,0],[116.73938498715087,-8.933729975105088,0],[116.73938530650929,-8.933729864075499,0],[116.73977244080288,-8.933595069922514,0],[116.73978933039943,-8.93358918892793,0],[116.73978935951456,-8.933589178998812,0],[116.73978964429857,-8.933589079703157,0],[116.73979480953285,-8.933587280650213,0],[116.73989898401891,-8.93355100893566,0],[116.7401080700303,-8.93354738275946,0],[116.74011448207592,-8.933547272378618,0],[116.7406103254516,-8.933538672895068,0],[116.74070598855884,-8.933537013965191,0],[116.74070700006848,-8.933537009245015,0],[116.74091000701655,-8.933535982433726,0],[116.74100593190562,-8.933497226304931,0],[116.74105275379861,-8.933478309636294,0],[116.7412069678432,-8.93341600377327,0],[116.74308466641384,-8.932221629006058,0],[116.74308934669895,-8.932218651906668,0],[116.743094150748,-8.932215596201067,0],[116.74310300079121,-8.932209966365372,0],[116.74310789531143,-8.932206312845297,0],[116.74310992847614,-8.932204794686589,0],[116.7431217333891,-8.932195982138506,0],[116.74340303343777,-8.931985991800678,0],[116.74386201967107,-8.931521035772898,0],[116.74399903104232,-8.93134198610264,0],[116.74436399481307,-8.930934026963854,0],[116.74458291707423,-8.930700146365202,0],[116.74473927798147,-8.930533103431348,0],[116.74474675607256,-8.930525114569093,0],[116.74478899476574,-8.93047998897289,0],[116.7448030525578,-8.930462243227858,0],[116.74480513286697,-8.930459617074451,0],[116.74485955865714,-8.930390915814844,0],[116.74513597627858,-8.930041994351301,0],[116.74524999135994,-8.929277017875357,0],[116.74529497591413,-8.928978985747582,0],[116.74556202765105,-8.928499968996103,0],[116.745921984583,-8.928165979570196,0],[116.74599826435609,-8.928112861398956,0],[116.74604404731635,-8.928080980006408,0],[116.74604559804695,-8.928079900184793,0],[116.74604598299966,-8.928079631810403,0],[116.74607296334526,-8.928060843816079,0],[116.7460999837299,-8.928042028711952,0],[116.74633216946208,-8.92799828731798,0],[116.74635154131708,-8.927994638216042,0],[116.74635180422996,-8.927994588647936,0],[116.74635610362841,-8.927993778436026,0],[116.74637596491912,-8.92799003740774,0],[116.74639654617769,-8.927993526571269,0],[116.7464179932888,-8.927997161950213,0],[116.74642257630055,-8.927997938431394,0],[116.74664700291419,-8.928035982226469,0],[116.74694771523376,-8.928090010729964,0],[116.74703098289714,-8.928104970989,0],[116.74703163147845,-8.928104933441743,0],[116.7471849750372,-8.928096031744774,0],[116.74730891002123,-8.92807231680444,0],[116.74732267521651,-8.928069683211838,0],[116.74743597629627,-8.928048003361653,0],[116.74773524958162,-8.928036088280093,0],[116.74776203392234,-8.928035021977529,0],[116.74776263074808,-8.928034849622716,0],[116.74788199313096,-8.928000414817355,0],[116.74789556636192,-8.927996499390545,0],[116.74808101985091,-8.927942998122878,0],[116.74882102469256,-8.927393039008605,0],[116.74928780604856,-8.927160451864841,0],[116.74929077512525,-8.927158972291519,0],[116.74929082881029,-8.927158946097137,0],[116.74930006725158,-8.927154342980911,0],[116.74965401685893,-8.926977976415369,0],[116.74990839774621,-8.926850344082458,0],[116.74993027229405,-8.926839369086672,0],[116.74993100205201,-8.926839003253882,0],[116.74993103025984,-8.926838988800798,0],[116.75000000489636,-8.926774015853418,0],[116.75000001285467,-8.926760991900242,0],[116.7502310278814,-8.926543025223046,0],[116.7505088034037,-8.92629098818579,0],[116.75051663998276,-8.926283877714418,0],[116.75059802934541,-8.92621003075528,0],[116.75102287591838,-8.925581812762742,0],[116.75102355425683,-8.925580810122032,0],[116.75107494500743,-8.925504819159215,0],[116.75107761647706,-8.925500869169646,0],[116.751204002247,-8.925313982826756,0],[116.75139182509348,-8.924923505551932,0],[116.75151519038852,-8.924667031719778,0],[116.75151520678406,-8.924666998264085,0],[116.7515159127222,-8.924665530725452,0],[116.75151596464259,-8.924665423124141,0],[116.75157196783984,-8.9245489947684,0],[116.75158817359346,-8.924502968132975,0],[116.75162015948439,-8.924412123897364,0],[116.75163681452354,-8.924364822208126,0],[116.75172196613681,-8.92412297842421,0],[116.75177596677355,-8.923571017949548,0],[116.75170601041626,-8.922427999291715,0],[116.75168382523383,-8.92233651099845,0],[116.7516812582179,-8.922325926577585,0],[116.75165896419719,-8.92223399138457,0],[116.75155099790176,-8.921952042063255,0],[116.75143339004094,-8.921610900898358,0],[116.75141101506709,-8.921545998568314,0],[116.75139388049325,-8.921509038085393,0],[116.75139386959401,-8.921509014560984,0],[116.75139353989084,-8.92150830339965,0],[116.75139352626644,-8.92150827444638,0],[116.7512770294216,-8.921256979334407,0],[116.7510604279381,-8.921014989608771,0],[116.751059131833,-8.92101354153284,0],[116.75102608115718,-8.920976615594707,0],[116.75102198288461,-8.920972036959077,0],[116.75101776465567,-8.920967295432177,0],[116.75098623746425,-8.92093185842179,0],[116.7509850486162,-8.92093052257607,0],[116.7509850277114,-8.920930499044928,0],[116.75068299795223,-8.920591002314215,0],[116.75017800756041,-8.92013298465923,0],[116.75004565530054,-8.920036361485444,0],[116.75000653848795,-8.920007805283902,0],[116.75000577480748,-8.92000724759523,0],[116.74999999901792,-8.920003032335558,0],[116.7499999626526,-8.920003005175944,0],[116.74998800014998,-8.91999426142124,0],[116.74991464232858,-8.919940642767441,0],[116.74963600117347,-8.919736979571589,0],[116.74903697642056,-8.919227565503508,0],[116.74894902256905,-8.919152769589198,0],[116.74884697007387,-8.919065984867109,0],[116.74854698878904,-8.918906982655626,0],[116.74825196299157,-8.918743009693353,0],[116.74771000740532,-8.918495040376532,0],[116.74642198218433,-8.917830030423834,0],[116.74554497373069,-8.917278971309115,0],[116.74524403600896,-8.916991009724493,0],[116.74494602659067,-8.916697988306543,0],[116.74454898062807,-8.916344035411262,0],[116.74422811874331,-8.915936292993363,0],[116.7442265329204,-8.91593427757075,0],[116.74420905797018,-8.915912069911093,0],[116.74420899344697,-8.915911987556793,0],[116.74397599206051,-8.915650028286064,0],[116.74383775938318,-8.915550210538509,0],[116.74377574971099,-8.91550543282322,0],[116.74377534515014,-8.915505140389454,0],[116.74357297924341,-8.915359011126473,0],[116.74341173826963,-8.91527050536937,0],[116.74332415535066,-8.915222430197373,0],[116.7432359714511,-8.915174025350552,0],[116.74323388161396,-8.915173475777559,0],[116.7431730016867,-8.915157480077536,0],[116.74317132108658,-8.915157038422908,0],[116.74307999393159,-8.915133042135484,0],[116.74288803041817,-8.915133994838333,0],[116.74288798584865,-8.915133994807507,0],[116.74274755557022,-8.915187050870925,0],[116.74248301440345,-8.915286996373512,0],[116.74220898174723,-8.91535300171475,0],[116.74188800604904,-8.91540902833315,0],[116.74082702132515,-8.91561501920293,0],[116.74034800665997,-8.915785962791725,0],[116.74016497829598,-8.915828513947108,0],[116.74016492917015,-8.91582852567132,0],[116.74016443973362,-8.915828639296786,0],[116.7401630196396,-8.91582896935279,0],[116.7401018583975,-8.91581467523145,0],[116.73989822983883,-8.91576708524179,0],[116.73988207829984,-8.915763310299097,0],[116.73977801910684,-8.915738991336056,0],[116.73880797264981,-8.91557499109247,0],[116.73848300995851,-8.915541030972848,0],[116.73809198157174,-8.915551774376137,0],[116.738085036768,-8.915551964856487,0],[116.73808446363228,-8.915552102841842,0],[116.73793441287746,-8.915588457661174,0],[116.73793403442525,-8.915588549653814,0],[116.73793112416544,-8.915589254924553,0],[116.73793105957411,-8.915589270255584,0],[116.7379153765585,-8.915593069875843,0],[116.73772998780578,-8.915637987059847,0],[116.73755174407705,-8.915662114645421,0],[116.73753958904774,-8.91566376040243,0],[116.73753947260948,-8.915663776601308,0],[116.73699098796406,-8.915738024130475,0],[116.73668590021335,-8.915793569936705,0],[116.736580180057,-8.915812817961045,0],[116.73658011364901,-8.915812829672536,0],[116.73623298478125,-8.91587602997758,0],[116.7360699388113,-8.915905623596846,0],[116.73596580697841,-8.915924524338111,0],[116.73589700434799,-8.915937013699871,0],[116.73589445828254,-8.91593720816846,0],[116.7356868970383,-8.915953133689465,0],[116.73568634307132,-8.915953175807305,0],[116.73488103284727,-8.916014966106871,0],[116.73466501414012,-8.916030998990674,0],[116.73441397531901,-8.916035973593448,0],[116.73441328791357,-8.91603564114946,0],[116.73437215459008,-8.916015649361368,0],[116.73432806434329,-8.915994219103636,0],[116.73394702080459,-8.915809018986641,0],[116.73374603679716,-8.915672956215975,0],[116.73346693057451,-8.915214606956589,0],[116.73345935095571,-8.915202159168324,0],[116.73345857327979,-8.91520088145141,0],[116.73345855056715,-8.915200844350467,0],[116.73327902557757,-8.914906028263088,0],[116.73318699268404,-8.914809019320373,0],[116.73318575762717,-8.91480880678017,0],[116.73318524104975,-8.914808717768109,0],[116.73298967274302,-8.914775169525011,0],[116.73298958088654,-8.914775154082472,0],[116.7329881793971,-8.914774913382496,0],[116.73298107190718,-8.914773694434105,0],[116.73297101319521,-8.914771968652921,0],[116.7327901427462,-8.914711026205797,0],[116.73279000088718,-8.91471097726064,0],[116.73199696812225,-8.914442999900594,0],[116.7314719833576,-8.913988019367528,0],[116.73077803538567,-8.913510037312797,0],[116.73025696293966,-8.913142957624018,0],[116.73013919481565,-8.913067034069615,0],[116.73012773047955,-8.913059643191025,0],[116.73012689951936,-8.913059108026316,0],[116.72990799170302,-8.912917981297676,0],[116.72949684418882,-8.912694165136662,0],[116.72949577404674,-8.912693582762431,0],[116.7294238054184,-8.912654405197388,0],[116.72928902214404,-8.912581033269156,0],[116.72864098119771,-8.912000982202123,0],[116.72854232688344,-8.911917349451015,0],[116.72853223874843,-8.911908797242068,0],[116.72853189787217,-8.911908507552091,0],[116.72844399894792,-8.911833991882096,0],[116.7279127416507,-8.911617688656756,0],[116.72791043385013,-8.911616748998268,0],[116.72773908468996,-8.91154698316347,0],[116.72764096956926,-8.9115070353847,0],[116.7276402483698,-8.911506911844107,0],[116.72747911174288,-8.911479221831138,0],[116.72737302181574,-8.911460990697135,0],[116.72737229320578,-8.911461048051303,0],[116.72737223408025,-8.911461052530488,0],[116.72737160370943,-8.911461102720631,0],[116.72726032831046,-8.911469872611844,0],[116.72723123666616,-8.911472165902653,0],[116.7272259599284,-8.91147258172246,0],[116.72713202744492,-8.911479984925794,0],[116.72712602626034,-8.91148097638146,0],[116.72603496658179,-8.9116756112883,0],[116.72603428249248,-8.911675732892377,0],[116.72603424883359,-8.911675739199096,0],[116.72603302802385,-8.911675958094195,0],[116.72554002915527,-8.911490026699271,0],[116.72538500274615,-8.91138501339106,0],[116.7253220809017,-8.911306354728026,0],[116.7253218582641,-8.911306076881063,0],[116.72530753223843,-8.911288168892048,0],[116.72525297340393,-8.91121996612202,0],[116.72519920855181,-8.911086145826,0],[116.72519046563909,-8.911064384250388,0],[116.72517301976615,-8.911020957005432,0],[116.72512082956803,-8.910796892841526,0],[116.72506797938637,-8.910569987136427,0],[116.7250079728844,-8.910175024819527,0],[116.72503872229332,-8.909838466435529,0],[116.72504348005963,-8.909786385024338,0],[116.72504396885452,-8.909781039770097,0],[116.72508899978155,-8.90943896993411,0],[116.72520003505838,-8.908907009435516,0],[116.72520727564446,-8.90887231983725,0],[116.7254429982586,-8.907742997746512,0],[116.72552331815841,-8.907534449527652,0],[116.72552338559689,-8.907534274103691,0],[116.7255234010898,-8.90753423341246,0],[116.72552560832447,-8.9075285032012,0],[116.7255470008252,-8.907472955323286,0],[116.72558095107091,-8.907415737946359,0],[116.72559055356353,-8.907399554413,0],[116.72577897043135,-8.907082008116063,0],[116.72593154357614,-8.906789339011873,0],[116.72596248099823,-8.906729992887358,0],[116.72596251196707,-8.906729934117422,0],[116.7260500357117,-8.906562043981957,0],[116.72624597732154,-8.90620796461642,0],[116.72635500520657,-8.906038033373042,0],[116.72650598882156,-8.905926007601074,0],[116.72688203086246,-8.905842002092196,0],[116.72690239349846,-8.905835399685182,0],[116.72690364444196,-8.905834994480921,0],[116.72690372177318,-8.905834969211556,0],[116.72690867278136,-8.905833363732324,0],[116.72698998321613,-8.905806993786857,0],[116.7271309730304,-8.905721005607816,0],[116.7271530817483,-8.905707390944261,0],[116.72715545768885,-8.90570592829443,0],[116.72715555323597,-8.905705869571728,0],[116.72716999087491,-8.905696979838257,0],[116.72744770697382,-8.905627221757802,0],[116.72754798983097,-8.905602032391048,0],[116.72772749700219,-8.905594028648382,0],[116.72799703426273,-8.905582012219632,0],[116.72846098590688,-8.905585969021885,0],[116.72864580696579,-8.905531959310737,0],[116.72864614084533,-8.905531861867734,0],[116.72864621817435,-8.905531839311509,0],[116.72864897836739,-8.905531032697429,0],[116.728783008897,-8.905524980670894,0],[116.72878682555823,-8.9055272365715,0],[116.72888841440948,-8.90558727829468,0],[116.72888990452586,-8.905588159462482,0],[116.72895903358764,-8.905629014699684,0],[116.72911498033402,-8.90570400759771,0],[116.7294230282232,-8.905780012835084,0],[116.72962000429634,-8.905848976080678,0],[116.7296846368615,-8.905894473452038,0],[116.72968483958869,-8.905894615606426,0],[116.72970801044386,-8.905910926170394,0],[116.72979901297879,-8.90597498590978,0],[116.7305569726828,-8.905973002829624,0],[116.7307402561341,-8.905943123131433,0],[116.7307895773923,-8.90593508339978,0],[116.73078961286971,-8.905935077093908,0],[116.73079002858755,-8.905935009556837,0],[116.73111197164707,-8.905777980695428,0],[116.73128943503416,-8.905568244918344,0],[116.73130980397016,-8.905544171774693,0],[116.73131048854839,-8.905543362737715,0],[116.73139797070736,-8.905439972319092,0],[116.73145487562941,-8.905346120425525,0],[116.73145542111139,-8.905345219932977,0],[116.73146749637445,-8.905325304228107,0],[116.73160897719566,-8.905091961895264,0],[116.73217098562567,-8.904125015739465,0],[116.73220141458793,-8.904055256033157,0],[116.73220484022544,-8.904047402878124,0],[116.7323419722027,-8.90373302526913,0],[116.7325039728586,-8.903215959718874,0],[116.73252082619804,-8.903036602288488,0],[116.73252139909556,-8.90303050814992,0],[116.73253798567669,-8.902853985241446,0],[116.73256999407484,-8.902567973206443,0],[116.73262715677816,-8.90231473947218,0],[116.73264103385515,-8.902253265752611,0],[116.7326410548431,-8.902253171699217,0],[116.73266502490796,-8.902146988338252,0],[116.73267160568084,-8.901926254193512,0],[116.73267160661469,-8.901926220727523,0],[116.73267165881617,-8.90192447597602,0],[116.73267572343785,-8.901788132091934,0],[116.73269200701168,-8.901241965121002,0],[116.73267513795842,-8.90115882814861,0],[116.73267091186015,-8.901137999804453,0],[116.73266502903591,-8.901109008927245,0],[116.73244396574852,-8.900748027050865,0],[116.7322229249557,-8.900500546804256,0],[116.73220101455938,-8.900476015359866,0],[116.73220049100078,-8.900475548259061,0],[116.73206504194516,-8.90035489124016,0],[116.73206455565327,-8.900354458537144,0],[116.73206323948463,-8.90035328625692,0],[116.73206178333696,-8.90035198905435,0],[116.73174298902433,-8.90006801741107,0],[116.73155476853323,-8.899958565185514,0],[116.73154981998184,-8.899955687103322,0],[116.73139903602097,-8.8998680051673,0],[116.7307549738343,-8.899514040775614,0],[116.73048398700267,-8.899328006203511,0],[116.73040771304453,-8.89924312024778,0],[116.73035639118179,-8.899186003441631,0],[116.73035343393995,-8.8991827134272,0],[116.73031266237138,-8.899137337484252,0],[116.73011199274744,-8.898914010195195,0],[116.7299040253289,-8.898599971099587,0],[116.72972201918505,-8.898167031020465,0],[116.72966199659693,-8.897890987902203,0],[116.72964697823521,-8.897201976206606,0],[116.72964500032076,-8.896995784848949,0],[116.7296447730207,-8.89697212103931,0],[116.72964300722086,-8.896787975319628,0],[116.72951298026048,-8.896453010780425,0],[116.72945170701675,-8.896286572747188,0],[116.72945060413075,-8.896283578036568,0],[116.72943199215109,-8.896233021716343,0],[116.72943424740994,-8.896193915295578,0],[116.72943426675194,-8.896193586070014,0],[116.7294349005857,-8.896182591374291,0],[116.72944300770183,-8.896042037270455,0],[116.72947498634036,-8.895695977185326,0],[116.72958003715972,-8.89501103058512,0],[116.7296140156361,-8.894901697029457,0],[116.72961407307196,-8.894901512552208,0],[116.72964002688748,-8.89481800129655,0],[116.729730188283,-8.894725609155829,0],[116.72974505209723,-8.894710378130721,0],[116.7298850067311,-8.89456695916114,0],[116.73030941983687,-8.894303955340876,0],[116.73033654250186,-8.894287147566093,0],[116.73033659982804,-8.894287112331895,0],[116.73033712122547,-8.894286788896576,0],[116.73063202988787,-8.894104036285901,0],[116.73086397798292,-8.89403203888088,0],[116.73109214348817,-8.894020805936224,0],[116.73109309852866,-8.89402075868665,0],[116.73114865004057,-8.894018023749062,0],[116.73115003166538,-8.894017956003504,0],[116.73119221165163,-8.894019690519256,0],[116.73119229987333,-8.89401969420092,0],[116.73129883078568,-8.894024073760564,0],[116.73130218957765,-8.89402421185816,0],[116.73151496309943,-8.894032960727138,0],[116.73169700014608,-8.894024005183407,0],[116.7316979661009,-8.894023957940137,0],[116.73179311023787,-8.893966378727407,0],[116.7317940401866,-8.893965815890278,0],[116.73182990326399,-8.893944111878854,0],[116.73187796576772,-8.893915025933417,0],[116.73197712202027,-8.893793336453454,0],[116.73197900369647,-8.893791026797183,0],[116.73197936842215,-8.893754750992299,0],[116.73197936942705,-8.893754619839822,0],[116.73197937237273,-8.893754321355377,0],[116.73198102533782,-8.893589997548675,0],[116.73197431552546,-8.893532769229738,0],[116.7319740796029,-8.893530755632478,0],[116.73197406875894,-8.89353065884266,0],[116.73196097455295,-8.893418975649713,0],[116.73188532967995,-8.893265642050052,0],[116.73188514350124,-8.893265264737625,0],[116.73187244793476,-8.89323952967942,0],[116.73185096474005,-8.893195982217302,0],[116.73164700967979,-8.89283103326743,0],[116.73162512044354,-8.892551998587805,0],[116.73162436166709,-8.892542323458343,0],[116.73160198041688,-8.89225702743761,0],[116.73161301013172,-8.892145983899653,0],[116.73162401221593,-8.892127848360095,0],[116.73164980910516,-8.892085322646315,0],[116.73176100911537,-8.891902015244131,0],[116.73192102079376,-8.891741975119777,0],[116.73207373077683,-8.891665643406208,0],[116.73210649372061,-8.89164926647278,0],[116.73228901863146,-8.891558029051494,0],[116.73270997529738,-8.891361007978798,0],[116.73297801578846,-8.891260006787945,0],[116.73311222287349,-8.891245331431852,0],[116.73315152009907,-8.891241034223226,0],[116.73364525265403,-8.891187044688202,0],[116.73364599943125,-8.891186962911846,0],[116.73375709468147,-8.891188531093128,0],[116.73400403487209,-8.89119201244906,0],[116.7341170228107,-8.891239027823804,0],[116.73422583531465,-8.891299704545311,0],[116.73431127522578,-8.891347347845436,0],[116.73431131522848,-8.891347370486573,0],[116.73465499160379,-8.8915390130812,0],[116.73475970784511,-8.891607201362802,0],[116.73476398787871,-8.891609987570433,0],[116.7347640178214,-8.891610087087292,0],[116.73486200375832,-8.891931001018806,0],[116.73487705929611,-8.892007896465033,0],[116.73487973620024,-8.892021567249163,0],[116.7349279848253,-8.892267998684774,0],[116.73496752263517,-8.892396001599211,0],[116.73496766146867,-8.892396452141442,0],[116.73499098744715,-8.892471967761631,0],[116.73501300237184,-8.892623999049842,0],[116.73524299694319,-8.892865979206698,0],[116.73551099078546,-8.89314497231162,0],[116.7357460084296,-8.893392017344901,0],[116.73613458638489,-8.893663651425861,0],[116.73613608181206,-8.89366469628352,0],[116.73618163642507,-8.893696541787316,0],[116.73661997601053,-8.894002962590568,0],[116.73706096371943,-8.894217959198397,0],[116.73767902523727,-8.894535992776078,0],[116.73768625236598,-8.894539835678941,0],[116.73774370481763,-8.89457038417174,0],[116.73774583868014,-8.894571519018463,0],[116.73774588232155,-8.894571541661819,0],[116.7382320051403,-8.894830013869766,0],[116.73863002739053,-8.895035033444195,0],[116.73885269156332,-8.895149704445215,0],[116.73885275520816,-8.8951497361475,0],[116.73888654384794,-8.89516713718082,0],[116.73913098538313,-8.895293023767616,0],[116.73932848051889,-8.89538945922967,0],[116.73935749916737,-8.895403628705111,0],[116.73935968038482,-8.895404693929049,0],[116.73943200062095,-8.89544000664737,0],[116.74068395043507,-8.895971952211132,0],[116.74068403135945,-8.89597198663865,0],[116.74076717324257,-8.896045138471809,0],[116.74079121738606,-8.896066292584273,0],[116.7407913719109,-8.896066429272059,0],[116.74100003032069,-8.896250015288603,0],[116.74112090020562,-8.896327881322755,0],[116.7411210238465,-8.896327961005131,0],[116.74162998660152,-8.896298018825522,0],[116.74173259825648,-8.896268698074108,0],[116.74183747600344,-8.896238729429415,0],[116.74207797080659,-8.89617000797262,0],[116.74217916857137,-8.89613216567691,0],[116.74228607150498,-8.896092189953439,0],[116.74228751986428,-8.896091648252105,0],[116.74236401633443,-8.896063042811699,0],[116.74268184691205,-8.895173763716542,0],[116.74288885989336,-8.894445648583124,0],[116.74302448792788,-8.894467064048536,0],[116.74320294829083,-8.894538447637856,0],[116.74276750665406,-8.89581621798095,0],[116.74268184711653,-8.89600181670004,0],[116.74273847195218,-8.896159579834322,0],[116.74286104458855,-8.896301668180206,0],[116.74306064122752,-8.896407492821776,0],[116.74361960517638,-8.896703851074912,0],[116.74382318274644,-8.896811785554982,0],[116.7438442640431,-8.896786871881917,0],[116.74387847802144,-8.896746435069513,0],[116.7439017048521,-8.896718985730248,0],[116.74415154792135,-8.89644058962076,0],[116.7442657622192,-8.896262131324116,0],[116.74428003865111,-8.896112224767908,0],[116.74435142325846,-8.89606939296228,0],[116.74441566860622,-8.8961764689848,0],[116.74453702081618,-8.89686889327082,0],[116.7445493903154,-8.896921667888082,0],[116.74463706965462,-8.897295768142824,0],[116.7446440968877,-8.897325749175048,0],[116.74462756021057,-8.897343318711155,0],[116.74457736581337,-8.897396651022774,0],[116.7445298829165,-8.897447101623344,0],[116.74442824686683,-8.897450489830328,0],[116.74431573065914,-8.897454241388882,0],[116.74414606975684,-8.897473968840947,0],[116.744008781038,-8.897489932203717,0],[116.74380724130054,-8.897490576949556,0],[116.74375286620992,-8.897490751202993,0],[116.7437900130218,-8.897726982906189,0],[116.74382002090111,-8.89782195670966,0],[116.74382287933298,-8.897827550327705,0],[116.7438229238394,-8.897827638095336,0],[116.7438233997908,-8.897828569158692,0],[116.74388802835759,-8.897955029079894,0],[116.7438851177257,-8.898006197660541,0],[116.74388497868661,-8.898008640633916,0],[116.74388497684363,-8.89800867500385,0],[116.7438760312732,-8.898165999419314,0],[116.74386809538905,-8.898255152863817,0],[116.7438677470417,-8.898259067323414,0],[116.74386499510918,-8.898289974187788,0],[116.74417903037109,-8.898704008442916,0],[116.74450497588452,-8.899139029711277,0],[116.74465001706776,-8.8993660216367,0],[116.7447769431154,-8.899483955737955,0],[116.74489001125177,-8.899589012811775,0],[116.74496042724479,-8.899635003581126,0],[116.7449947388431,-8.899657412679959,0],[116.74576943489653,-8.898370330898763,0],[116.74580512717208,-8.898163317572841,0],[116.74587651142731,-8.897942028360264,0],[116.74588364903488,-8.89748517201862,0],[116.74634050472051,-8.897121115090453,0],[116.74624770731451,-8.897049730722077,0],[116.74642616636943,-8.896864132822738,0],[116.74701151361614,-8.897492311057851,0],[116.74664745556043,-8.897842091000461,0],[116.74699723708419,-8.898341777722651,0],[116.74689016104146,-8.89842030017564,0],[116.74652610398739,-8.898106210893076,0],[116.74634050458528,-8.898077657746187,0],[116.74621915301033,-8.898213287093158,0],[116.74587651082616,-8.898762943061115,0],[116.74554100590555,-8.899241213647562,0],[116.7451797520768,-8.899778250081894,0],[116.74519002983551,-8.899784963117,0],[116.74535697324241,-8.899893996937315,0],[116.74576789075253,-8.900101422083845,0],[116.74587398866993,-8.90015497880885,0],[116.74587424142992,-8.900155114657155,0],[116.74602156028887,-8.900199015833266,0],[116.74602339082826,-8.900199561593968,0],[116.74607719669062,-8.900215595368696,0],[116.74616979218115,-8.900243188925936,0],[116.74656787261436,-8.900229446549432,0],[116.74656963990364,-8.900229386245766,0],[116.74668243810346,-8.900225492213899,0],[116.74668319759263,-8.900225465595366,0],[116.74678085336194,-8.900311971979379,0],[116.74698072743288,-8.900340527398118,0],[116.74711635720017,-8.900376218148411,0],[116.74727340113222,-8.900490432649576,0],[116.74741616904981,-8.900583231376782,0],[116.74748755344761,-8.900611786184397,0],[116.74758749026455,-8.900604646839144,0],[116.74763745942118,-8.900576092906286,0],[116.74774453356297,-8.900490432806002,0],[116.74790871725578,-8.900326249607188,0],[116.74811573035606,-8.900104958591651,0],[116.74814815998994,-8.900080008935934,0],[116.74836001904833,-8.899917020053305,0],[116.74871194715972,-8.899832339990576,0],[116.74872539881122,-8.89982910370091,0],[116.74872579093297,-8.899828945677008,0],[116.74872585461836,-8.899828920393825,0],[116.74872588828077,-8.899828906848944,0],[116.74900725770264,-8.899715721332448,0],[116.74933299102946,-8.899584976444107,0],[116.74945233231594,-8.899512853681916,0],[116.74945366989625,-8.899512045049194,0],[116.74945371448236,-8.899512017944016,0],[116.74946127499449,-8.899507448945114,0],[116.74950503569785,-8.899481002596149,0],[116.74969602633452,-8.899199978079192,0],[116.74979599997982,-8.898980024242608,0],[116.74993282230717,-8.898727169297995,0],[116.74997755969908,-8.898644493136576,0],[116.75000002992832,-8.898602967888959,0],[116.75000580910742,-8.89859232302188,0],[116.75002355554436,-8.898559626196063,0],[116.75009502300756,-8.898427954599498,0],[116.75030153934345,-8.898185938816983,0],[116.75031092416863,-8.898174939081844,0],[116.75031209203698,-8.898173571347469,0],[116.7504260334042,-8.898040043159105,0],[116.75047178497549,-8.897967756763245,0],[116.75049137642671,-8.897936950660732,0],[116.75050136017298,-8.897921249700303,0],[116.75050206855052,-8.897920134919113,0],[116.75050208318892,-8.897920008298119,0],[116.75051790393275,-8.897777360237969,0],[116.75051947337815,-8.897763208486609,0],[116.7505357635689,-8.89761632493779,0],[116.75053615729293,-8.89761513939434,0],[116.75060190410666,-8.897416562078627,0],[116.75065493876879,-8.897256150003534,0],[116.75065805486098,-8.89724672532933,0],[116.7506596543767,-8.897241886389146,0],[116.75066074623882,-8.89723858476911,0],[116.75089700369982,-8.896523992331296,0],[116.75113562174607,-8.89593541703736,0],[116.75116461328335,-8.895863906262228,0],[116.75116497223817,-8.895863020990648,0],[116.7511648004179,-8.895862899672098,0],[116.75086600840196,-8.895653823341549,0],[116.75068514569752,-8.895527265997675,0],[116.75039667255271,-8.895325408736422,0],[116.75039651164123,-8.895325296469895,0],[116.75030104400632,-8.89525849353348,0],[116.75026548626913,-8.895233612070625,0],[116.7501141361651,-8.895127704208317,0],[116.75011084430594,-8.895125400937554,0],[116.7495862374159,-8.89475831139346,0],[116.74945060786408,-8.894886801158961,0],[116.74932211729624,-8.894801142149927,0],[116.74952199170542,-8.894522744824702,0],[116.74963620590097,-8.894594129210002,0],[116.74960765205194,-8.894658373359432,0],[116.75005023242342,-8.894965325146062,0],[116.7503500443065,-8.894544159332252,0],[116.75017158541277,-8.894422806984194,0],[116.7502643842958,-8.894237207581316,0],[116.7504499820467,-8.894358561047447,0],[116.75048567412195,-8.894330007986634,0],[116.74950771460048,-8.893737521874604,0],[116.74959337625553,-8.893623308685147,0],[116.75176043407195,-8.89499241420241,0],[116.75179601276236,-8.894921492068637,0],[116.75187693101051,-8.894759678272754,0],[116.75189927497736,-8.894722631919782,0],[116.7519169177766,-8.89469337837306,0],[116.75202131672329,-8.894520276560733,0],[116.75202296362504,-8.894517961216685,0],[116.75204361352323,-8.894485698563551,0],[116.75204452583314,-8.894484273669068,0],[116.75207616715203,-8.89443483723478,0],[116.75210997906751,-8.89438200943911,0],[116.75223343604101,-8.893899268902377,0],[116.75223503009146,-8.893893035201552,0],[116.75224095944685,-8.893831966890634,0],[116.75224117376304,-8.893829756420166,0],[116.7522839678212,-8.893388998226815,0],[116.7522059668675,-8.891719026258738,0],[116.7521449973694,-8.891380044626843,0],[116.7520220253563,-8.89089696374463,0],[116.75187197770909,-8.8900819806438,0],[116.75181899241741,-8.889803956223389,0],[116.75178860636225,-8.8896781300238,0],[116.75178846668466,-8.889677552855774,0],[116.75178846033569,-8.88967752662088,0],[116.75178548721604,-8.889665215215352,0],[116.75178496206723,-8.889663041337087,0],[116.75178284342411,-8.889659538582695,0],[116.75177028510626,-8.889638772706542,0],[116.75174803027542,-8.88960197523554,0],[116.75171196805594,-8.889584043805579,0],[116.751649036636,-8.889483985202851,0],[116.75145997467045,-8.88914003466807,0],[116.75126097942844,-8.888959038695232,0],[116.75118371220346,-8.888849849411319,0],[116.75118014120181,-8.888844803501184,0],[116.75118006124053,-8.888844690384547,0],[116.7510260112424,-8.888626994994713,0],[116.75059400887336,-8.888098038644602,0],[116.75048491265294,-8.888035823364039,0],[116.75036603294593,-8.887968027935157,0],[116.75035773499872,-8.887965980909279,0],[116.75015502322387,-8.8879159760946,0],[116.75002455618743,-8.887882024846652,0],[116.74987512821266,-8.887843139417278,0],[116.74961917580443,-8.887760330147021,0],[116.74941215587059,-8.887587187085002,0],[116.74923901100043,-8.887414042270432,0],[116.74911103602386,-8.887293593549671,0],[116.74900040909928,-8.887309610272263,0],[116.74888002120676,-8.887327039559182,0],[116.74863997930535,-8.887402026927413,0],[116.74841456778235,-8.887459651158807,0],[116.74830157817796,-8.88748853539153,0],[116.74828397963837,-8.887493033380588,0],[116.74828377226913,-8.887493033240613,0],[116.7477552060589,-8.887493000798942,0],[116.7475469827093,-8.887492987429251,0],[116.74731599432529,-8.887379971233957,0],[116.74702703067331,-8.887269989991443,0],[116.74666358477386,-8.887191234854342,0],[116.74651502690938,-8.887159044743752,0],[116.74651340066923,-8.887159087959146,0],[116.74626774019183,-8.887165588914575,0],[116.74626752554296,-8.88716559419557,0],[116.74626419575272,-8.887165682380612,0],[116.74606299947523,-8.887171008649547,0],[116.74606203628264,-8.887171034224354,0],[116.74571935195424,-8.887067535077415,0],[116.74566496346608,-8.887051108339719,0],[116.74540302365982,-8.886971996081384,0],[116.74540113393651,-8.886971641129445,0],[116.74532934444888,-8.8869581737657,0],[116.74532280316859,-8.886956946406569,0],[116.74517903687725,-8.886929974422804,0],[116.74517875698047,-8.886929636850827,0],[116.74517873335249,-8.88692960879499,0],[116.74517826988603,-8.886929051302628,0],[116.74508102289796,-8.88681198337529,0],[116.74485799582908,-8.886573992823003,0],[116.74485778132009,-8.886573796398451,0],[116.74469603183708,-8.886424037002469,0],[116.7445499711141,-8.88626703686033,0],[116.744491609057,-8.886203468000614,0],[116.74448722942654,-8.886198698253718,0],[116.74442602004267,-8.886132026786944,0],[116.74434623915664,-8.886107669842328,0],[116.74433034335934,-8.886102817125606,0],[116.7442360179383,-8.886074020821454,0],[116.74393296838844,-8.885949016386746,0],[116.74344596690264,-8.885692035395467,0],[116.7431469719958,-8.885559977978378,0],[116.74290868446177,-8.885459033761745,0],[116.74290860262994,-8.885458999334128,0],[116.74290744334786,-8.885458508292862,0],[116.74288501419647,-8.885449006374571,0],[116.74264899081899,-8.885349019618829,0],[116.74218801106124,-8.884883968876533,0],[116.74211497182984,-8.884765995242965,0],[116.74203674395291,-8.884610232274246,0],[116.7420339038784,-8.884604577148432,0],[116.7420110207081,-8.88455901492917,0],[116.74202435524931,-8.88451181798893,0],[116.74202448471863,-8.884511361302994,0],[116.74202459504272,-8.884510969728248,0],[116.74205199625571,-8.884413990369577,0],[116.74218303266132,-8.884172989428613,0],[116.74225099418695,-8.88404597773114,0],[116.74220399621414,-8.883794997322301,0],[116.74210501374083,-8.883668955654718,0],[116.74194602536534,-8.883449999600419,0],[116.74182813131083,-8.883290797351785,0],[116.74181540391665,-8.883273610167533,0],[116.7417749701184,-8.88321900881842,0],[116.74172534193767,-8.883180319500145,0],[116.74172530012329,-8.88318028690899,0],[116.74171134140386,-8.883169405084258,0],[116.74160302319041,-8.883084958671136,0],[116.74157777763915,-8.883075237645944,0],[116.7415217491596,-8.883053663451818,0],[116.74152124724904,-8.88305347044432,0],[116.74142398029774,-8.883016016197027,0],[116.74113598310703,-8.883032004427886,0],[116.74110815225534,-8.883052824932662,0],[116.74109372359841,-8.883063620147594,0],[116.74102500637933,-8.883115034317365,0],[116.74079000760881,-8.88327095627195,0],[116.7407701958766,-8.883272269416711,0],[116.7406976695834,-8.883277075307857,0],[116.74069748039783,-8.883277087839446,0],[116.74057798423279,-8.883285006930185,0],[116.74006002413886,-8.883336012387387,0],[116.73935299710918,-8.883493956852632,0],[116.73935073417259,-8.883494084615945,0],[116.73935064321837,-8.883494089979441,0],[116.73924635525898,-8.883500051965774,0],[116.73924624429506,-8.883500058219765,0],[116.73896697611704,-8.883516022823839,0],[116.73870363719575,-8.8834790214759,0],[116.73869799519383,-8.88347822879527,0],[116.73869779330387,-8.883478200614183,0],[116.73866233072152,-8.883473218178567,0],[116.73866222886737,-8.883473203635118,0],[116.73866102116574,-8.88347303455106,0],[116.73860071343806,-8.883449111540838,0],[116.7385961981103,-8.883447320169315,0],[116.73854850984966,-8.883428402482272,0],[116.73832303267771,-8.883338957929423,0],[116.73815502738353,-8.883253018744865,0],[116.7379303025536,-8.883120069573703,0],[116.73789302586101,-8.88309801686527,0],[116.73787546648991,-8.88308336329552,0],[116.73762102574796,-8.882871020883059,0],[116.73741115691395,-8.882794649639104,0],[116.73741112236188,-8.882794636951715,0],[116.73740493843806,-8.882792386711857,0],[116.7373269669945,-8.882764013563177,0],[116.73703503693926,-8.88261703741204,0],[116.73680499307716,-8.882344040129922,0],[116.73680367813058,-8.882230275005995,0],[116.73680301591203,-8.882173031994947,0],[116.73682594837284,-8.8821394385497,0],[116.73682611043289,-8.882139201683524,0],[116.73683682736066,-8.882123501597176,0],[116.73687403569495,-8.882068994287792,0],[116.73690396800019,-8.88195199587964,0],[116.73686197746969,-8.881760401920497,0],[116.736860256838,-8.881752549597946,0],[116.73682001961487,-8.881568958126904,0],[116.73676403606227,-8.881517009057625,0],[116.73667499983158,-8.881434021158018,0],[116.73654681559684,-8.88138102795318,0],[116.7365465037306,-8.881380899293196,0],[116.73653560842288,-8.881376394398698,0],[116.73650803328516,-8.88136499262933,0],[116.73644830545041,-8.881340996426719,0],[116.73638910861811,-8.881317214053174,0],[116.7361770217077,-8.881232005362996,0],[116.73592546784666,-8.88109381253652,0],[116.73592400958469,-8.881093011921587,0],[116.73554597079273,-8.880968040020344,0],[116.73547046041065,-8.880964579228925,0],[116.73541841884648,-8.880962193333975,0],[116.73506496422429,-8.880945995229087,0],[116.73484798017232,-8.880976045273167,0],[116.73482659619255,-8.880978398074133,0],[116.73476583330869,-8.880985082604148,0],[116.73458739030437,-8.881004715560966,0],[116.73458619603956,-8.881004846769372,0],[116.7345850236033,-8.88100497708881,0],[116.73451513957247,-8.880992399071902,0],[116.73447149024638,-8.880984543138787,0],[116.7345749490642,-8.880898787303845,0],[116.73466999997918,-8.880820001007441,0],[116.73473000015576,-8.880789999605684,0],[116.73479000004873,-8.880730001171038,0],[116.73486999994556,-8.880690001081764,0],[116.73488999959616,-8.880670001294995,0],[116.73494999982542,-8.88065000097473,0],[116.73498000029642,-8.880630001049616,0],[116.73507999988537,-8.880580001334588,0],[116.73514999980459,-8.880540001320306,0],[116.73518149389169,-8.88052600202402,0],[116.73521150866092,-8.880512663773477,0],[116.73524000135654,-8.880500000106343,0],[116.73527999999791,-8.880490001131708,0],[116.73529294512653,-8.880480753603416,0],[116.73534999977396,-8.880439999959819,0],[116.73544999980666,-8.880440001213902,0],[116.7355000001684,-8.880430001164587,0],[116.73558000037609,-8.88043000087159,0],[116.73584660898004,-8.880411282793904,0],[116.73607633521247,-8.880393203255467,0],[116.7361380206052,-8.880384693868173,0],[116.73624012142946,-8.880377248695574,0],[116.73646027563909,-8.880355979198853,0],[116.73718674606336,-8.880322356355075,0],[116.73756971243667,-8.88034373791802,0],[116.73783151620404,-8.880374742054258,0],[116.73796930757229,-8.880385076022547,0],[116.73801409020689,-8.880395409783883,0],[116.73825178159022,-8.880405745022474,0],[116.7384619152479,-8.880416078888633,0],[116.73855147944685,-8.8804126348756,0],[116.73866860172488,-8.880478084642347,0],[116.73884979875116,-8.880529756558007,0],[116.73909093484718,-8.880533201340862,0],[116.73945263901716,-8.880533201685497,0],[116.73955942701244,-8.880515977549507,0],[116.73962143534061,-8.880481530198473,0],[116.73981434328434,-8.880429858258964,0],[116.73989701868769,-8.88037129576395,0],[116.73994869082067,-8.880371297402283,0],[116.74005479026583,-8.880333402872566,0],[116.74013057587209,-8.880292066363445,0],[116.7402614790534,-8.880243838782297,0],[116.74044060701573,-8.880192167775848,0],[116.74053017418028,-8.88018183276126,0],[116.74061284821454,-8.880130159723434,0],[116.7407540849709,-8.880081932816001,0],[116.7408436502416,-8.880050929761202,0],[116.74091254625297,-8.87999925884558,0],[116.74097455255482,-8.879964810356892,0],[116.74108134112669,-8.879906248947936,0],[116.7411467929076,-8.879885580256035,0],[116.74125702490812,-8.87986835620584,0],[116.74145682372071,-8.87985802139151,0],[116.74156016868646,-8.879837351739047,0],[116.74166695726349,-8.879809793913802,0],[116.74202866191838,-8.879792569945804,0],[116.74254805964361,-8.879752792940096,0],[116.74280374182652,-8.879734008964858,0],[116.74295727735287,-8.879690884768834,0],[116.74314822234874,-8.87964099793616,0],[116.74341002699822,-8.879558324340941,0],[116.74348236797655,-8.879499762063386,0],[116.74352026015463,-8.879489426985185,0],[116.74357687273417,-8.879453815675088,0],[116.7437338381714,-8.879355079942762,0],[116.74396948940333,-8.879257522426379,0],[116.74410932228844,-8.879166994026047,0],[116.74417477162157,-8.87914288133683,0],[116.7442457346401,-8.879122212251385,0],[116.74443175622095,-8.879104987619533,0],[116.74450754012727,-8.879108432304948,0],[116.74467633539749,-8.879149769779543,0],[116.74480379313209,-8.879225555985686,0],[116.74534118187871,-8.879222111433013,0],[116.74533773768523,-8.879311676016924,0],[116.74544797065877,-8.879342678998588,0],[116.74562296697667,-8.87935645725659,0],[116.7458762843931,-8.879368958237775,0],[116.74590544044455,-8.879470137178636,0],[116.7460018945883,-8.879552812304826,0],[116.74620169343594,-8.879632041879868,0],[116.74635326470334,-8.879773278672038,0],[116.74643938498347,-8.879835285025578,0],[116.74655306356338,-8.879876623108984,0],[116.74658751074745,-8.879944140768824,0],[116.74665640762029,-8.88003715090385,0],[116.74673908158512,-8.88014738403771,0],[116.7468252027584,-8.880233505351395,0],[116.74696988427358,-8.880298954966197,0],[116.74709607827242,-8.880291723046954,0],[116.74717657194398,-8.880281732136952,0],[116.7473001897481,-8.880149009891639,0],[116.74737292604698,-8.880071598105518,0],[116.74753544412613,-8.880012810235012,0],[116.74766642431014,-8.880006147578523,0],[116.74787311098474,-8.879964810213915,0],[116.74795923075597,-8.879902803859254,0],[116.74817969756738,-8.879882134556881,0],[116.74832782539718,-8.879816683979705,0],[116.74841394499575,-8.879778791661039,0],[116.74858618523767,-8.879737452381985,0],[116.74878253899527,-8.879713340204901,0],[116.74900887654906,-8.879653738968985,0],[116.74925447558884,-8.879627220200645,0],[116.74943842828739,-8.87960310567558,0],[116.74947632160767,-8.879523874623903,0],[116.74967956510841,-8.879448090320789,0],[116.74992070084296,-8.879396418307513,0],[116.75008605056308,-8.879293074298866,0],[116.75015150269763,-8.879217287895548,0],[116.7502617357855,-8.879155970989926,0],[116.75046153504105,-8.879114632987935,0],[116.75075778687476,-8.879142192259557,0],[116.75088868976958,-8.879152525901072,0],[116.75095069565823,-8.879231755940255,0],[116.75108711044902,-8.879283429149298,0],[116.75127313015538,-8.87935921424355,0],[116.75141092197656,-8.879379882666669,0],[116.75178640505318,-8.879531454736979,0],[116.75197586880644,-8.87964857683333,0],[116.75210677061997,-8.879693360002635,0],[116.7524271393909,-8.879751920575963,0],[116.75257181995501,-8.879772590431688,0],[116.75268894267403,-8.879807038414555,0],[116.75274225888276,-8.879825084280034,0],[116.75291285533008,-8.879882824295644,0],[116.75305753694293,-8.8799482751951,0],[116.75326422461562,-8.879993057448669,0],[116.75393251572604,-8.880075731908088,0],[116.75399107761001,-8.880099845774875,0],[116.75411164544175,-8.880110181433775,0],[116.75421499006106,-8.880134294014942,0],[116.75483712082531,-8.8801652981616,0],[116.7550989249712,-8.88017218691941,0],[116.75534350678123,-8.88022041374072,0],[116.75549507842334,-8.880285864607668,0],[116.75556741844002,-8.880303088582135,0],[116.75567338530057,-8.880349184714108,0],[116.75575680717107,-8.880345014367139,0],[116.75579763396588,-8.880263358674647,0],[116.75596910941266,-8.880353179844303,0],[116.7561977406401,-8.8804593311651,0],[116.75634471912483,-8.880459330372283,0],[116.75648353213809,-8.880565481662185,0],[116.7566141785557,-8.880638970349256,0],[116.75683464581795,-8.880769618154694,0],[116.75694079716843,-8.880875767894729,0],[116.75707523181362,-8.880958989578673,0],[116.75716370802958,-8.880997476954654,0],[116.75720361742633,-8.881014580920652,0],[116.75727558064446,-8.881014580700475,0],[116.75740622811215,-8.881071740051317,0],[116.75752870876293,-8.88108807002846,0],[116.75765119243995,-8.88112889673303,0],[116.75783899741886,-8.881177890075667,0],[116.75795331344625,-8.881186055057809,0],[116.75822277430413,-8.881235047798762,0],[116.75838608227883,-8.88123504774462,0],[116.75853305961977,-8.881259544672973,0],[116.75861471510605,-8.881300372683526,0],[116.75876985774309,-8.881308537593286,0],[116.75891683580629,-8.881316702591064,0],[116.75903931909366,-8.881316703009938,0],[116.75918629691046,-8.881308537024664,0],[116.75932511015621,-8.88135752966491,0],[116.75950474972825,-8.881390192365133,0],[116.75981503667785,-8.881390191411073,0],[116.7600844970567,-8.881439184626078,0],[116.76040295002323,-8.881463680681493,0],[116.76059075493247,-8.88148001179975,0],[116.76088471115355,-8.881488178035047,0],[116.76103168992633,-8.881480012228817,0],[116.76117050176849,-8.88144735069809,0],[116.76131748072586,-8.881406523020093,0],[116.76152161702262,-8.881357529743353,0],[116.76170942337545,-8.881316702672226,0],[116.76192172419685,-8.88130853842189,0],[116.76219118385787,-8.88131670337224,0],[116.7622871534208,-8.881316703013006,0],[116.76233575311778,-8.881304552968253,0],[116.76238143919377,-8.881322827785377,0],[116.76258353471569,-8.881322827979377,0],[116.76266927117565,-8.881292207053937,0],[116.76273663634143,-8.881286082056052,0],[116.76277950502512,-8.88127995775542,0],[116.76283462192924,-8.881255461643955,0],[116.76290811132031,-8.88121871840864,0],[116.76306121442754,-8.881206470030001,0],[116.76315307513843,-8.881200345132171,0],[116.76326943264998,-8.881206470120386,0],[116.76344090582727,-8.881194220575638,0],[116.76356338882765,-8.881200344832783,0],[116.7636858702975,-8.881200344628823,0],[116.76382060084826,-8.881181973450088,0],[116.76390633760137,-8.881181973433055,0],[116.76400432441187,-8.881181973003065,0],[116.76405944039386,-8.881175849063593,0],[116.76414517780745,-8.881120731923462,0],[116.76420641809186,-8.88105949205014,0],[116.76431665201311,-8.88102274642199,0],[116.76439626487883,-8.880986002232985,0],[116.76449425036074,-8.880973753735798,0],[116.76461060938595,-8.88098600182158,0],[116.7647453383807,-8.880979878241204,0],[116.76488619194322,-8.880973753948272,0],[116.7648945265979,-8.88097375377227,0],[116.7649805798566,-8.880989399878253,0],[116.76506415369437,-8.880943813764434,0],[116.76535448139347,-8.881045427908836,0],[116.76558674297105,-8.881059944695874,0],[116.76581900377727,-8.881059943991318,0],[116.76600771729862,-8.881118009649379,0],[116.76612384832106,-8.88116155941773,0],[116.7663270779537,-8.881161559197318,0],[116.76657385601897,-8.881205109208176,0],[116.76683515015299,-8.881176075056562,0],[116.76702386299588,-8.8812341420145,0],[116.76715451006416,-8.881219624803983,0],[116.7673287068404,-8.881176075585001,0],[116.76751741910277,-8.881161559170073,0],[116.76766258274904,-8.881118009794886,0],[116.76782226292895,-8.88105994480934,0],[116.76802549173443,-8.88100187878773,0],[116.76815613969171,-8.880929298157856,0],[116.76828678581703,-8.88082768278031,0],[116.76837388507572,-8.88069703638254,0],[116.76850453202434,-8.880508323155729,0],[116.76859163025382,-8.880290578025683,0],[116.76860614588011,-8.880188962859725,0],[116.76872227785536,-8.87997121760174,0],[116.76885292527147,-8.879782505139596,0],[116.76889647371988,-8.87960830942244,0],[116.76896905593917,-8.879390563335045,0],[116.76902712162561,-8.879187333738246,0],[116.7690851863655,-8.879013137927176,0],[116.76917228486447,-8.878853458417224,0],[116.76920131757495,-8.878722810251666,0],[116.76927389861065,-8.878563129876573,0],[116.76930293214465,-8.878417966156682,0],[116.76937551411832,-8.878330868902436,0],[116.76946261235562,-8.878185705759956,0],[116.7695932580156,-8.87806957433275,0],[116.76978197204696,-8.877982476294878,0],[116.76994165226667,-8.877895378357273,0],[116.7701158488165,-8.877808280243592,0],[116.77033359357993,-8.877721180800693,0],[116.77049327356096,-8.877634082619739,0],[116.77061280695435,-8.877673927307487,0],[116.7707019892686,-8.877644199359555,0],[116.77087091408464,-8.877658276824953,0],[116.77116124202074,-8.877561500685866,0],[116.77145156905691,-8.8774453696514,0],[116.77170318720925,-8.877309883568502,0],[116.77189673716997,-8.877271174057185,0],[116.77216770979686,-8.877155043289841,0],[116.77236126101778,-8.877193753104372,0],[116.77261287819958,-8.877155043344544,0],[116.77282578434674,-8.877193752948966,0],[116.77292255962516,-8.87719375303202,0],[116.77303869098084,-8.877116332621766,0],[116.77325159812735,-8.877135688221712,0],[116.77348386012208,-8.877174398353743,0],[116.77369676642282,-8.877193752796098,0],[116.77387096311486,-8.87713568761288,0],[116.77406451363582,-8.877155042784189,0],[116.77427741997121,-8.877155044036254,0],[116.7745483918364,-8.877135687578354,0],[116.77462581267727,-8.877106655285901,0],[116.77472258927051,-8.877058268229252,0],[116.77483872019911,-8.876961490769405,0],[116.77509033717618,-8.87701955629656,0],[116.77536130905797,-8.87705826777816,0],[116.77553550476428,-8.87707762320446,0],[116.7757097019764,-8.87700020157969,0],[116.77572473722746,-8.876996443334674,0],[116.77580734733614,-8.877005138243279,0],[116.7758808363436,-8.876977581292905,0],[116.77597269675663,-8.876972988157748,0],[116.77612426879789,-8.876972986820219,0],[116.77626206125872,-8.876963800925429,0],[116.77636770205152,-8.87697758109035,0],[116.77638860740298,-8.876973400311103,0],[116.7764258428918,-8.876980845912243,0],[116.7764472087436,-8.8769701628943,0],[116.7765192731373,-8.876982173590322,0],[116.77664328620381,-8.876945428883053,0],[116.77672136806837,-8.876917869990532,0],[116.77680404179371,-8.87690409220401,0]]]},"properties":{"OBJECTID":2,"KABUPATEN":"Sumbawa Barat","KECAMATAN":"Kec. Maluk","SUMBERDATA":"PERMENDAGRI NO.123 TAHUN 2017 TENTANG BATAS KSB_KS","Luas":3882.85425989,"Shape_Leng":40726.825824,"Shape_Area":38828542.5989}},{"type":"Feature","geometry":{"bbox":[116.73272458567678,-9.062700937778613,117.09650707241629,-8.809805400773067],"type":"Polygon","coordinates":[[[117.07667151474317,-8.822473023808355,0],[117.07653333425452,-8.823033115277545,0],[117.07651571276014,-8.823104541329108,0],[117.07646864326698,-8.823498268109333,0],[117.07650815571215,-8.823642174118243,0],[117.07652526643605,-8.823704491841882,0],[117.07667146328572,-8.823849762699856,0],[117.07692193986557,-8.82395483080138,0],[117.077239382339,-8.824003093068852,0],[117.07744533031388,-8.824034403916283,0],[117.07803664694111,-8.82416121595515,0],[117.07842801215986,-8.82422675439625,0],[117.07890640248232,-8.824229824504581,0],[117.07913527495342,-8.824231293214766,0],[117.07972269907316,-8.824241943560905,0],[117.08016275996525,-8.824246699891752,0],[117.08068188315356,-8.824256203721383,0],[117.0808159112529,-8.824269496621591,0],[117.08089285717087,-8.824277129551012,0],[117.08106992927922,-8.824294693258102,0],[117.08136980935042,-8.82436514270736,0],[117.08172031370745,-8.824521044161092,0],[117.08192976437982,-8.824610441650314,0],[117.08220912759154,-8.824729680911648,0],[117.08245230990418,-8.824824141439704,0],[117.08245901063,-8.824826399450815,0],[117.0825004627334,-8.824840369650031,0],[117.08255525627102,-8.824858835977356,0],[117.08273690529975,-8.824920058002347,0],[117.08298407017483,-8.824990904898293,0],[117.08299648996784,-8.824993351584174,0],[117.08332963913901,-8.825059024394532,0],[117.0837870047813,-8.82512964405015,0],[117.0838717497155,-8.825149513640408,0],[117.08404548477174,-8.825190254017398,0],[117.08418670681361,-8.825233339780564,0],[117.08432714436543,-8.825297613967651,0],[117.08441708997947,-8.825357192353263,0],[117.0844944187646,-8.825435597451108,0],[117.08450748943648,-8.82548089541334,0],[117.08451283438012,-8.825499422327871,0],[117.08453035356605,-8.825560142199885,0],[117.08452765770235,-8.825609932826264,0],[117.08452210840429,-8.825712422134835,0],[117.08451450618452,-8.825852813862546,0],[117.0844388601369,-8.826616591087909,0],[117.08443861224796,-8.826622217236466,0],[117.08442366093038,-8.826960833594566,0],[117.0844665187533,-8.827168600440078,0],[117.08451032979217,-8.827380990047123,0],[117.08457833520299,-8.827671007035505,0],[117.08462533464355,-8.827871447241389,0],[117.08463814875931,-8.827907814959087,0],[117.08463815785883,-8.827907840283483,0],[117.08479655735539,-8.828357392623204,0],[117.08504925801577,-8.828835221319874,0],[117.08530196301047,-8.829321149771443,0],[117.08545010523547,-8.829517940641294,0],[117.08573462325396,-8.829823028813463,0],[117.08600163713042,-8.830100922871273,0],[117.08634809259598,-8.830415442223783,0],[117.0865163871056,-8.830531537020299,0],[117.08696575279819,-8.830834387302824,0],[117.08731812940893,-8.831085177573277,0],[117.08785696475412,-8.83144733405822,0],[117.08838787102584,-8.831770114412585,0],[117.08873811679632,-8.831959318933299,0],[117.0891096357697,-8.832139209693816,0],[117.08932392898141,-8.832218803190496,0],[117.0895627390362,-8.83229714338375,0],[117.0898973397227,-8.832403033751971,0],[117.09017040985997,-8.832490999345334,0],[117.09035338070028,-8.832574851001183,0],[117.09054528297976,-8.832697068174802,0],[117.09076179089482,-8.832846177795256,0],[117.09101274498911,-8.833029511247535,0],[117.09142707293924,-8.83332417961533,0],[117.09184277094829,-8.83361829271059,0],[117.09219228581196,-8.833812756606516,0],[117.09275666688345,-8.834140327227205,0],[117.09322816903763,-8.834431248290207,0],[117.09371962815376,-8.83474945210308,0],[117.09405206865844,-8.834955385952393,0],[117.09431123989363,-8.835111913375735,0],[117.09450565635312,-8.835265603191674,0],[117.09474995305203,-8.835475594558355,0],[117.09507477869037,-8.835724483957145,0],[117.09544260062754,-8.836046289618668,0],[117.09569610496636,-8.836252265573902,0],[117.0959642551766,-8.836481932300229,0],[117.09613412861357,-8.836632870562271,0],[117.09631798676605,-8.836783302242075,0],[117.09651411794965,-8.836928907792313,0],[117.09650034658611,-8.837109316096338,0],[117.09648910019197,-8.837256654653519,0],[117.09633672557347,-8.837311181860667,0],[117.096265837026,-8.837300548489724,0],[117.0959443422165,-8.837252326132331,0],[117.09571256957797,-8.837168692332533,0],[117.09555544308867,-8.837127187998373,0],[117.09532242041043,-8.837065638930696,0],[117.09497342270696,-8.836966530147055,0],[117.0946888664213,-8.836833467336529,0],[117.09448284192887,-8.836727815778922,0],[117.0941088531867,-8.836730930907068,0],[117.09373669602725,-8.83671271762584,0],[117.09347908695335,-8.83662394943308,0],[117.09336499473898,-8.836583405799262,0],[117.0929183393439,-8.836424678330179,0],[117.09245101704272,-8.836271840199856,0],[117.091443473346,-8.835769059709516,0],[117.09126037468141,-8.83565358044004,0],[117.09102270043054,-8.835522354947736,0],[117.09001381754676,-8.835184689371914,0],[117.08969350470228,-8.835083334592644,0],[117.08919443072375,-8.835011707403515,0],[117.08856737341407,-8.8349929045841,0],[117.08774864956393,-8.83501163056125,0],[117.08658431855707,-8.83493897093607,0],[117.08591927209449,-8.834863497285244,0],[117.08528441122661,-8.834803283821852,0],[117.08493783475734,-8.834828444700504,0],[117.0849363288281,-8.83482855358348,0],[117.08489057468223,-8.834841021842687,0],[117.08470507557932,-8.834891570153555,0],[117.08453202987793,-8.835046896523153,0],[117.08430749739506,-8.835248436169028,0],[117.08405679025698,-8.83549713487732,0],[117.0838831694483,-8.835669365577978,0],[117.08352669166634,-8.835893270366832,0],[117.08320530805705,-8.835923037978079,0],[117.08320397218317,-8.835923162193186,0],[117.08273401357482,-8.83583582659345,0],[117.08273319685655,-8.835835461349127,0],[117.08273316138632,-8.835835444171144,0],[117.08233069304849,-8.835654840268454,0],[117.08215105222264,-8.83563061420765,0],[117.08211776101928,-8.83562612333987,0],[117.08194042638048,-8.835655134684433,0],[117.08185942119876,-8.835713112864866,0],[117.0818427470498,-8.83639151355227,0],[117.08182102628962,-8.83658610141599,0],[117.08181209728312,-8.836666094245833,0],[117.08173081433759,-8.837049436846648,0],[117.08173072894326,-8.837049841183958,0],[117.0817258941492,-8.837072639661166,0],[117.08171590880455,-8.837100844648862,0],[117.08153706574083,-8.837606063949607,0],[117.0814444792643,-8.837976475256601,0],[117.08143015972638,-8.838042209547945,0],[117.08142094042009,-8.83808453295131,0],[117.0813933300435,-8.838142264255527,0],[117.08139325187055,-8.838142426180863,0],[117.08107547241117,-8.838806881957586,0],[117.08101454032571,-8.838905412300473,0],[117.08092100033905,-8.839056670293152,0],[117.08073518143723,-8.839216954412406,0],[117.08073427025916,-8.839217157220215,0],[117.08058827437188,-8.839249459955298,0],[117.08057804225521,-8.839251724349282,0],[117.08004222999213,-8.839370282793688,0],[117.07995380189062,-8.83939795724113,0],[117.07963328037398,-8.839498269357126,0],[117.07946413992111,-8.839564444364699,0],[117.07918431775609,-8.839673921974546,0],[117.07910976819798,-8.83969001005966,0],[117.07910968546203,-8.839690103242262,0],[117.07900504810307,-8.839807981937465,0],[117.07899900201122,-8.839814793312744,0],[117.07898547356851,-8.840091686602772,0],[117.07898555057636,-8.840623994243627,0],[117.07893521665476,-8.840935535522256,0],[117.07892595471684,-8.840992859362443,0],[117.07892561735397,-8.8410100777992,0],[117.07892046686938,-8.841272591120362,0],[117.07895154843624,-8.841519364561533,0],[117.07898890537523,-8.841768025303184,0],[117.07878878897678,-8.842577392979234,0],[117.07878577867277,-8.84261519423533,0],[117.07876537044487,-8.8428714560133,0],[117.07879200833167,-8.842975491446209,0],[117.07879204928946,-8.842975652441421,0],[117.07900595570287,-8.843811069789105,0],[117.07904604830729,-8.844003650840104,0],[117.07905494058657,-8.844046370150098,0],[117.07903699181163,-8.844154658950622,0],[117.07903472028627,-8.84416836736676,0],[117.079025750436,-8.844222486439003,0],[117.07884536103434,-8.844447105765255,0],[117.0785556784453,-8.844628074295262,0],[117.07855234041817,-8.844630158999525,0],[117.07847442388113,-8.844683939746051,0],[117.07840718111397,-8.844724657034845,0],[117.07768132358717,-8.845045911343979,0],[117.07742786368692,-8.84519101196416,0],[117.07724900754573,-8.845343919290034,0],[117.07722751635733,-8.84536229262737,0],[117.07710254990975,-8.845469128113367,0],[117.07706263610766,-8.845559444085591,0],[117.07706256975088,-8.845559592439827,0],[117.07673112628282,-8.846309570974896,0],[117.0766381132873,-8.846409982218498,0],[117.07660197339038,-8.846425604265978,0],[117.07654371743028,-8.84645078522966,0],[117.0765426053073,-8.846451265754768,0],[117.07644592896732,-8.846449765910599,0],[117.07644585712285,-8.846449765020745,0],[117.07644550972283,-8.84644975966454,0],[117.07636180268199,-8.846448461572226,0],[117.0753735915874,-8.84628174328627,0],[117.0753721084158,-8.846282204887734,0],[117.07537206021962,-8.846282220274212,0],[117.07526967315502,-8.846313992078793,0],[117.07512372572596,-8.846359284250644,0],[117.07503215320948,-8.846434757310154,0],[117.07457473050009,-8.846863183908116,0],[117.07457380942897,-8.846864046999531,0],[117.07443905839204,-8.846990255560797,0],[117.0742079569219,-8.847404000691578,0],[117.07400950120139,-8.847716261605601,0],[117.07389510871113,-8.847882283632723,0],[117.0738947677757,-8.847882779374608,0],[117.07380153957487,-8.848018084364835,0],[117.07376503871508,-8.848099446413086,0],[117.07371155457209,-8.848218660356078,0],[117.07355417786461,-8.848531736043734,0],[117.07346988562672,-8.848773628227606,0],[117.07346803040679,-8.84923224517659,0],[117.07346747366645,-8.849249728669166,0],[117.07346686541912,-8.849268878289694,0],[117.07346818321534,-8.849301151150117,0],[117.07348265890134,-8.849655741059998,0],[117.07348568106855,-8.849729762409334,0],[117.07347965093402,-8.849781662891262,0],[117.07347960917167,-8.84978202289668,0],[117.07346624155203,-8.849897083526997,0],[117.07344410924335,-8.850087577956376,0],[117.07343575728893,-8.850111790764272,0],[117.0733898928685,-8.850244748176587,0],[117.07338831526425,-8.850255230012804,0],[117.07268346272704,-8.854938957011289,0],[117.07277017244938,-8.855225105315924,0],[117.0731381374335,-8.856439406956012,0],[117.07315032555181,-8.856539249497606,0],[117.07325864524636,-8.85742657771318,0],[117.0731031969172,-8.857445161536159,0],[117.0725067082523,-8.85751646929458,0],[117.07199546630504,-8.857965294439106,0],[117.07195800058965,-8.858002571294627,0],[117.0715062937122,-8.858452000287912,0],[117.0714541630905,-8.85850386701322,0],[117.07139842939712,-8.858537855770313,0],[117.07052184498676,-8.859072429563236,0],[117.06977002331266,-8.85979053223617,0],[117.06934898679904,-8.86011967498483,0],[117.06799690045015,-8.860374343471126,0],[117.06712326263244,-8.860538892402923,0],[117.06598028190704,-8.860539093977224,0],[117.06432595906817,-8.860479552998909,0],[117.06303263214777,-8.860749007609021,0],[117.06182962966892,-8.861556914356727,0],[117.06154555562351,-8.861873453825615,0],[117.06107780483,-8.862394657941127,0],[117.06140883824057,-8.863411715716879,0],[117.06144370567104,-8.863556624177058,0],[117.06154603289392,-8.863981897721285,0],[117.06173993342459,-8.864787750757793,0],[117.06176949904847,-8.865461480285825,0],[117.06178175441497,-8.865740750911907,0],[117.06180032100335,-8.866163831148906,0],[117.06187486206352,-8.86643548177237,0],[117.0619809047408,-8.866821931819096,0],[117.06213153582678,-8.868227912948162,0],[117.06209590995574,-8.868298805706656,0],[117.06189098342632,-8.868706592326769,0],[117.06195158796591,-8.87136901728357,0],[117.0618614201128,-8.871787841572072,0],[117.06195171336314,-8.87211689179815,0],[117.06213223494895,-8.872386096964972,0],[117.06225762954222,-8.872435956456314,0],[117.06243304923542,-8.872505706871408,0],[117.06294389788074,-8.87324050225806,0],[117.06384713245424,-8.874539687862757,0],[117.064840036058,-8.87612501232915,0],[117.06463738975646,-8.876389901077298,0],[117.06456288639056,-8.876487287669406,0],[117.06319203782697,-8.878279174568023,0],[117.06045900023831,-8.880202374396877,0],[117.06023251776575,-8.880361745752548,0],[117.05929449436235,-8.883305532066423,0],[117.05878946513403,-8.885315899390951,0],[117.0573458047526,-8.886608449665353,0],[117.05554113371696,-8.887685662656331,0],[117.054888888552,-8.888194444402625,0],[117.05426789163812,-8.888898703136872,0],[117.05422116217862,-8.889097820618053,0],[117.05397172744763,-8.889615030811916,0],[117.05389180292875,-8.889772274049726,0],[117.05388914043274,-8.88997553773301,0],[117.0540405698203,-8.8904231679411,0],[117.054190899993,-8.890753484579754,0],[117.05436261558418,-8.890980591178995,0],[117.05457614527259,-8.891152264768936,0],[117.05480602619745,-8.891253074397936,0],[117.05527696020573,-8.891290894949375,0],[117.05598493107702,-8.89117283162816,0],[117.05630550031243,-8.89114463577513,0],[117.05678885681007,-8.891112261354458,0],[117.05714745256574,-8.891019766132755,0],[117.05748175390866,-8.890981398618282,0],[117.05760966025986,-8.891091268269625,0],[117.05768291176746,-8.891251870573258,0],[117.05772166080862,-8.891677547811799,0],[117.05770563272685,-8.892012672687223,0],[117.05756343839927,-8.892725533002443,0],[117.05754992264197,-8.893191170669624,0],[117.05759948131642,-8.8933531153076,0],[117.05762655540067,-8.89339316299367,0],[117.05774673126088,-8.893501071883195,0],[117.0582493722973,-8.89381017365594,0],[117.05872608926275,-8.89398596435252,0],[117.05904238159961,-8.894101321283665,0],[117.05957076342898,-8.894291230302604,0],[117.06054178857953,-8.894468710350838,0],[117.06103412402052,-8.894582535445377,0],[117.06129870774231,-8.894737715608354,0],[117.06150944733724,-8.894950178278826,0],[117.06165366609649,-8.895233638071032,0],[117.06172245198312,-8.895380139804114,0],[117.06173357815587,-8.895612065208509,0],[117.06164496575154,-8.896616478028498,0],[117.06167589421216,-8.89680294743014,0],[117.06179256569776,-8.896989983312192,0],[117.06224558085125,-8.897352588883818,0],[117.06254180776902,-8.897707616003828,0],[117.06272188761957,-8.898019307312316,0],[117.06280437441623,-8.89839182634109,0],[117.06280111797469,-8.89860372726309,0],[117.06249496716656,-8.899054398322658,0],[117.06237263272139,-8.899270253830498,0],[117.06232592156002,-8.899451644636228,0],[117.06234555109775,-8.899728603364332,0],[117.06238467719982,-8.899819137701572,0],[117.06242689440765,-8.899847785612359,0],[117.06246616831982,-8.89989795238619,0],[117.06264438974893,-8.900079468240646,0],[117.06289355172264,-8.900232613728587,0],[117.06320054816443,-8.900360714114838,0],[117.0634725348144,-8.900376025587779,0],[117.06373025829797,-8.900278266990627,0],[117.06453373640029,-8.899633971275156,0],[117.06478303693609,-8.89933113218254,0],[117.0652720875648,-8.898988082445063,0],[117.0655380450414,-8.898912889670738,0],[117.06619341961621,-8.898850362346371,0],[117.0665866487295,-8.898867811772801,0],[117.06713912070798,-8.898978036994485,0],[117.06786886119387,-8.899218352424862,0],[117.06864064261637,-8.899412561956341,0],[117.06883728275065,-8.899580628559855,0],[117.06977791142057,-8.900424320083037,0],[117.07051836616597,-8.901071522632911,0],[117.07072641720305,-8.901398971225753,0],[117.07095507863049,-8.90177074595756,0],[117.07109883444477,-8.901861459295937,0],[117.07149341032758,-8.901962933432573,0],[117.07167256498838,-8.902051288013741,0],[117.07208558448666,-8.902264976390141,0],[117.07211987014232,-8.902282715393447,0],[117.07219871597385,-8.902323508126353,0],[117.0722394366881,-8.902368643573105,0],[117.0723687163322,-8.902435345303832,0],[117.07257208876375,-8.902409925078919,0],[117.07302478926641,-8.902337449281545,0],[117.07319756164668,-8.902391522423477,0],[117.07355866619862,-8.902621632649732,0],[117.07405393983153,-8.902984434152428,0],[117.07441151300449,-8.903152746097668,0],[117.0762206437674,-8.903703888798036,0],[117.07664934962565,-8.90366918506067,0],[117.07722649879261,-8.903387961235126,0],[117.07764032702941,-8.902980619093464,0],[117.0780092290105,-8.902648756662273,0],[117.07837511412067,-8.902504392809092,0],[117.07925947292702,-8.9021822993675,0],[117.07999965916656,-8.901786001456605,0],[117.08123318171583,-8.90112556472121,0],[117.08157526090955,-8.90102203083574,0],[117.08161505454709,-8.900987723887436,0],[117.08175058961665,-8.90091164270322,0],[117.08207643712448,-8.900867846865196,0],[117.08251701260374,-8.900890859801398,0],[117.0827616624517,-8.900961527567423,0],[117.08291386612133,-8.901076829061152,0],[117.08324666758591,-8.901461307584212,0],[117.08329594144327,-8.901507518080365,0],[117.08391358184087,-8.902575161397788,0],[117.08391569012052,-8.902578806109481,0],[117.08391570922869,-8.90257883866763,0],[117.08427168605849,-8.903194170714212,0],[117.08394727575649,-8.905276323010382,0],[117.08376451965047,-8.905741082929453,0],[117.08375892086625,-8.905755319410764,0],[117.0832978774044,-8.90692777355946,0],[117.08311757874422,-8.907789363991096,0],[117.0829735970357,-8.909620189319536,0],[117.08300569732752,-8.910456481781901,0],[117.08300608801528,-8.910466663792063,0],[117.08301170403037,-8.910612984622555,0],[117.0830591283515,-8.911848556163601,0],[117.08307856682242,-8.912354975668263,0],[117.08307856865201,-8.912355021797994,0],[117.08307885138103,-8.912362404365181,0],[117.0831648443645,-8.91460277633446,0],[117.08362737378712,-8.91661295467964,0],[117.08455176091313,-8.917646604775086,0],[117.08455190626015,-8.918278409166193,0],[117.0844366644322,-8.919484604020198,0],[117.08316609196036,-8.920116693113288,0],[117.08292299790946,-8.920181213822838,0],[117.08229974503804,-8.920346632965826,0],[117.08195337836143,-8.92120825903942,0],[117.08235796927208,-8.922414339008572,0],[117.08290944397311,-8.923655711390749,0],[117.08292299853112,-8.923669734630659,0],[117.08438388896585,-8.925181039318643,0],[117.08564752915774,-8.925719217643453,0],[117.08709162608959,-8.926047946751039,0],[117.08825056217785,-8.926778166675984,0],[117.08751339786322,-8.928560698383532,0],[117.08800242377752,-8.930398985172268,0],[117.0880038049284,-8.93040417764493,0],[117.08807821687202,-8.930683897337593,0],[117.08786509677057,-8.931301332058355,0],[117.0878625070303,-8.931308835593411,0],[117.08725000002232,-8.933083332889073,0],[117.08692387005362,-8.93441754820724,0],[117.0859423724344,-8.936370620231633,0],[117.08574059019135,-8.937744982989546,0],[117.08559643070686,-8.938451866394631,0],[117.08559463348014,-8.938460679461011,0],[117.0855946234854,-8.93846072830692,0],[117.08541666672144,-8.939333333986143,0],[117.08513320202736,-8.939731297201897,0],[117.08512918813503,-8.939736932322715,0],[117.08455512660657,-8.940542867225563,0],[117.08455179471552,-8.940547544307343,0],[117.08449929014223,-8.940621256738845,0],[117.08478853117538,-8.94245916059815,0],[117.08461553215692,-8.94372280364919,0],[117.0839225272833,-8.944412201196268,0],[117.08242085105933,-8.945216649247335,0],[117.0818430717974,-8.944584974653088,0],[117.08132290510386,-8.943264049149077,0],[117.08097621038816,-8.942747196125582,0],[117.08010974506446,-8.94268994794423,0],[117.07855043865715,-8.942090144896763,0],[117.07854525045387,-8.942088148835614,0],[117.07831893095066,-8.94200109230202,0],[117.07733697859146,-8.942116172267607,0],[117.0761816880592,-8.942001537666501,0],[117.07421767568101,-8.941714752868492,0],[117.07288929107881,-8.942576565133075,0],[117.07184958327582,-8.942749078397028,0],[117.07069443635369,-8.94338110155569,0],[117.07000141577086,-8.944127908853156,0],[117.0687308838804,-8.945564061673425,0],[117.06872454991318,-8.945573962722031,0],[117.06871983740496,-8.945581329029777,0],[117.06751819075512,-8.947459690263702,0],[117.0674125115793,-8.947558625023436,0],[117.06741132557248,-8.947559735074256,0],[117.06653636713838,-8.948378852888423,0],[117.0650345033796,-8.948436556941347,0],[117.06434144242178,-8.94906847980836,0],[117.06387938588293,-8.94941318027511,0],[117.06307069314164,-8.949470754397604,0],[117.06249331179126,-8.951021639935638,0],[117.06208913355619,-8.952055564795586,0],[117.06249366473942,-8.95308935627565,0],[117.06353356687013,-8.953835852964447,0],[117.06694211360885,-8.95601784112461,0],[117.06758979098677,-8.95707808931417,0],[117.06759193214603,-8.957081594806029,0],[117.06792442654857,-8.95762588555738,0],[117.06861788607291,-8.95906167071747,0],[117.06831518935681,-8.96137245317213,0],[117.06831459889071,-8.961376963169648,0],[117.06827178276197,-8.961703815877973,0],[117.06780988632656,-8.96296750442325,0],[117.06815682820688,-8.964805408110696,0],[117.06824426533338,-8.965419270358314,0],[117.06859736535553,-8.965581021884002,0],[117.06886855318864,-8.965782315425521,0],[117.06900421162494,-8.96597356055243,0],[117.06900451646116,-8.965973990137826,0],[117.06902258915821,-8.965999468622874,0],[117.06903911583686,-8.966022766621816,0],[117.06914598736307,-8.966233296699182,0],[117.06914917256131,-8.966239571594391,0],[117.06921333248643,-8.966365959445039,0],[117.06941084333751,-8.966755037217652,0],[117.06941095618471,-8.966755258801422,0],[117.06948642267788,-8.967113417936506,0],[117.06948714200558,-8.967116832326655,0],[117.06956624900093,-8.96749226237165,0],[117.06960000611518,-8.967559727037191,0],[117.0696084133159,-8.96757652944112,0],[117.06962470261085,-8.967609085115653,0],[117.06983765309552,-8.968048568963106,0],[117.06983885258215,-8.968051044380303,0],[117.069867123308,-8.968147286135277,0],[117.06986714424562,-8.968147359396621,0],[117.06995590182683,-8.968449530343237,0],[117.0700181255534,-8.969017097643524,0],[117.07006153731159,-8.970149499625725,0],[117.07016023432618,-8.970626926429254,0],[117.07020597401446,-8.971092750255075,0],[117.07019811990295,-8.971833851902593,0],[117.07013851781551,-8.972894455181876,0],[117.07007926721187,-8.973607599974574,0],[117.07010443331276,-8.974129329049457,0],[117.07011300713937,-8.974307069903599,0],[117.07006197668645,-8.974825829437973,0],[117.07001905063524,-8.975262194730217,0],[117.07002045505865,-8.975403398364474,0],[117.07002258301499,-8.97561726021236,0],[117.0700254233949,-8.975902758177611,0],[117.07002922718894,-8.976425362284624,0],[117.07003201909052,-8.976809004959136,0],[117.07003202001776,-8.976809096314422,0],[117.07003415974512,-8.977103176380362,0],[117.07005208242265,-8.977244368726932,0],[117.07005981694066,-8.977305302257022,0],[117.07005421922328,-8.97736189938387,0],[117.07005417109963,-8.977362383305575,0],[117.07003355804396,-8.977570780779295,0],[117.0698490083247,-8.97841907015641,0],[117.0697149900347,-8.979035088129772,0],[117.0695798001323,-8.979296306106312,0],[117.06940787143073,-8.979628514124986,0],[117.06920228436807,-8.98005205216209,0],[117.06917554777262,-8.98016298620511,0],[117.06917551595652,-8.980163119173966,0],[117.06915489353341,-8.980248687816948,0],[117.06914914205227,-8.9802725543745,0],[117.06916561975638,-8.98036517033553,0],[117.06916563341724,-8.98036524721627,0],[117.06917794821429,-8.980434467011962,0],[117.06920165434836,-8.98056771398604,0],[117.06928275110467,-8.980800082608585,0],[117.06930453063553,-8.980862492379803,0],[117.06934735306959,-8.980988630830609,0],[117.06950680964536,-8.981458336057413,0],[117.0695335191017,-8.981558318201195,0],[117.06954103176541,-8.981586443407746,0],[117.06953870308064,-8.981587964326593,0],[117.06930383219083,-8.981884065250608,0],[117.06930247424967,-8.981885777741685,0],[117.06921444361183,-8.98199675403357,0],[117.06908505292047,-8.982642545445286,0],[117.06897349558332,-8.983547010439255,0],[117.06885537144719,-8.984111428160427,0],[117.06885533689298,-8.984111516808776,0],[117.06885337005554,-8.984116697299994,0],[117.0687734598487,-8.984327168879648,0],[117.0687706691345,-8.9843294885613,0],[117.06877064002653,-8.984329512083972,0],[117.06877014883148,-8.984329919204653,0],[117.0687370599511,-8.984431804762787,0],[117.06873701357996,-8.984431946779363,0],[117.06868804487638,-8.984582727629945,0],[117.06867455244056,-8.984820895549252,0],[117.06870162023664,-8.984910511993146,0],[117.06870180867548,-8.984911136973894,0],[117.06871254239744,-8.984946673140579,0],[117.06873044680736,-8.9850059486234,0],[117.06891372965708,-8.985255929815036,0],[117.06910909208341,-8.98542623134283,0],[117.06911113575386,-8.985428012843057,0],[117.06919215465476,-8.98549863891805,0],[117.06967642525505,-8.985920948117247,0],[117.0696894625622,-8.985932317143448,0],[117.06968982925913,-8.985932636365892,0],[117.06980852356932,-8.986036144943558,0],[117.0699127424165,-8.986200166978602,0],[117.06993891739523,-8.986489891652104,0],[117.06994472403503,-8.986554167679298,0],[117.06992174074873,-8.986669012124825,0],[117.06989468922147,-8.986804193416216,0],[117.06973604985328,-8.98750212271478,0],[117.06974288500956,-8.987549954573302,0],[117.0697549692955,-8.987634530213446,0],[117.06976362006165,-8.987695070079578,0],[117.06977487626607,-8.987773847972175,0],[117.06979835173748,-8.987886538117388,0],[117.06979836357543,-8.987886595099203,0],[117.06981498490951,-8.987966379597482,0],[117.06983351033422,-8.98805530289306,0],[117.06984300734302,-8.988335002409764,0],[117.06977234735561,-8.988569138886009,0],[117.06971181483121,-8.988769716149944,0],[117.0696983814354,-8.988814229574647,0],[117.06968095577902,-8.988853095094557,0],[117.06947133471778,-8.989320615615798,0],[117.06911725443457,-8.98999991498063,0],[117.0688038743228,-8.990601128287057,0],[117.0686727965677,-8.990907274706606,0],[117.06856588142556,-8.991493876741183,0],[117.06859950561179,-8.992168515586913,0],[117.0685995707784,-8.992659719031227,0],[117.06846203488767,-8.993607272710163,0],[117.0684116235943,-8.99382013920695,0],[117.0683693920244,-8.993998470034514,0],[117.06836396307932,-8.994021394910629,0],[117.06836375581206,-8.994022269609005,0],[117.06817467118874,-8.994537684650568,0],[117.06802052689758,-8.994884698041975,0],[117.0680204996154,-8.994884759553596,0],[117.06788778069227,-8.995183538718688,0],[117.06779574105605,-8.995448331579855,0],[117.06776764414438,-8.995644739949771,0],[117.06770899425375,-8.996054712039738,0],[117.06770886886572,-8.996055590340656,0],[117.06771045731422,-8.996070016057185,0],[117.0677104609591,-8.99607004680981,0],[117.0677240826176,-8.996193759380676,0],[117.06772410449011,-8.996193961082081,0],[117.06773526100072,-8.996295254049206,0],[117.06790457723389,-8.996901613606822,0],[117.06802508955953,-8.997296790177675,0],[117.06822342881235,-8.998192179892918,0],[117.06823044481463,-8.99849138187232,0],[117.0682221007309,-8.998606199014336,0],[117.06819685066053,-8.9989536543482,0],[117.06796367598284,-8.999316860304965,0],[117.06796365597282,-8.99931689015744,0],[117.06787965942196,-8.99944772832164,0],[117.06781203140388,-8.999492608918251,0],[117.06760959117655,-8.999626952064407,0],[117.06747681172207,-8.99967880383813,0],[117.06747674622127,-8.999678830080876,0],[117.0673855780213,-8.999714432844133,0],[117.06733376018815,-8.999723639360434,0],[117.06732456695079,-8.999725272773823,0],[117.06715509658802,-8.999755384942349,0],[117.06674920415468,-8.99966034602073,0],[117.06674914956433,-8.999660333367489,0],[117.06674852541408,-8.99966018695021,0],[117.06657831685098,-8.99959393536663,0],[117.06630181502007,-8.99956034927297,0],[117.06629576380222,-8.999559614091996,0],[117.06624513136849,-8.99955346440124,0],[117.06583031040343,-8.99961832869993,0],[117.06558006345199,-8.999735209597793,0],[117.06557037780102,-8.999745822110986,0],[117.06557033413905,-8.999745869153191,0],[117.06533985223236,-8.999998427166704,0],[117.06533358856903,-9.000005290783495,0],[117.06528502071261,-9.000071766295374,0],[117.06528500161114,-9.00007179072048,0],[117.06522558882544,-9.000153109321362,0],[117.06506411741017,-9.000663751904424,0],[117.06500530493476,-9.001055829617908,0],[117.06501767771734,-9.00119026633305,0],[117.06502364579103,-9.001255116725508,0],[117.06502386456937,-9.001257497353105,0],[117.0651670523207,-9.001475655762905,0],[117.06593069669537,-9.001873060355265,0],[117.06614594885922,-9.001994082973404,0],[117.06614743017587,-9.001994915759598,0],[117.06622446138144,-9.002038225155284,0],[117.06622491269185,-9.002038479240982,0],[117.06627054383888,-9.00208728011452,0],[117.0664585193595,-9.00228830940935,0],[117.06645962499132,-9.002289491402285,0],[117.06653896911084,-9.002442765012027,0],[117.06655374630823,-9.002746858047121,0],[117.06652664486097,-9.002851023409765,0],[117.06649581034425,-9.002969542182111,0],[117.0664956539668,-9.002970142803864,0],[117.06649485025962,-9.002973230940398,0],[117.0663973061941,-9.003104084763882,0],[117.06621020388027,-9.003184155676921,0],[117.06621016021286,-9.003184174679449,0],[117.06614756471517,-9.003210962087575,0],[117.06614686690457,-9.003211036382604,0],[117.06543211300364,-9.00328656207269,0],[117.06527521871948,-9.0033407762956,0],[117.06526044158964,-9.003345883055019,0],[117.06505495080118,-9.003538389739273,0],[117.06500002558829,-9.003686431269623,0],[117.06499483215765,-9.003700430356979,0],[117.06499478668874,-9.003700551569118,0],[117.06500264013971,-9.00389902101464,0],[117.06500702429473,-9.004009818889894,0],[117.06500359209876,-9.004022940293185,0],[117.0649178416768,-9.004350798069213,0],[117.06447344071786,-9.004847559734554,0],[117.06407608281168,-9.005383069948671,0],[117.06390080055054,-9.005714729313917,0],[117.06374876455236,-9.00620132682535,0],[117.0636873533812,-9.006433388130736,0],[117.06368729155444,-9.006433621504556,0],[117.06364879713136,-9.006579085743734,0],[117.06362529615967,-9.006655032314278,0],[117.06334531605067,-9.007559841131394,0],[117.06319408845062,-9.00794257537591,0],[117.06301830457032,-9.008326161281705,0],[117.06297822890201,-9.008395624415087,0],[117.06295819242635,-9.008430352814061,0],[117.06282235955055,-9.008667654732456,0],[117.06272423079375,-9.009059577643141,0],[117.0627634570837,-9.010025184874914,0],[117.06276355667936,-9.010027645119804,0],[117.06276356216127,-9.010027778081545,0],[117.06277389072757,-9.010282038956197,0],[117.0627724920533,-9.01039118075153,0],[117.06276895315972,-9.010667260719774,0],[117.06273877918758,-9.010907429926972,0],[117.06234580829884,-9.011617134793179,0],[117.06212008339656,-9.01202479220009,0],[117.0621200606574,-9.012024831097774,0],[117.06193490132003,-9.012359229053738,0],[117.06188835990196,-9.012429688104678,0],[117.06188773409812,-9.012430635229757,0],[117.06176197658053,-9.012621022720918,0],[117.06161457914345,-9.012804270893719,0],[117.06161455640236,-9.01280429893726,0],[117.06159202001537,-9.01283231713039,0],[117.06151967126206,-9.013070862446462,0],[117.06151250667236,-9.013094483964167,0],[117.06152549240544,-9.013189282362315,0],[117.06152550880205,-9.013189398136593,0],[117.06154000400353,-9.01329521409202,0],[117.06154718875203,-9.013347668016825,0],[117.06159139706229,-9.013473134857938,0],[117.0615921653327,-9.013475314593318,0],[117.06161189332481,-9.013491591527337,0],[117.06161547402839,-9.013494545954899,0],[117.06200042957104,-9.013812148061367,0],[117.06227785920211,-9.014022291638776,0],[117.06242994638882,-9.014137493827203,0],[117.06243314033279,-9.014139913748117,0],[117.06267714123015,-9.014408239728924,0],[117.06286739169822,-9.014806581449031,0],[117.06292215654743,-9.01492124648845,0],[117.06298666661706,-9.015056314641383,0],[117.06298731738826,-9.015057676718671,0],[117.06304077405125,-9.015283016630349,0],[117.06307285026583,-9.01541822599874,0],[117.06306856310877,-9.015449750638844,0],[117.0630684540676,-9.015450555669457,0],[117.06305180066254,-9.015573006264116,0],[117.0630460487069,-9.015615302937805,0],[117.06304583425776,-9.015616878627092,0],[117.06293386179624,-9.01585237645027,0],[117.06289773967961,-9.015928344095363,0],[117.06282848685564,-9.016048083814509,0],[117.06272748632695,-9.016222718084316,0],[117.0626594484331,-9.016429229703634,0],[117.06268133637609,-9.016787115257603,0],[117.06268145499057,-9.016789056310945,0],[117.06278071824973,-9.017101040265555,0],[117.06283829174815,-9.017234640690019,0],[117.06288578379542,-9.017344847737256,0],[117.06288591941681,-9.017345162482744,0],[117.06295883733732,-9.017514369824168,0],[117.06298320491767,-9.017735409234934,0],[117.06285398281231,-9.018122960414944,0],[117.0628226118787,-9.018257972586955,0],[117.06281178819665,-9.01830455477047,0],[117.06285846760397,-9.01853937506414,0],[117.06296626929918,-9.018934057509783,0],[117.06296630025395,-9.01893417237694,0],[117.06297095799741,-9.018951224261048,0],[117.06297180742575,-9.018954334717195,0],[117.06298381935659,-9.019033654358102,0],[117.06298383028732,-9.01903372671685,0],[117.06305321302776,-9.01949190670927,0],[117.0630890642386,-9.019745544379811,0],[117.06309330298367,-9.019775531696022,0],[117.06309374207139,-9.019778637699634,0],[117.0631156782144,-9.01982363951674,0],[117.06312711639366,-9.019847104096828,0],[117.0631274932065,-9.019847877386077,0],[117.0631734279747,-9.019942113755267,0],[117.0631761854337,-9.01994561282111,0],[117.0631807720984,-9.01995143344344,0],[117.06318087857447,-9.019951568196754,0],[117.06318387537762,-9.019955372040451,0],[117.06319375259083,-9.019965046764446,0],[117.06342997775764,-9.02019642614399,0],[117.06378996500871,-9.020261736229397,0],[117.06385177780669,-9.020272951340754,0],[117.0640243040922,-9.020304252568854,0],[117.06435318530538,-9.020373553681837,0],[117.06460275074087,-9.020435575403265,0],[117.06490571869863,-9.020520397399103,0],[117.06512914839216,-9.020590336006675,0],[117.0653157195938,-9.020698453053276,0],[117.06546587860973,-9.020827057253166,0],[117.065538513176,-9.02095831276452,0],[117.06555351513686,-9.02114140410659,0],[117.06553076613397,-9.021358792055581,0],[117.06543606756337,-9.021530886944351,0],[117.06535565637952,-9.021632222364872,0],[117.0652432820271,-9.02170384223317,0],[117.06523700928787,-9.021707841269427,0],[117.06521246236018,-9.021723484558963,0],[117.0650308307095,-9.021760135723667,0],[117.06460175434559,-9.021780542004628,0],[117.06459204262214,-9.021781004105767,0],[117.06455209044422,-9.021783929970281,0],[117.06439498396297,-9.0217954303018,0],[117.06437044181781,-9.021797227334604,0],[117.06427546496893,-9.02180417971934,0],[117.06405094328174,-9.02187078523554,0],[117.06398661308286,-9.021949929083089,0],[117.0639969101991,-9.02206506023268,0],[117.06403826929859,-9.0222183543746,0],[117.06412051067689,-9.02235395283296,0],[117.06427761104464,-9.022563552218447,0],[117.0644612766798,-9.022660031893501,0],[117.06474436894175,-9.022781477371307,0],[117.06480192585848,-9.022797682330694,0],[117.06481460446795,-9.022801251994508,0],[117.06499661997367,-9.022852496371643,0],[117.06514329836364,-9.02288818487438,0],[117.06516039172135,-9.022892344386937,0],[117.06538225039141,-9.022940416634233,0],[117.0653936495515,-9.022942886624639,0],[117.06539833173522,-9.022943156239151,0],[117.06571090618044,-9.022961139976683,0],[117.06597320117963,-9.022975522588903,0],[117.06625716816342,-9.02299005668235,0],[117.06634381381961,-9.022993722395407,0],[117.06668814363108,-9.023008287765233,0],[117.06693927326934,-9.023044396170492,0],[117.06708718062167,-9.02307726522643,0],[117.06713294075213,-9.023114798446533,0],[117.06713893217582,-9.023119712444792,0],[117.06714505463934,-9.023124734055372,0],[117.0672029287009,-9.023172358450223,0],[117.06720988543141,-9.023181885258117,0],[117.06723578023554,-9.02321734987138,0],[117.06724527832965,-9.023232457023747,0],[117.06724733521878,-9.023235729154841,0],[117.06727109137952,-9.02327351421808,0],[117.06728007739385,-9.02332390991159,0],[117.0672808561332,-9.02332827673032,0],[117.06728987676098,-9.023378866886148,0],[117.06729161139718,-9.023405808223245,0],[117.06729199555399,-9.023411775187625,0],[117.06729289343954,-9.023425715289859,0],[117.06729503139702,-9.023458930215698,0],[117.06727853179349,-9.023644509191088,0],[117.06723685079625,-9.023736419283756,0],[117.06722664632008,-9.023758920769708,0],[117.06716396516165,-9.023897138232199,0],[117.06705980998356,-9.02415501690457,0],[117.06704391740713,-9.024194365871132,0],[117.0669748158084,-9.024365456073692,0],[117.06671237792693,-9.024792360691457,0],[117.0665352611782,-9.02509061789186,0],[117.06651157700365,-9.025128163753058,0],[117.0664452088961,-9.025233376284737,0],[117.06627125576175,-9.025509144018528,0],[117.06606511016041,-9.025893678118718,0],[117.0660437690122,-9.025932435567134,0],[117.06595887916873,-9.026086607789885,0],[117.0659112251284,-9.026173155973504,0],[117.06572294162163,-9.026504154314729,0],[117.06556056482343,-9.02677664983629,0],[117.06547434835561,-9.026907625188723,0],[117.06535127779294,-9.02710051607159,0],[117.06524965205301,-9.027269353162692,0],[117.0651604642104,-9.02742840306025,0],[117.06510737933378,-9.02752307005084,0],[117.06509008615298,-9.027552513918717,0],[117.06499883028651,-9.027707890034016,0],[117.06498257176088,-9.027753414945948,0],[117.06497462801703,-9.027775656372679,0],[117.064953274938,-9.027835443548323,0],[117.06492223801574,-9.027950780026163,0],[117.06491531758061,-9.027976492768902,0],[117.0649150939637,-9.027992938556986,0],[117.06491333373015,-9.028122192935882,0],[117.06491945486289,-9.0281856041345,0],[117.0649240245205,-9.02823294522918,0],[117.06492542103219,-9.028247408955563,0],[117.06495537064309,-9.0283148988853,0],[117.06502531713421,-9.028396348227435,0],[117.06507037929623,-9.028415537505454,0],[117.06515133596352,-9.028450012009412,0],[117.06526751862934,-9.028475749030235,0],[117.0653408424548,-9.028480185263318,0],[117.06535886268641,-9.02848127560607,0],[117.06548491059205,-9.028488898952224,0],[117.0654924370213,-9.028488674196966,0],[117.0656202962416,-9.028484862395,0],[117.06571525735784,-9.028482032399411,0],[117.06595319755445,-9.028468179735004,0],[117.06623850398086,-9.02845478329384,0],[117.06656938907368,-9.02844370657416,0],[117.06681631024911,-9.028462743218165,0],[117.06687458662,-9.028467236152519,0],[117.06712661533861,-9.028517929404812,0],[117.06730223973791,-9.028605099885198,0],[117.06748636339825,-9.028731678995408,0],[117.06762514082801,-9.028911644037603,0],[117.06766143759654,-9.029019405746967,0],[117.06768795691976,-9.029098139101276,0],[117.06768641826045,-9.029268564788296,0],[117.06768641826837,-9.029268607300121,0],[117.06768511228239,-9.029413278010177,0],[117.0676572598151,-9.029690005300873,0],[117.0676324815477,-9.02993619134118,0],[117.06752733321203,-9.030384635400276,0],[117.06736184535293,-9.030751162064524,0],[117.06714851489879,-9.030960981625343,0],[117.06679243115082,-9.031238947283732,0],[117.06666218172307,-9.031307643834303,0],[117.0666138899642,-9.03133311627801,0],[117.06641309515814,-9.031439021570948,0],[117.06598832736448,-9.031498376828795,0],[117.06589163862812,-9.031511886723461,0],[117.06561931233915,-9.031522340038094,0],[117.06558268352795,-9.031523745854836,0],[117.06538804684436,-9.031531217425545,0],[117.0650562649094,-9.03153453530157,0],[117.06482070921105,-9.031553084080294,0],[117.06476201999855,-9.03155770561341,0],[117.06449203245185,-9.031596125034934,0],[117.06443449031107,-9.03160431278521,0],[117.06427654765373,-9.031701472757975,0],[117.0642039451953,-9.031756258784206,0],[117.06418140080484,-9.031878222824982,0],[117.06419907712635,-9.032027641568028,0],[117.06428177572997,-9.032209324450685,0],[117.0644473516767,-9.032317443697387,0],[117.06462543623097,-9.032401979266668,0],[117.06472790067829,-9.032426400087749,0],[117.06487590399365,-9.032461672345516,0],[117.06517664515634,-9.032528958711413,0],[117.0653654480932,-9.03258649338961,0],[117.06561774982457,-9.032708254704835,0],[117.06561838588863,-9.03270856121898,0],[117.06568407656573,-9.03274771100134,0],[117.06582842703047,-9.032833740834187,0],[117.06608450217598,-9.033009340109887,0],[117.06639689668833,-9.033269340313415,0],[117.06660806727086,-9.033457205211588,0],[117.06682237629208,-9.033699530673257,0],[117.06702931503273,-9.033958927202796,0],[117.0672194878181,-9.034170536160401,0],[117.06738723440537,-9.034379906861158,0],[117.06738730630313,-9.034379996394133,0],[117.06740687615999,-9.034404425337549,0],[117.06741301932759,-9.034412090808683,0],[117.06752789824432,-9.034617973419412,0],[117.06752791515335,-9.034708795843795,0],[117.06752792615,-9.034767861036942,0],[117.0675248356651,-9.034975316558336,0],[117.06748599292506,-9.03514879633536,0],[117.06735196408665,-9.035294366037673,0],[117.06726889843347,-9.035368123896149,0],[117.06719291234894,-9.035435593213485,0],[117.06699520536144,-9.03557062155803,0],[117.06680597092654,-9.035699592581464,0],[117.06666614000186,-9.03579489422355,0],[117.06640256676091,-9.035916593638689,0],[117.06634979568288,-9.035940959739934,0],[117.06630761434708,-9.03596767111533,0],[117.06616647095221,-9.036057050094493,0],[117.06611008781321,-9.036092753899656,0],[117.06597561725005,-9.0362659413854,0],[117.06593342465656,-9.036461300706751,0],[117.06597077805561,-9.036683953690789,0],[117.06604183988891,-9.036809150863236,0],[117.06616522112938,-9.037026521387123,0],[117.06643651731332,-9.037330748404669,0],[117.06663607383764,-9.037534442388122,0],[117.06664804505546,-9.037552719388277,0],[117.06668772765363,-9.037613305981406,0],[117.06677061517817,-9.037739854900243,0],[117.06686270599047,-9.037953190435251,0],[117.0668826419652,-9.038230153052636,0],[117.06686526917962,-9.038520623131106,0],[117.06683349726568,-9.038599113860014,0],[117.06670603658323,-9.038913992174175,0],[117.06663045432487,-9.039074244672337,0],[117.06655438903121,-9.039235521143034,0],[117.06646118006178,-9.039351173775405,0],[117.06646114731281,-9.03935121448413,0],[117.06634664780601,-9.0394932843435,0],[117.0659680139744,-9.039910434155614,0],[117.06587151832352,-9.040047461620993,0],[117.06585532417147,-9.040084085283942,0],[117.06583223396962,-9.040136302971584,0],[117.06581456728249,-9.040176257289854,0],[117.06579314377504,-9.040322425766645,0],[117.06587361525963,-9.040525985888165,0],[117.06598156210445,-9.040693544403336,0],[117.06609531006721,-9.040818275266695,0],[117.06614373778906,-9.040862619916393,0],[117.06614378966235,-9.04086266784589,0],[117.06628793805785,-9.040994660873608,0],[117.06639719158778,-9.041116043064756,0],[117.06640369782072,-9.041123270702494,0],[117.06647152972613,-9.041214363923483,0],[117.06648214001184,-9.041228613404025,0],[117.0664865933542,-9.041239991287892,0],[117.06650391423781,-9.041284249266122,0],[117.06654316503085,-9.041384541961872,0],[117.06660421282929,-9.041664136431457,0],[117.06664334903763,-9.041863360428493,0],[117.06664337719629,-9.042011541185984,0],[117.06661833290161,-9.042219351559263,0],[117.06661794496257,-9.042222568958971,0],[117.06661372400407,-9.042237976183136,0],[117.06659494700892,-9.042306516756259,0],[117.06654960622842,-9.042390313031822,0],[117.0665340204224,-9.042415128279037,0],[117.06649443461069,-9.042478146991677,0],[117.06648030891986,-9.042491516347981,0],[117.06648024705673,-9.042491574247604,0],[117.06644653989879,-9.04252347506059,0],[117.06644647894555,-9.042523532960043,0],[117.0664019512086,-9.042565674741564,0],[117.06630141704372,-9.042619225236928,0],[117.0662664676332,-9.042625154261659,0],[117.06620798143763,-9.042635076406263,0],[117.0661155294033,-9.042650757327335,0],[117.06604284911677,-9.042648397903179,0],[117.0660299547262,-9.042647978725094,0],[117.06598249036368,-9.042633577576888,0],[117.06584053680876,-9.042590508787725,0],[117.06576674008242,-9.042568118310577,0],[117.06561085047603,-9.042525340468469,0],[117.06538644415922,-9.04246376014461,0],[117.0651545129829,-9.042402201823307,0],[117.06513712718949,-9.042391064106187,0],[117.06506206025051,-9.042342973971182,0],[117.06481865931933,-9.042187049410769,0],[117.06453219416373,-9.042029142351899,0],[117.0642544513829,-9.041916077159108,0],[117.0640736834289,-9.04183650859849,0],[117.0638958233602,-9.041781302322939,0],[117.06375372239593,-9.041781480818019,0],[117.06361497986161,-9.041822934923704,0],[117.06360410162823,-9.041836774854843,0],[117.06349569495825,-9.041974704644378,0],[117.06343182057866,-9.042126468364133,0],[117.0633757803963,-9.0423559649067,0],[117.06337293602398,-9.042423605294609,0],[117.0633675472139,-9.042551782024223,0],[117.06337876073694,-9.04279523161002,0],[117.06341211281875,-9.043140001981477,0],[117.06342063982802,-9.043182988078266,0],[117.0634764365522,-9.04346425458707,0],[117.06348456832582,-9.043505243599819,0],[117.0634819348811,-9.043779573604828,0],[117.06347883926664,-9.043960807368393,0],[117.06344825481544,-9.044108683170931,0],[117.06343515435725,-9.044142485935668,0],[117.06341006484374,-9.044207217654712,0],[117.06333008996792,-9.044280471165123,0],[117.06321972227573,-9.04432316029852,0],[117.06316924676507,-9.044323635723362,0],[117.06310403433079,-9.044324252067332,0],[117.06305237320537,-9.044324739438718,0],[117.06289104760155,-9.044283492711438,0],[117.06261238311444,-9.044172477875522,0],[117.06257375467338,-9.044157088866825,0],[117.06221288384953,-9.043984764021138,0],[117.06200872972863,-9.043894967550788,0],[117.06200870515912,-9.043894956700866,0],[117.0616962735658,-9.043757536188899,0],[117.06122971405532,-9.043549317419792,0],[117.06121943674647,-9.043544729670165,0],[117.06056592327509,-9.043267117631311,0],[117.06056589415584,-9.043267104973014,0],[117.06036542493054,-9.043181944374972,0],[117.06025416908882,-9.043131272321775,0],[117.0600476831261,-9.043037227569984,0],[117.05975058700744,-9.042972811017554,0],[117.05964437676269,-9.042949782387144,0],[117.05961650604345,-9.042948605633688,0],[117.05952895759124,-9.042944908665914,0],[117.05952860272406,-9.042944893346903,0],[117.05938810081938,-9.042938960857033,0],[117.05934500987206,-9.042953382952739,0],[117.05934493253405,-9.042953409195949,0],[117.05918076927713,-9.043008353741248,0],[117.05903708986177,-9.043141513018291,0],[117.05903705710986,-9.043141542872277,0],[117.05898753090595,-9.043187443691908,0],[117.05888546108011,-9.043418499088983,0],[117.05882852166394,-9.043637444921528,0],[117.05874388144406,-9.043877030591965,0],[117.05857277893405,-9.044164267702856,0],[117.05841284332405,-9.044416435238213,0],[117.0583141208797,-9.04462809369635,0],[117.05824577619849,-9.044785596311938,0],[117.05822882071996,-9.044943243617356,0],[117.05824828611516,-9.045110508179658,0],[117.05835600840008,-9.045281172308961,0],[117.05845836002325,-9.045409632088937,0],[117.05861948009566,-9.045569580072032,0],[117.05863948607451,-9.04558431489929,0],[117.05863953430593,-9.045584351071817,0],[117.05882461516981,-9.045720676658986,0],[117.05907600793667,-9.045916918634038,0],[117.05930908278731,-9.046131472413997,0],[117.0594135383063,-9.0462352267963,0],[117.05941358744987,-9.046235275631677,0],[117.05949842654778,-9.046319549197158,0],[117.05952383560245,-9.046344787129874,0],[117.05962931704728,-9.046472625571493,0],[117.05968452702317,-9.04660931643255,0],[117.05968723322644,-9.046759047963517,0],[117.05965723321656,-9.04689728040224,0],[117.0596570931952,-9.046897925338005,0],[117.05953109901469,-9.047034024269218,0],[117.05925093440433,-9.047154321963868,0],[117.0591492711903,-9.04719532518061,0],[117.05898730058365,-9.04726065120798,0],[117.05871049035309,-9.047396929671784,0],[117.05838400564006,-9.047534024471297,0],[117.05838359256397,-9.04753419820229,0],[117.05836486219867,-9.04754206405831,0],[117.05801230733513,-9.047680836014283,0],[117.05776118614736,-9.047788058763095,0],[117.05773929128414,-9.047797406667154,0],[117.05756011357623,-9.047903102889878,0],[117.05736999033348,-9.048014693596798,0],[117.0572598478203,-9.048083295008047,0],[117.0571930540923,-9.048158403878325,0],[117.05715844160852,-9.04829138436052,0],[117.057151992374,-9.048397063353912,0],[117.05714752164808,-9.048470291067634,0],[117.05717570176941,-9.048641897736614,0],[117.05718631620203,-9.048677559856792,0],[117.05721370580095,-9.048769590899822,0],[117.0572729476167,-9.048972845902675,0],[117.0573190020118,-9.049141967796423,0],[117.05731965069114,-9.049170096028988,0],[117.0573237268935,-9.049346628771328,0],[117.05730668267454,-9.049528063620869,0],[117.05729718266994,-9.049629187089005,0],[117.0572460540185,-9.04986581932319,0],[117.05720652679985,-9.050015580964603,0],[117.057206474965,-9.050015777250518,0],[117.05720643949896,-9.050015911122978,0],[117.05718184432449,-9.050109099900423,0],[117.05717794670734,-9.050123866571704,0],[117.05712523822307,-9.050262125845395,0],[117.05707163341023,-9.050383007878162,0],[117.05698898944647,-9.05055230358896,0],[117.05695574086693,-9.050617266771749,0],[117.05691393793191,-9.050698945649108,0],[117.05682280203062,-9.050860330924243,0],[117.05674641317167,-9.05102683158773,0],[117.0566617625676,-9.051231351713025,0],[117.05662826925334,-9.051367125972117,0],[117.05658807735215,-9.051534243302882,0],[117.05657334818902,-9.051649997936467,0],[117.05656131003997,-9.051826266324143,0],[117.05655596459808,-9.05193953573276,0],[117.0565569077636,-9.052251260037847,0],[117.0565716908967,-9.052486487219298,0],[117.05657196485635,-9.052492755403945,0],[117.05657196668328,-9.052492800628954,0],[117.05658043661575,-9.05268664582124,0],[117.05658015510699,-9.052696118756511,0],[117.05658015420386,-9.052696162172953,0],[117.05657627915583,-9.052826547317169,0],[117.05657599130929,-9.052836224671722,0],[117.05654807342184,-9.052910708722823,0],[117.05648373473414,-9.052981007812733,0],[117.05648043277817,-9.052982270107764,0],[117.05647922263707,-9.05298273159243,0],[117.05638297092482,-9.053019502831475,0],[117.05637002722428,-9.053020283603196,0],[117.05628868527697,-9.053025184061866,0],[117.05624354838434,-9.053027903608442,0],[117.05618638832756,-9.05300005811687,0],[117.0560907060178,-9.052953448207512,0],[117.05608488811586,-9.052948995310565,0],[117.05594053903168,-9.052838493979936,0],[117.05579684321862,-9.052667992082563,0],[117.05564218340844,-9.052394616889549,0],[117.05551713135984,-9.052098438159783,0],[117.0554821454054,-9.05201557622978,0],[117.05537664637635,-9.05176795017974,0],[117.05536412170376,-9.051753608414781,0],[117.0553154136405,-9.051697824930743,0],[117.05527419867262,-9.051670502403457,0],[117.05521619833009,-9.051632050644809,0],[117.05513520926642,-9.05161597800945,0],[117.05511744778173,-9.051612454917088,0],[117.05509822126344,-9.051608638984202,0],[117.05497667683011,-9.051642172812624,0],[117.0548591570853,-9.051688274110711,0],[117.0546632234269,-9.051815226408818,0],[117.05466255290033,-9.051815843382029,0],[117.0545914443147,-9.051881239827205,0],[117.05455219074156,-9.051917341799685,0],[117.05453239187422,-9.051955865853511,0],[117.05445366029353,-9.052109065623034,0],[117.05441303095101,-9.052188121875119,0],[117.05419032824014,-9.05260539178705,0],[117.0539868146697,-9.052858184250372,0],[117.05379043929979,-9.053019427778178,0],[117.05375896011488,-9.053056253936768,0],[117.05365394272047,-9.053179111206816,0],[117.05360565417776,-9.05325215894993,0],[117.05360561596892,-9.053252215939407,0],[117.05356213079114,-9.053317996171995,0],[117.05353754493633,-9.053426659887505,0],[117.05352652917355,-9.05347534563105,0],[117.0535118905897,-9.053540042564949,0],[117.05350143115146,-9.053825080176583,0],[117.05350085895361,-9.053943067644726,0],[117.05350085896056,-9.053943114679043,0],[117.05350027088417,-9.05406448771476,0],[117.05350012960801,-9.054093669813135,0],[117.05350170867705,-9.054194370046364,0],[117.05350261241306,-9.054257056703591,0],[117.05351138566651,-9.054279184161489,0],[117.05352026997416,-9.054301586572748,0],[117.05357212336916,-9.054403830682535,0],[117.05360676518109,-9.054468373875723,0],[117.05365056622006,-9.054519106630755,0],[117.05368632001873,-9.054540824007692,0],[117.05374776807088,-9.054558504419198,0],[117.0538313356211,-9.054574784108205,0],[117.053917849409,-9.054571725006312,0],[117.05392383768412,-9.054571513374807,0],[117.05404177434887,-9.054549941614397,0],[117.0540427042809,-9.054549772334568,0],[117.05425183155992,-9.05449326225455,0],[117.0544099636004,-9.054440099070552,0],[117.05451502795381,-9.054404777865454,0],[117.05473400613685,-9.05433671550277,0],[117.05478023609737,-9.054322346845266,0],[117.05484449577354,-9.054309344904704,0],[117.05508566469275,-9.054260545890713,0],[117.05531356384986,-9.054217220079115,0],[117.05553436328458,-9.054165792637825,0],[117.05567685987657,-9.054132600961315,0],[117.0560207136202,-9.054033708639926,0],[117.05618113540947,-9.053991635394787,0],[117.05633239390978,-9.053936684228171,0],[117.05656252274888,-9.053868686897108,0],[117.05658231344636,-9.053865935046748,0],[117.05664519326733,-9.053857192322653,0],[117.0566604875691,-9.053857720902114,0],[117.05676031637378,-9.053861164276952,0],[117.05677054229999,-9.053861518163036,0],[117.05686059031041,-9.053883072140582,0],[117.05695220412441,-9.053914865764613,0],[117.05700156365612,-9.053955297644233,0],[117.05705946315308,-9.0540027281585,0],[117.05706147892427,-9.054004378567885,0],[117.05712003376706,-9.05409327785536,0],[117.05715579988046,-9.054197696584962,0],[117.05716240038394,-9.054219571031574,0],[117.05721057134086,-9.054379231424322,0],[117.05726444904803,-9.054570694250318,0],[117.05735409964146,-9.05490242043594,0],[117.05740224339179,-9.055078750844745,0],[117.05740887433754,-9.055103039407177,0],[117.05743941081634,-9.055170587643135,0],[117.05746631809993,-9.05523010986031,0],[117.05749067093464,-9.05526511765278,0],[117.0575420806701,-9.055339022183103,0],[117.05757015359171,-9.05536406625301,0],[117.05757021456651,-9.05536412141829,0],[117.05764398301936,-9.055429933422065,0],[117.05776666067105,-9.055494770782262,0],[117.05789447190523,-9.0555233013277,0],[117.05792952798534,-9.055527057624102,0],[117.05809671615091,-9.055544971109418,0],[117.05809690997171,-9.055544991882305,0],[117.05812610571392,-9.055546748322499,0],[117.05826158542632,-9.05555489629129,0],[117.05853908655345,-9.055504424027218,0],[117.05882731511943,-9.055460931711014,0],[117.05906191777511,-9.055421171671274,0],[117.05909272285743,-9.055420850124912,0],[117.05918257389526,-9.05541991211536,0],[117.05928871061948,-9.055444101334126,0],[117.05935463610291,-9.055506774720794,0],[117.05940201687802,-9.055585280860747,0],[117.05941499567368,-9.055703513951677,0],[117.0594150062119,-9.055762152159756,0],[117.05941500622127,-9.055762209143623,0],[117.0594150159975,-9.055821748239467,0],[117.0593920177515,-9.05592477970823,0],[117.05935316412409,-9.056068934389545,0],[117.05931877614813,-9.056200054413438,0],[117.05928840290565,-9.056292847158053,0],[117.05923546485597,-9.056391073299055,0],[117.059208646174,-9.056436011676478,0],[117.05919480972949,-9.056459198206591,0],[117.05910074112008,-9.056584369870846,0],[117.05909696476458,-9.056589395010123,0],[117.05909484327955,-9.05659247881282,0],[117.0590100684533,-9.05671571240638,0],[117.05898773961742,-9.056739758672943,0],[117.05898766228574,-9.05673984189993,0],[117.0589487799179,-9.056781716830836,0],[117.05891020868768,-9.056823257944865,0],[117.05878912190295,-9.056932201612495,0],[117.05868612202266,-9.056962630333558,0],[117.0586569773077,-9.056962028080106,0],[117.05853273668829,-9.056959454743346,0],[117.0585299376891,-9.056959396397888,0],[117.05852568342715,-9.05695772283766,0],[117.05839586612288,-9.056906663407434,0],[117.05822514275945,-9.056807539571613,0],[117.05804636298839,-9.056629904922094,0],[117.05782936898616,-9.056409761731413,0],[117.05769171110312,-9.05628518686001,0],[117.05764091983497,-9.056239040638317,0],[117.05755852261115,-9.056164182222105,0],[117.05743085129208,-9.056083959934146,0],[117.05741014530719,-9.056070950959503,0],[117.05733101814458,-9.056034039617442,0],[117.05729996224838,-9.0560195533896,0],[117.05725685509957,-9.055999444826043,0],[117.0572139381616,-9.055996778718868,0],[117.05713924845982,-9.05599214212478,0],[117.05695521084382,-9.055980716131849,0],[117.05692704975228,-9.055985228567932,0],[117.0568001478527,-9.05600556618867,0],[117.05672485989997,-9.056073695291621,0],[117.05665873212754,-9.056134840176504,0],[117.05664178801662,-9.056163458650026,0],[117.05659037800709,-9.05625029283036,0],[117.05657556182716,-9.056305356009865,0],[117.05655643501741,-9.05637644679382,0],[117.05654998726317,-9.056575057376865,0],[117.05656544038987,-9.056805008416092,0],[117.05658602790149,-9.056921511014185,0],[117.05662693975837,-9.057153030142077,0],[117.0566964966762,-9.057581426797517,0],[117.05670864523013,-9.057702449600898,0],[117.05672200865013,-9.057835580833832,0],[117.05676718313205,-9.058086007966214,0],[117.0567887580086,-9.058248443907285,0],[117.05679335595082,-9.05828306315224,0],[117.0568011973705,-9.058413088257055,0],[117.05680122913336,-9.058621164373681,0],[117.05680013956804,-9.05863627883378,0],[117.05680013412085,-9.058636358431132,0],[117.05679342603715,-9.058729468388757,0],[117.05675435269914,-9.058914274015795,0],[117.05674914108351,-9.05892374318973,0],[117.05669046695083,-9.05903034737647,0],[117.05656089569317,-9.059182583069447,0],[117.05637412215451,-9.0593235013088,0],[117.05623493978436,-9.059458360097052,0],[117.05616005407414,-9.059532065291883,0],[117.05608704527697,-9.059603925896571,0],[117.0559456997738,-9.059721375884171,0],[117.05594473080014,-9.059722182851345,0],[117.05589870868879,-9.059760825843306,0],[117.05588507523626,-9.059769008274563,0],[117.05588504794024,-9.059769024559822,0],[117.0558133622095,-9.059812042029735,0],[117.05568534070044,-9.059880489192766,0],[117.05550846967405,-9.059975297400106,0],[117.05544761979594,-9.06000791495753,0],[117.05537319080406,-9.060041300675596,0],[117.05523447168694,-9.060103528108987,0],[117.05493128715129,-9.060258271342638,0],[117.05460419171763,-9.06040836421137,0],[117.05439283402964,-9.060522749621803,0],[117.05434400794228,-9.06054834895828,0],[117.05409590394306,-9.060678424684427,0],[117.05385639090834,-9.060785832970549,0],[117.0535607948206,-9.060895421029556,0],[117.05325424017339,-9.06093844787156,0],[117.05314504359829,-9.060949560219106,0],[117.05309850374718,-9.060954295729537,0],[117.05258169821144,-9.061051968313075,0],[117.05234734098165,-9.061126496995424,0],[117.05228051330273,-9.061147748863453,0],[117.05212086087914,-9.06123710694713,0],[117.05212061248136,-9.061237246276377,0],[117.05207809186822,-9.061261046255732,0],[117.05206691450303,-9.06127103992032,0],[117.0520668307978,-9.061271114101684,0],[117.05202705265637,-9.06130668039941,0],[117.05202693255758,-9.061306787148139,0],[117.05192483043952,-9.061398078029981,0],[117.05189410618735,-9.061457997748445,0],[117.05182274644835,-9.061597167866998,0],[117.05181295965949,-9.061640173974832,0],[117.05178143494568,-9.061778716142639,0],[117.05174592963785,-9.061933418767742,0],[117.05168875960173,-9.062148794165228,0],[117.05165548816723,-9.06229713507516,0],[117.05163785434902,-9.062420028222263,0],[117.05163009729362,-9.062530748946688,0],[117.05163009456935,-9.062530787840814,0],[117.05162810944479,-9.062559119046199,0],[117.05162001456611,-9.062674653596178,0],[117.05162810925314,-9.062774450177312,0],[117.05162811381017,-9.062774500828983,0],[117.05162976829972,-9.062794902624251,0],[117.0516282631907,-9.062794649575034,0],[117.05162501728746,-9.062794103711584,0],[117.05162499998339,-9.062793999695868,0],[117.04433899989665,-9.061568999723105,0],[117.03698961813235,-9.060608445960932,0],[117.03429325690229,-9.06025587161027,0],[117.03002364128271,-9.058761559583214,0],[117.02959817927271,-9.058332187211597,0],[117.02959799999756,-9.058331999993333,0],[117.02935799986017,-9.058171000954275,0],[117.02935753667143,-9.058170690745813,0],[117.02878938954719,-9.058008866357028,0],[117.02845432384707,-9.05794805818423,0],[117.02821536600929,-9.05787588533176,0],[117.0280414353725,-9.057856667085371,0],[117.027819999631,-9.05783200000618,0],[117.02771748155611,-9.057811063038008,0],[117.02753595516705,-9.057773573198178,0],[117.02710048290432,-9.05766674824134,0],[117.0263669009525,-9.057552432430855,0],[117.026056998804,-9.057504001127342,0],[117.02565403473811,-9.057391753235216,0],[117.0251985387198,-9.057264730695685,0],[117.02456617567334,-9.056931745351253,0],[117.02441270889642,-9.056810211692596,0],[117.02409400121029,-9.056557000012491,0],[117.0236330000322,-9.056112999814939,0],[117.02363249489106,-9.056111119379093,0],[117.0236308732707,-9.056109555592476,0],[117.02351900232259,-9.055692039098428,0],[117.02341694073402,-9.055540738928883,0],[117.02340738906722,-9.055526497184044,0],[117.02340656183311,-9.055524992138505,0],[117.02340526231126,-9.055523052055653,0],[117.0232931944308,-9.055318847917977,0],[117.02312407942159,-9.055094731026124,0],[117.02293520282755,-9.054831922320888,0],[117.0227274435566,-9.05451279831437,0],[117.0225331350129,-9.05431967741852,0],[117.02236900021768,-9.05415599987455,0],[117.02201000000478,-9.053667999749132,0],[117.02200815264688,-9.053664936297109,0],[117.02200787327321,-9.053664556421227,0],[117.02183976292002,-9.05338569179515,0],[117.02153800014862,-9.052991999743348,0],[117.02153645127915,-9.052989310736917,0],[117.02153587342549,-9.052988556412563,0],[117.02105087180928,-9.0521460160767,0],[117.02093161219321,-9.051938581594026,0],[117.02047985513398,-9.051227663235432,0],[117.02008322465075,-9.050720807890443,0],[117.02008130725325,-9.050717628655145,0],[117.02008109795479,-9.050717363646221,0],[117.0200023536514,-9.05058692273747,0],[117.01996787327676,-9.050529556292187,0],[117.01985487264393,-9.050210555643291,0],[117.019778163807,-9.049992541152866,0],[117.0197036291519,-9.049779554678679,0],[117.01917282313596,-9.049021514966613,0],[117.01849128114846,-9.048702742162382,0],[117.01824199968578,-9.048586000036003,0],[117.01785800000951,-9.048476999668802,0],[117.01766343008009,-9.048457791949886,0],[117.01731066918886,-9.048422743772768,0],[117.01679794508112,-9.04821890178342,0],[117.01676299975128,-9.04820500111618,0],[117.01671633675704,-9.048158641854537,0],[117.01599619485485,-9.047442841984312,0],[117.01544848636301,-9.04678956832162,0],[117.01468169828519,-9.045918522750616,0],[117.01434463861436,-9.045622150930914,0],[117.01325800035019,-9.044665999695606,0],[117.01150499973174,-9.043032999754638,0],[117.00992793865768,-9.042156366952279,0],[117.00827376243917,-9.041236697144658,0],[117.00575446175495,-9.0407467657196,0],[117.00411145654999,-9.040746786911319,0],[117.0027361208396,-9.040652992417785,0],[117.00071799961509,-9.040515000372986,0],[117.00071577126035,-9.040514802290295,0],[117,-9.04035883973919,0],[116.99139644238791,-9.038471940628783,0],[116.99138800039435,-9.038470000262869,0],[116.98114500009984,-9.033804000291992,0],[116.97883621800176,-9.032518584844789,0],[116.97407945001811,-9.029869529282518,0],[116.97393937166571,-9.029769012303811,0],[116.97350009866628,-9.02968153127344,0],[116.9733583258234,-9.029650265758773,0],[116.97325000045373,-9.029625999897341,0],[116.97296875623971,-9.029437507073698,0],[116.97296773087734,-9.02943659706366,0],[116.97292278658118,-9.029388708220287,0],[116.97268900005427,-9.029138999798606,0],[116.97266261205743,-9.029100077780901,0],[116.97264915471253,-9.029079817619316,0],[116.97252464916315,-9.02888849774658,0],[116.97239900019882,-9.028694999689936,0],[116.97219101792972,-9.028428831749421,0],[116.97206300409321,-9.028264812201009,0],[116.97196812032878,-9.02817565670589,0],[116.97189220602972,-9.02810487590043,0],[116.97175699974268,-9.027978000200912,0],[116.97167219220773,-9.02791015379263,0],[116.97163200024062,-9.027877641783736,0],[116.97117914468902,-9.027573799617109,0],[116.9709763492696,-9.027467438882352,0],[116.97084999900731,-9.02740100093471,0],[116.97070399983615,-9.0273269996934,0],[116.97064961376937,-9.02729784216735,0],[116.970206034149,-9.02705952930467,0],[116.96993311359739,-9.02693400482717,0],[116.96976200009313,-9.026855001036214,0],[116.9697306771895,-9.026840967734373,0],[116.96953694159883,-9.026752283742187,0],[116.96951482335344,-9.026744265256296,0],[116.96951200013585,-9.026742999615825,0],[116.96930525972277,-9.0266886377725,0],[116.96926058433579,-9.026676833830422,0],[116.96901088520362,-9.02661472925704,0],[116.96891712799281,-9.026590922835902,0],[116.96870299876191,-9.026536001042782,0],[116.96858400003352,-9.026490999771685,0],[116.96840099977005,-9.026430999844033,0],[116.96834618880084,-9.026415879898371,0],[116.96825646890534,-9.026390535089048,0],[116.96824486928756,-9.026387194644405,0],[116.96798433274128,-9.026298115114574,0],[116.96798398973846,-9.026297917902015,0],[116.96783378001894,-9.026221671972968,0],[116.96779920933027,-9.026204107024206,0],[116.96762611509965,-9.026051950009167,0],[116.967055575229,-9.025533399325967,0],[116.9670370363748,-9.025517025169979,0],[116.96702599879055,-9.025507001330134,0],[116.96695699992324,-9.025428000858897,0],[116.96673245430252,-9.025277305899419,0],[116.96673206855034,-9.025276970292138,0],[116.96665369068549,-9.025239934451882,0],[116.96628199974315,-9.025064000017577,0],[116.96578734844377,-9.024895799077187,0],[116.96578468900485,-9.024894792112505,0],[116.96556892660426,-9.024768727907023,0],[116.96544762865207,-9.024686088838866,0],[116.96532599869785,-9.024603000158837,0],[116.96529836730095,-9.024590818354238,0],[116.96523340673669,-9.02456164726745,0],[116.96516980466087,-9.02451296516254,0],[116.96499199970077,-9.024375000892046,0],[116.9649363577581,-9.024339092058005,0],[116.96482031204593,-9.024263534673848,0],[116.96460503781928,-9.024139763778935,0],[116.96455699978655,-9.02411199980702,0],[116.964458628976,-9.024057435827572,0],[116.96430055358634,-9.023969521349393,0],[116.96427258604724,-9.023953030360165,0],[116.96422899984881,-9.023926999814869,0],[116.96416299955587,-9.02387900020479,0],[116.96394400038551,-9.023732000800212,0],[116.96374722980656,-9.023598162236615,0],[116.963721547998,-9.023580614965775,0],[116.96366045732488,-9.02353381874496,0],[116.96031700822935,-9.019245924133632,0],[116.95986100131144,-9.018661000819009,0],[116.95925999867318,-9.01803800100405,0],[116.95878748512015,-9.01754748975999,0],[116.95855140534839,-9.017302089206119,0],[116.95842446903002,-9.017168220358087,0],[116.95816699966514,-9.016896000282618,0],[116.95816537228927,-9.01689308396371,0],[116.95816487284564,-9.016892554769717,0],[116.95800476065492,-9.0166056690939,0],[116.95784905883194,-9.016325704241405,0],[116.9574181190621,-9.015680726802815,0],[116.95741769700034,-9.015679834004509,0],[116.95741599225671,-9.01567728218993,0],[116.957275131988,-9.015379320900882,0],[116.95712231333705,-9.015055490133873,0],[116.95699158511971,-9.014860842822793,0],[116.95671746921491,-9.014451980248381,0],[116.95647349778574,-9.01414153603693,0],[116.95627700030319,-9.01389100016558,0],[116.95580499959567,-9.01341300076184,0],[116.95529099978869,-9.012909999561362,0],[116.9546820001624,-9.012458999688926,0],[116.95468186733578,-9.012458927311899,0],[116.9541380262735,-9.012127885908175,0],[116.95364124683867,-9.011814262319252,0],[116.95354900008923,-9.011756001261846,0],[116.95333996170116,-9.011678547101779,0],[116.95307394705213,-9.01157995624953,0],[116.95239634226678,-9.011294838775745,0],[116.95187333180255,-9.011116112281114,0],[116.95187300155,-9.011115993747346,0],[116.95185708123907,-9.011109945027394,0],[116.95143400003931,-9.010949000033458,0],[116.95075199981294,-9.01086399958613,0],[116.95042500006636,-9.010823001354469,0],[116.94958337903773,-9.01079054360212,0],[116.94855757165985,-9.010750558945638,0],[116.94589536693005,-9.008004822875877,0],[116.94518914644094,-9.00754200361508,0],[116.94499400014064,-9.007414001055317,0],[116.9439959988524,-9.00701299963547,0],[116.9429219986925,-9.00655600100675,0],[116.94226916238192,-9.006079119315153,0],[116.9422448102995,-9.006055678780742,0],[116.94165600042585,-9.005487999732589,0],[116.94156472939875,-9.005403932011914,0],[116.93576065632652,-9.000000584396364,0],[116.93566342033216,-8.999918312328836,0],[116.9356625609889,-8.999915939652922,0],[116.93566129291527,-8.999914865779866,0],[116.93558017006076,-8.999690841928802,0],[116.93551136835369,-8.999191532136319,0],[116.93546326773726,-8.999080924026789,0],[116.93544095409044,-8.999029068260397,0],[116.93541173777464,-8.999003023243175,0],[116.93531346967457,-8.99891466084415,0],[116.93428414993875,-8.998478210702942,0],[116.93389500021132,-8.998313001347013,0],[116.93379550729145,-8.998198946662693,0],[116.93369030488486,-8.998078045603004,0],[116.93368969744978,-8.998076346826604,0],[116.93368817840681,-8.998074600851703,0],[116.9334531149502,-8.997418057101386,0],[116.93320741603647,-8.996562495840589,0],[116.93307430842978,-8.996385977635942,0],[116.93289300020551,-8.996144999845436,0],[116.93161960329326,-8.995331039052669,0],[116.9311331991868,-8.995019957611367,0],[116.93106444410822,-8.994979249105041,0],[116.9309899989852,-8.994935000178199,0],[116.93095713681929,-8.994914088115289,0],[116.93079243866651,-8.994808528202064,0],[116.93024745219586,-8.994463129289306,0],[116.92991300388124,-8.994232922662261,0],[116.92989806014089,-8.994221255276694,0],[116.92976800029213,-8.994119000234951,0],[116.92963954219519,-8.994023816901995,0],[116.92960171234911,-8.993995583581357,0],[116.92957444922897,-8.99397909913009,0],[116.92923436839126,-8.993791052675752,0],[116.9291409998832,-8.993739001069127,0],[116.92909856962477,-8.99371854287394,0],[116.92908458027607,-8.99371165868099,0],[116.92876179645353,-8.993534612135416,0],[116.92864453522742,-8.993464327221776,0],[116.92852100005159,-8.993389999709654,0],[116.92789599977958,-8.992983999620076,0],[116.92711200132172,-8.992238999716097,0],[116.92619799973546,-8.991609001234432,0],[116.92500199894017,-8.991031999920267,0],[116.92486964962183,-8.990930980959206,0],[116.92451248333033,-8.990657771701114,0],[116.92382045334453,-8.99013054862268,0],[116.92368610893489,-8.990028084324582,0],[116.92321200594444,-8.989311995758051,0],[116.9232117021776,-8.989311530777282,0],[116.92286016128124,-8.988856977926579,0],[116.92285860977864,-8.988854277643288,0],[116.92285803404924,-8.988853534016627,0],[116.9226471272329,-8.988486403082216,0],[116.92237523893928,-8.987990565677277,0],[116.92233087299115,-8.987909555762071,0],[116.92208530395793,-8.98738547586338,0],[116.92191100028104,-8.987125999632282,0],[116.92191030004123,-8.987124679805602,0],[116.92190887306818,-8.98712255481219,0],[116.92189645973134,-8.987099140780984,0],[116.92173324236879,-8.98679064514257,0],[116.92150614473832,-8.986373599297531,0],[116.92127838822773,-8.986094789265517,0],[116.92099714136582,-8.985850006122021,0],[116.92069830670881,-8.985570257905252,0],[116.91980446069341,-8.984583844248421,0],[116.91932425063415,-8.98413485077202,0],[116.91892599973477,-8.983761999969248,0],[116.91832117409912,-8.983454134558619,0],[116.91820480996759,-8.983394843549412,0],[116.91788839079615,-8.98313257060331,0],[116.9175720748873,-8.982817931765323,0],[116.91751899971469,-8.982764999800162,0],[116.91716799973166,-8.98231099968195,0],[116.91674600034776,-8.981786000969104,0],[116.91625399663852,-8.98133200342252,0],[116.91625372104075,-8.981331751001983,0],[116.91608650395877,-8.981231121673122,0],[116.91572600018583,-8.981013999890465,0],[116.91548971167552,-8.980974403451187,0],[116.91536222193191,-8.980952911148272,0],[116.91516650869094,-8.980904747248486,0],[116.91504212735235,-8.980864865976377,0],[116.91491621193515,-8.980814401553182,0],[116.91477600025605,-8.980758000207864,0],[116.91440099975436,-8.980592001163547,0],[116.9142889998156,-8.980535001057786,0],[116.91411935269474,-8.980457962586812,0],[116.91408209141701,-8.980440943720016,0],[116.91401685333346,-8.980412770260761,0],[116.91393200120653,-8.980376001191036,0],[116.9139012108146,-8.980363684548045,0],[116.9138424500603,-8.980339935617849,0],[116.9136510373607,-8.98026651802918,0],[116.9136066833629,-8.980250913916784,0],[116.91315642857386,-8.98012989260666,0],[116.91313281156323,-8.9801254649059,0],[116.91287547302375,-8.98011701585028,0],[116.91287499995636,-8.980117001266503,0],[116.91276975602264,-8.980125533070542,0],[116.91269045325615,-8.980131928198341,0],[116.91260131363732,-8.980137088134763,0],[116.9123240002031,-8.980152999629379,0],[116.91211099999641,-8.980171999752981,0],[116.91173399978165,-8.98020200101749,0],[116.91160585835941,-8.980206343660056,0],[116.91126177656895,-8.98021750597254,0],[116.91097651271846,-8.980225893550617,0],[116.91065320665666,-8.98022690538249,0],[116.91061943482242,-8.980227003035393,0],[116.91061937841803,-8.98022700211723,0],[116.9102232113494,-8.980149896099405,0],[116.91005257791593,-8.980114623038233,0],[116.90995376387362,-8.98009068192476,0],[116.90979999970202,-8.980052999631374,0],[116.90925218143757,-8.979927009295913,0],[116.90901311987368,-8.979871842346073,0],[116.90813408095698,-8.979731787586845,0],[116.90793641968044,-8.979633465265685,0],[116.90774699987207,-8.97953900082012,0],[116.9073350258559,-8.979274013117847,0],[116.90714966837497,-8.979154700717343,0],[116.90665290154904,-8.978774567740595,0],[116.90646400027202,-8.978630001116239,0],[116.9064520548783,-8.978620931292454,0],[116.90616531204883,-8.978402804042485,0],[116.90556764034065,-8.978035565771371,0],[116.90482930042435,-8.977755702961955,0],[116.90450433815009,-8.97749229842663,0],[116.90435499981804,-8.97737100040468,0],[116.9043533003171,-8.977367902021358,0],[116.90435287282767,-8.97736755638822,0],[116.90401924918106,-8.97675960001007,0],[116.9039322576272,-8.976600938276201,0],[116.90351113504495,-8.976094745770956,0],[116.9030918937789,-8.975702731258323,0],[116.90285031076394,-8.975520086323257,0],[116.90265200016917,-8.975369999585297,0],[116.90224800118244,-8.975002999617512,0],[116.90210620361253,-8.97484440344512,0],[116.90182636861654,-8.97453122795621,0],[116.90182608845197,-8.974531099441469,0],[116.90182600023417,-8.974530999922035,0],[116.90110600017142,-8.97419899959674,0],[116.90099333357428,-8.974139564884503,0],[116.90054310974826,-8.973901599685753,0],[116.90017401586441,-8.973516939984387,0],[116.90017289026932,-8.973514537304242,0],[116.90017188984602,-8.973513494135013,0],[116.90004889267142,-8.973251261800025,0],[116.89992591961911,-8.972901627623134,0],[116.89991435255308,-8.972841160772829,0],[116.89985587162998,-8.97253455524674,0],[116.89978952710115,-8.972284250551972,0],[116.89976788066348,-8.972202381181326,0],[116.8995925379855,-8.97169634214258,0],[116.89940125775472,-8.971429931180257,0],[116.89924300024894,-8.971208999701373,0],[116.89913623088538,-8.971103240694768,0],[116.89892648602711,-8.9708945909208,0],[116.89867951597816,-8.970634455209346,0],[116.89862799865244,-8.970579999581433,0],[116.89847472726152,-8.970447541892787,0],[116.89822343291449,-8.970230153600331,0],[116.89812739628324,-8.970127268170398,0],[116.89799499984855,-8.969985001208036,0],[116.8979934231804,-8.969982147046515,0],[116.89799287296132,-8.969981555345663,0],[116.89785100382217,-8.969724811038445,0],[116.8977669787209,-8.96957247027304,0],[116.89760901965485,-8.968611023737605,0],[116.8975948670764,-8.968361140102118,0],[116.89755687297507,-8.967684555763281,0],[116.8973388558198,-8.967179153198952,0],[116.89729407318616,-8.967075179178833,0],[116.89675026033188,-8.966586535717376,0],[116.89647550278194,-8.966426292906872,0],[116.89624100120388,-8.966289001356929,0],[116.89561209736561,-8.965901176986867,0],[116.89522099788212,-8.965659661885473,0],[116.8950450969754,-8.965539922808615,0],[116.89488700045054,-8.965431999792386,0],[116.894539871342,-8.96530022972921,0],[116.89428935357842,-8.965204907943619,0],[116.89403902059895,-8.965131625315333,0],[116.89339299983465,-8.964942000121239,0],[116.89312588693822,-8.964842842170562,0],[116.89283029434695,-8.96473253403059,0],[116.8920439125763,-8.964641868848041,0],[116.89163100002969,-8.964593999940163,0],[116.89107300004186,-8.964488999766052,0],[116.89015700110214,-8.964258001193489,0],[116.88978599966418,-8.964186001327688,0],[116.88966290890873,-8.964169355121793,0],[116.88950500038769,-8.96414799954876,0],[116.8893110394428,-8.964092523173647,0],[116.88858892457495,-8.96388588920697,0],[116.88793958211738,-8.963592427636817,0],[116.88734800104113,-8.96332499983371,0],[116.88722027698171,-8.96326299660422,0],[116.88659231488633,-8.96295783485517,0],[116.88581880732865,-8.962852709999892,0],[116.88501009890324,-8.96283498525696,0],[116.88395525432972,-8.962869615094753,0],[116.8836880100095,-8.962904957156493,0],[116.88342800005317,-8.962938999715961,0],[116.88277717760757,-8.96314894313663,0],[116.88250620727763,-8.96319982533778,0],[116.88212700136181,-8.96327099989238,0],[116.88196347187318,-8.963294218948215,0],[116.88163446508868,-8.963340844356646,0],[116.88150375315007,-8.963367321801252,0],[116.88077300026026,-8.96351500131034,0],[116.88008699997584,-8.963585001084382,0],[116.87992387413297,-8.96361101068004,0],[116.87964775645204,-8.963654844789671,0],[116.879574042303,-8.963661480694114,0],[116.87945399989955,-8.96367199992017,0],[116.87930838200496,-8.963679467994048,0],[116.8791027469283,-8.963689627209826,0],[116.87875110603375,-8.963776912981217,0],[116.87859840854776,-8.963793127768158,0],[116.87825900014772,-8.963829001181525,0],[116.87801653703816,-8.963874996971304,0],[116.87788961625425,-8.963898993314658,0],[116.8775203951284,-8.963968787947744,0],[116.87681714227803,-8.964055957971212,0],[116.875498509416,-8.96431771631624,0],[116.87526804679771,-8.964344382268463,0],[116.87499999897972,-8.96437499983636,0],[116.8745200012267,-8.964436999645532,0],[116.87428887426107,-8.964453430244003,0],[116.87369047775661,-8.964495723783473,0],[116.87265337720362,-8.964318581891906,0],[116.8712705955959,-8.963953437836278,0],[116.87121599896287,-8.963939000961124,0],[116.86974617414677,-8.96357304304119,0],[116.86901193679425,-8.963207704166535,0],[116.8671212198115,-8.962302106019402,0],[116.86712099879111,-8.962302001017004,0],[116.86648599973272,-8.962077000178311,0],[116.86576500129492,-8.96183799963987,0],[116.8643669998522,-8.961514000372194,0],[116.86358999868023,-8.961148999665804,0],[116.86198200013492,-8.96015900124543,0],[116.86120500031868,-8.959638999911936,0],[116.8612029202219,-8.959635587325648,0],[116.86120287292957,-8.959635555650115,0],[116.85987790217803,-8.957460885579463,0],[116.8588879999247,-8.956304999814092,0],[116.85852799960227,-8.956121999707591,0],[116.85807227887942,-8.955808860768347,0],[116.85802333791331,-8.955775184332216,0],[116.8580083750349,-8.955761907643325,0],[116.8573739997792,-8.955193999621264,0],[116.85709399885386,-8.95521700002017,0],[116.85687834557982,-8.955163263068798,0],[116.85678923767212,-8.95514089267322,0],[116.85656128497912,-8.955023527649518,0],[116.85653732683541,-8.955011169110595,0],[116.85649516004771,-8.95497648205034,0],[116.85625700009798,-8.954780000045224,0],[116.85595599955717,-8.954524999780917,0],[116.85595583129407,-8.954524926450263,0],[116.8559556603304,-8.954524780757865,0],[116.8559187571141,-8.954508540418821,0],[116.85573200014346,-8.954426000932111,0],[116.85532900132208,-8.954330999619486,0],[116.85467800024516,-8.95419799989144,0],[116.85457540083381,-8.954171899810033,0],[116.85445006437386,-8.954139919597646,0],[116.85408889239878,-8.954047770827966,0],[116.85354943309467,-8.95401984459439,0],[116.85319230044955,-8.954063852210917,0],[116.85319200201162,-8.954064004954514,0],[116.85318025184834,-8.954070216077106,0],[116.85296893265892,-8.954181865238816,0],[116.85291002520505,-8.954235881696262,0],[116.85274899900625,-8.954383001105551,0],[116.85243530692317,-8.954731951322708,0],[116.85240185459165,-8.9547690988097,0],[116.85238588530498,-8.95480904457799,0],[116.85233599992134,-8.954933001124763,0],[116.85229800001045,-8.955270001261548,0],[116.85227099983445,-8.956689001240044,0],[116.8522334614211,-8.956767832242836,0],[116.8521805856779,-8.956877963052152,0],[116.85194483212246,-8.95720299793341,0],[116.85173699972162,-8.957488999836473,0],[116.85156466043608,-8.95761603134639,0],[116.85152437719306,-8.957645627881842,0],[116.85140515439582,-8.95768182186649,0],[116.85124199990278,-8.957730999557091,0],[116.85107614412347,-8.95771401764513,0],[116.85089315776949,-8.957623728318339,0],[116.85066146326803,-8.957394296845814,0],[116.85028816841793,-8.957064109985653,0],[116.85028800199017,-8.957063997759318,0],[116.84964900035874,-8.956617001232104,0],[116.84964888937608,-8.956617002091528,0],[116.84964873932016,-8.956616897107635,0],[116.84946367867894,-8.956619943344842,0],[116.84926885564818,-8.956670559930487,0],[116.84911149124194,-8.956757921048277,0],[116.84899899864168,-8.956820001313929,0],[116.84889610429435,-8.956908195899999,0],[116.848788767385,-8.956999767883639,0],[116.84847856305855,-8.957415506715078,0],[116.84833270065735,-8.95768197836879,0],[116.84823655099169,-8.957781851819721,0],[116.84813337720885,-8.95785618538554,0],[116.84806100043299,-8.957908000271095,0],[116.84736499870198,-8.958305000926565,0],[116.84704799970466,-8.958422999691223,0],[116.84673656630865,-8.958436092935841,0],[116.8467152126619,-8.958436956941526,0],[116.84625433880086,-8.958402900067936,0],[116.84585158299637,-8.958290520165322,0],[116.8456839318935,-8.958192843030236,0],[116.84561399995506,-8.9581519997498,0],[116.84558816335114,-8.958131300159833,0],[116.84527730241615,-8.957881849037124,0],[116.84510664736104,-8.957723004846729,0],[116.84490199993009,-8.95753200012198,0],[116.84471599972854,-8.957449999936639,0],[116.84459667355671,-8.957443371364329,0],[116.84453634330882,-8.9574398311088,0],[116.84436244280766,-8.957463222763515,0],[116.84411000041385,-8.95749700028796,0],[116.84354813718164,-8.957655270967297,0],[116.8432580245955,-8.957736912104572,0],[116.84287597629617,-8.957873865348708,0],[116.8427523470451,-8.95792469140529,0],[116.84255399963831,-8.958006000115326,0],[116.8422340002734,-8.958205999756743,0],[116.84183949433456,-8.95850362879165,0],[116.84183926321327,-8.958503764369025,0],[116.841788086235,-8.958510618560565,0],[116.84173899994002,-8.958516999677029,0],[116.84155699991007,-8.958455999579485,0],[116.84151380789629,-8.958434249380085,0],[116.84141848817117,-8.958386036269793,0],[116.84131422634829,-8.958287072796967,0],[116.84111079634745,-8.958168522126329,0],[116.84098367888905,-8.958041678150062,0],[116.84091199884841,-8.957970001282549,0],[116.84063200021409,-8.957628001296497,0],[116.84063092498829,-8.957625839964408,0],[116.84062987303237,-8.95762455601488,0],[116.84057591631891,-8.95751616008115,0],[116.84029390427156,-8.956949095729145,0],[116.84018097820017,-8.956525557336974,0],[116.84014222869332,-8.955120611989292,0],[116.84014326127684,-8.954320622236157,0],[116.8401710093196,-8.95344164244788,0],[116.8401738659201,-8.953320350972321,0],[116.8401768728359,-8.95319855484533,0],[116.8400043951827,-8.95273456726064,0],[116.83996419641709,-8.952626258574718,0],[116.83984742254955,-8.952449400292707,0],[116.8398470906314,-8.952449136937336,0],[116.83984699972272,-8.952449001221812,0],[116.83974260987898,-8.952366736281926,0],[116.8396632940563,-8.952304183259312,0],[116.83966317399837,-8.952304137981923,0],[116.83966300030933,-8.952304001326002,0],[116.83962301091121,-8.95228915188673,0],[116.83942641574816,-8.952215798829009,0],[116.83928885366545,-8.952206118805995,0],[116.83907899900106,-8.952191000174647,0],[116.8388130483148,-8.952228994140597,0],[116.83871454295912,-8.952242915043552,0],[116.8383527379488,-8.952279680201109,0],[116.83807031435448,-8.952252519256357,0],[116.83794157844406,-8.952206937246208,0],[116.83788600038143,-8.95218700108167,0],[116.83770065298164,-8.952049883325307,0],[116.8370288396752,-8.951552507814442,0],[116.83673010493355,-8.951363016594655,0],[116.83643137920475,-8.951192737793809,0],[116.8360688768568,-8.950858714600058,0],[116.83561393421073,-8.95050384726247,0],[116.83499000605157,-8.950174788431436,0],[116.83429099980054,-8.94980599974954,0],[116.83357400000806,-8.949651001110578,0],[116.83327662887129,-8.94964274037741,0],[116.83317847190145,-8.949639856932963,0],[116.8330643120724,-8.949658686197374,0],[116.83267300040713,-8.949723001040581,0],[116.83246450905453,-8.949746165311232,0],[116.83234017955463,-8.949759832247668,0],[116.83227050835569,-8.94975435737702,0],[116.83210600004465,-8.949741001053697,0],[116.83172890310759,-8.949642090246583,0],[116.83161787730216,-8.949612856753507,0],[116.83151277466662,-8.949573148103696,0],[116.83101599995993,-8.949385000368313,0],[116.8304739986892,-8.949133999648128,0],[116.83009166715553,-8.948849953768573,0],[116.83008496081881,-8.948844592388644,0],[116.82980811875623,-8.948672444211445,0],[116.82945600012106,-8.948453000654212,0],[116.8294426684418,-8.948442277908892,0],[116.829109039692,-8.948159565891887,0],[116.828801673007,-8.947926759267185,0],[116.82879699997673,-8.947922999782628,0],[116.82845700016611,-8.947635999591006,0],[116.82844401965676,-8.947627264176454,0],[116.82822699294798,-8.947470031631427,0],[116.82819903586751,-8.947455086150514,0],[116.82755990242941,-8.947032203227229,0],[116.82751800009908,-8.94700400016709,0],[116.8266919999139,-8.946552999846848,0],[116.82621600010934,-8.946330999758057,0],[116.8254630001449,-8.946291999839532,0],[116.82516900027957,-8.946329999803991,0],[116.82468767906607,-8.946425898937356,0],[116.82464172480428,-8.946435016336986,0],[116.82439908225739,-8.946490835270753,0],[116.82366790377819,-8.946671890642449,0],[116.8231676746643,-8.946793540063808,0],[116.82313686343535,-8.946800961314109,0],[116.82309605565054,-8.946816411624953,0],[116.82295899958972,-8.946867999873097,0],[116.82212840555073,-8.947255877273218,0],[116.82212627476389,-8.947256592620173,0],[116.82140875519684,-8.946857153447537,0],[116.82096899979001,-8.946611999706997,0],[116.82069926966425,-8.946392433066213,0],[116.82035616130071,-8.946112705343364,0],[116.81909230759115,-8.945218399173944,0],[116.81891800010825,-8.94509499983317,0],[116.8179460001565,-8.944621999909556,0],[116.81716900025297,-8.944214000263077,0],[116.81616199888451,-8.94387099958157,0],[116.81568687931849,-8.943691388055937,0],[116.81537910539684,-8.9435747786587,0],[116.81441400872147,-8.943333012136016,0],[116.81440200004988,-8.943330001350002,0],[116.81322299977604,-8.942937001323434,0],[116.81214895560059,-8.942511489436496,0],[116.81207212634136,-8.942481023776947,0],[116.81111607464807,-8.942045822672059,0],[116.81073539466166,-8.941910382079943,0],[116.80998499959681,-8.941643000372888,0],[116.80863299996618,-8.941061000852825,0],[116.8067493240735,-8.940601131197337,0],[116.80663018899945,-8.940572012699487,0],[116.80662999979911,-8.940571999937717,0],[116.804316999653,-8.940414000085969,0],[116.8013609988506,-8.940390000076224,0],[116.79907199990838,-8.940460001128809,0],[116.79760199985702,-8.940573001187287,0],[116.79591647954777,-8.9405503021652,0],[116.79500321015698,-8.94053774489623,0],[116.79178806407128,-8.940413564583853,0],[116.79058114583408,-8.940352682743434,0],[116.78924899987987,-8.940285000822128,0],[116.78757605288489,-8.940243116347244,0],[116.7864933272553,-8.940215695762841,0],[116.78556887591557,-8.940275405999042,0],[116.784284001211,-8.940358000963395,0],[116.78252117371895,-8.940602680150677,0],[116.78228852302082,-8.940599619346482,0],[116.7822803301735,-8.940600556126064,0],[116.78209752243619,-8.940622492442156,0],[116.78209758855664,-8.940621439636383,0],[116.78209651236958,-8.940621562921185,0],[116.78209772324585,-8.94060297242291,0],[116.78209815105414,-8.940596390586453,0],[116.78212332986219,-8.94020958176228,0],[116.78191687420833,-8.939719252666134,0],[116.78176203314075,-8.939203114819593,0],[116.78152977122593,-8.938506328638828,0],[116.78127170330127,-8.93801599862132,0],[116.78116847634158,-8.937680508998739,0],[116.78116847628898,-8.93729340584836,0],[116.78103944138931,-8.936983723692986,0],[116.7809620196672,-8.936261131599423,0],[116.78098782692467,-8.935796608915753,0],[116.78116847503507,-8.93538369733717,0],[116.78140073593681,-8.934867561288797,0],[116.78178783996555,-8.934506265380591,0],[116.78196848805403,-8.934222388363978,0],[116.78222655681283,-8.934170775048981,0],[116.78242012098437,-8.934100387793455,0],[116.7825735586264,-8.93405893920601,0],[116.78307818405979,-8.933886899035773,0],[116.78359431966267,-8.93386109276393,0],[116.78398142527308,-8.933783671914744,0],[116.78410482065527,-8.933764687599117,0],[116.78431691309272,-8.93373205787466,0],[116.78509111919784,-8.93365463726028,0],[116.78563306311291,-8.93355141102349,0],[116.78572104479673,-8.933527414639753,0],[116.7857239296945,-8.933526629385321,0],[116.78591693857965,-8.933473989989773,0],[116.7861750083267,-8.933267534186513,0],[116.78661372432218,-8.933086886380726,0],[116.7869492129587,-8.93298365970913,0],[116.78731300096075,-8.932848924190283,0],[116.78731395081779,-8.93284857197721,0],[116.78777473422758,-8.932852016940446,0],[116.78791398941775,-8.932730751595908,0],[116.78811052293402,-8.932730751710027,0],[116.78875569364287,-8.932343648875168,0],[116.78927183224928,-8.93205977441891,0],[116.78971054878055,-8.931801705253388,0],[116.79012882030686,-8.931250346774407,0],[116.79012969420594,-8.931249194927176,0],[116.79023861479703,-8.931220148575422,0],[116.79048475494548,-8.930872657669745,0],[116.79074282429023,-8.93061458922015,0],[116.79100089216156,-8.930227486367542,0],[116.79131537088419,-8.929996664047584,0],[116.7915208656958,-8.929647182236488,0],[116.79165801321452,-8.929425592668249,0],[116.79169767735279,-8.929091983983575,0],[116.79213639408404,-8.928446811811304,0],[116.792497690004,-8.9277500271514,0],[116.79268381256534,-8.927295060126312,0],[116.79268381190488,-8.927035264930444,0],[116.7926859386496,-8.927027095706675,0],[116.7926838129989,-8.927025272842874,0],[116.79268381300452,-8.927023651966428,0],[116.7926505626598,-8.926995149572134,0],[116.79265030074198,-8.926993448048327,0],[116.7926465885809,-8.926969328202249,0],[116.79263772871226,-8.926911736010961,0],[116.79265063816823,-8.925801547743568,0],[116.7927450094459,-8.925485770996422,0],[116.79298627683814,-8.924678451212365,0],[116.79304722791423,-8.92449124226475,0],[116.793209022399,-8.92399430482221,0],[116.79334773257773,-8.92356826237778,0],[116.79354047010854,-8.922959620851437,0],[116.79359240493493,-8.922899695357499,0],[116.79361882571595,-8.922780802616371,0],[116.79395446393197,-8.922303163992867,0],[116.79479355940995,-8.921580251426647,0],[116.79482536091872,-8.921560680074919,0],[116.79486704162869,-8.921480794390307,0],[116.79505174295794,-8.92133497667451,0],[116.79533574422734,-8.920947702868991,0],[116.79559392832192,-8.920392607694108,0],[116.79585211001144,-8.919527694074501,0],[116.79583937486544,-8.919362126933315,0],[116.79586317260302,-8.919296682608563,0],[116.79583920179128,-8.919062963698549,0],[116.79578756471842,-8.918804779841103,0],[116.79573592841207,-8.918404597338895,0],[116.79564556494948,-8.918185141273545,0],[116.79555519991523,-8.917862412132227,0],[116.7954261089835,-8.917513864194994,0],[116.79530992555863,-8.917191135252105,0],[116.79525828974297,-8.916894223913586,0],[116.79520665309484,-8.916597314373552,0],[116.79518083545138,-8.9163391301659,0],[116.79521956238123,-8.916106765407518,0],[116.79521956177737,-8.915960891846346,0],[116.79518083432339,-8.91588730871618,0],[116.79514210729472,-8.915538761595371,0],[116.79509046999715,-8.915241851119013,0],[116.79506465208505,-8.915061122592212,0],[116.7950388339556,-8.914841666662305,0],[116.79502592475681,-8.914635119742822,0],[116.79494847042491,-8.914402756048903,0],[116.79488392439207,-8.914067118248676,0],[116.79480647019065,-8.91382184267541,0],[116.79471610506324,-8.913499114198864,0],[116.79458795845477,-8.913137973000566,0],[116.79434173891369,-8.912763292028162,0],[116.79417391933734,-8.912466381357076,0],[116.79417392006678,-8.91229442901023,0],[116.79417392032678,-8.912259834302892,0],[116.79409646533243,-8.912066197828128,0],[116.79407064684735,-8.911795105274217,0],[116.79401901024805,-8.911575649429606,0],[116.79407064614398,-8.911369102919306,0],[116.7940319202137,-8.91117546525462,0],[116.79403191873836,-8.910653427674175,0],[116.79401647884731,-8.91058008796278,0],[116.79395634485218,-8.910453805267046,0],[116.79391425020444,-8.91032151034306,0],[116.79390222325402,-8.910207254392311,0],[116.79387215637317,-8.91010502473059,0],[116.79380600872734,-8.910026851258344,0],[116.79370979309466,-8.909942663310519,0],[116.79349932318144,-8.90975023189325,0],[116.79325517713563,-8.909401452845374,0],[116.79322270437575,-8.909372589138755,0],[116.79317459758688,-8.909234279431333,0],[116.7930663546208,-8.909011782673504,0],[116.79298818082097,-8.908843404848517,0],[116.79291000610358,-8.908500638797946,0],[116.79287993769621,-8.908266114831028,0],[116.79289356797747,-8.908252485153284,0],[116.79285588515339,-8.908233642271776,0],[116.79268750880283,-8.907999119050606,0],[116.7925191319177,-8.907812701101106,0],[116.79230866128259,-8.90760223133305,0],[116.7921462977285,-8.907433855175839,0],[116.791893734153,-8.907211357940005,0],[116.791496846734,-8.906994874272781,0],[116.79122624172332,-8.906820483588929,0],[116.79093759686918,-8.906676161081743,0],[116.79025995002364,-8.906469245360642,0],[116.79014983736212,-8.90643562333178,0],[116.79012504505138,-8.9063835621628,0],[116.79011828178183,-8.906381534060074,0],[116.79003558088938,-8.906231167258046,0],[116.7899694328113,-8.906122923663554,0],[116.7898852452934,-8.90598461488784,0],[116.78986679514027,-8.905918723740072,0],[116.7898679150624,-8.905910319685818,0],[116.78982990579281,-8.90576778397218,0],[116.78981538871034,-8.90557907102106,0],[116.78978700812819,-8.90550339019927,0],[116.78977700162994,-8.905413338984076,0],[116.78975294876199,-8.905293070176699,0],[116.78973274710702,-8.905167818800393,0],[116.78973852620692,-8.905142779861121,0],[116.78973601286637,-8.90511451257123,0],[116.78974657208731,-8.905107913819997,0],[116.7897512352504,-8.905104999416386,0],[116.78975123421176,-8.905087709748353,0],[116.78975123415518,-8.90502889231665,0],[116.7897512341619,-8.904882383753057,0],[116.78974947487654,-8.904734636827792,0],[116.78971698575619,-8.904646450666034,0],[116.78970176401208,-8.904610298836499,0],[116.78963326704083,-8.904248788936853,0],[116.78965039163369,-8.904235469786299,0],[116.78962086025138,-8.904066484692896,0],[116.7896215941934,-8.904065017995906,0],[116.7896161430696,-8.904041394596112,0],[116.78967132094553,-8.903919622935664,0],[116.78964874125656,-8.903811240181119,0],[116.78964658591866,-8.90378681544083,0],[116.78963897534817,-8.903731637062604,0],[116.78963516964421,-8.903596545751602,0],[116.78962486191564,-8.903561039800067,0],[116.78962486226028,-8.90354133690442,0],[116.78960649028305,-8.903467847012141,0],[116.78958744930219,-8.903384068867624,0],[116.78958570016624,-8.903358709999502,0],[116.78959140790812,-8.903316849885535,0],[116.78959240600145,-8.903266972264797,0],[116.78959424113486,-8.90325962869766,0],[116.78960036464404,-8.903155518773653,0],[116.78959424161557,-8.903039162126234,0],[116.7895513730556,-8.902904432242005,0],[116.78953300093272,-8.902781949671839,0],[116.78953912372836,-8.902726833323488,0],[116.78949625626905,-8.902598226951403,0],[116.78947175914834,-8.902512490167455,0],[116.78947175996721,-8.90242675185882,0],[116.78945338597894,-8.902341014917633,0],[116.78939827081456,-8.902224657689823,0],[116.78935540190905,-8.902108300146546,0],[116.78932478174134,-8.902022561696974,0],[116.78929416131943,-8.901924576206728,0],[116.78927578843788,-8.901844963680087,0],[116.78927292702349,-8.901836950833488,0],[116.78925653432425,-8.90173495285397,0],[116.78924841383743,-8.9016984097533,0],[116.7892451683774,-8.90163674489362,0],[116.78924516820132,-8.901544883062536,0],[116.78925129216817,-8.90145914640742,0],[116.78925135772212,-8.901459030667496,0],[116.78925082628236,-8.901440417401242,0],[116.78926985438258,-8.901379530360913,0],[116.7892826498522,-8.90135109444376,0],[116.78928803730223,-8.901299920429878,0],[116.7892939154405,-8.901235257765538,0],[116.7892972060614,-8.90122595585826,0],[116.78933289360327,-8.90112509989057,0],[116.7893364484156,-8.901115057340245,0],[116.78934215598075,-8.901084613925002,0],[116.78933765800616,-8.901064375726989,0],[116.78932693381701,-8.901016116870494,0],[116.78935303670518,-8.90091170166425,0],[116.78934315367276,-8.900858985868172,0],[116.78933931225323,-8.90077062773276,0],[116.78935357205894,-8.90071359028702,0],[116.78935357181811,-8.900677438909755,0],[116.78935952741736,-8.900650637183007,0],[116.78937377539874,-8.900607898192376,0],[116.78937377455473,-8.900575978103145,0],[116.78938739775096,-8.900480616289242,0],[116.78939207159858,-8.900468462344474,0],[116.78939352795283,-8.900458629356626,0],[116.7893916258742,-8.900441504134513,0],[116.78942587359133,-8.900397742598974,0],[116.7894288910707,-8.90039208660739,0],[116.78944109483986,-8.900369202218098,0],[116.78943386372251,-8.90030592688629,0],[116.78943501476657,-8.90029556911086,0],[116.78942889063487,-8.900166962691817,0],[116.78939214556607,-8.900075101781741,0],[116.78937377456519,-8.89999548925473,0],[116.7893554021215,-8.89989137812468,0],[116.78934315330096,-8.899811766345017,0],[116.78931865679216,-8.899744400102668,0],[116.78928191304097,-8.899585174133483,0],[116.78923904395187,-8.899487188936343,0],[116.7891778029552,-8.899389204188944,0],[116.78912881085127,-8.899291217322151,0],[116.78906756978486,-8.899187108132697,0],[116.78901857656503,-8.899076875115897,0],[116.7889695844096,-8.899015634774283,0],[116.78895673368964,-8.898978689191146,0],[116.7889022195827,-8.898960516578327,0],[116.78882873004366,-8.898868655588208,0],[116.78872462136923,-8.898764545553506,0],[116.78859601441474,-8.898672684002436,0],[116.78848578232137,-8.898544079061459,0],[116.78841229205975,-8.898452217086463,0],[116.78835717474003,-8.898366480916776,0],[116.7883204296345,-8.898250123109506,0],[116.78827143778716,-8.898146012612903,0],[116.78821631963532,-8.898060276422289,0],[116.7881795774491,-8.897950041217921,0],[116.78817345242231,-8.89784593337453,0],[116.7881734517916,-8.897717325888554,0],[116.78817957610576,-8.897545851817775,0],[116.78819794771141,-8.897343757159131,0],[116.7882653143631,-8.897184530567461,0],[116.78828980889095,-8.897074296704417,0],[116.78828368581681,-8.896884449625928,0],[116.78826531413173,-8.896749720834372,0],[116.78825918937154,-8.89656599727198,0],[116.78830205841165,-8.896504756582447,0],[116.78822244483045,-8.896327158187267,0],[116.78816732786287,-8.896241420179178,0],[116.78817957641202,-8.896088319233323,0],[116.78813058408548,-8.895990332233827,0],[116.78809996289425,-8.89571474916011,0],[116.78809383934266,-8.895494281750556,0],[116.78809383883599,-8.895371799578795,0],[116.78805709476846,-8.895243193790309,0],[116.78803259944539,-8.89511458773017,0],[116.78795298503171,-8.894967609590816,0],[116.78787337214729,-8.89490024534589,0],[116.7878182551181,-8.894845127603503,0],[116.78776313936801,-8.894759391345719,0],[116.78775089012929,-8.894679776789815,0],[116.78772026923167,-8.894551170837357,0],[116.78771414579951,-8.894324579892688,0],[116.78765902902077,-8.894226594768101,0],[116.78765290428915,-8.894128608612238,0],[116.78762840804471,-8.89398775457585,0],[116.78754267077635,-8.893773412320153,0],[116.7874814300834,-8.893614185754497,0],[116.78745693414744,-8.893485579652031,0],[116.7874263135925,-8.893418215214172,0],[116.78743856104067,-8.893295732783837,0],[116.78743243766485,-8.893167127207269,0],[116.78739569295185,-8.893081389614444,0],[116.78743243737182,-8.892940536120069,0],[116.78746170164861,-8.892721054874132,0],[116.78745080882055,-8.892708952672443,0],[116.78745081006309,-8.892689447855854,0],[116.78746305827545,-8.892560841898284,0],[116.78740181717042,-8.89236487056808,0],[116.78735282419233,-8.892242390281359,0],[116.78727320986772,-8.892156651731318,0],[116.78713848089164,-8.892070915159897,0],[116.78705274340278,-8.89202192233583,0],[116.78699762812721,-8.891985176850334,0],[116.7868873931576,-8.891917812992272,0],[116.78675266354729,-8.891838198900805,0],[116.78668529695746,-8.891740214765695,0],[116.78662231434261,-8.891632771066831,0],[116.78662231399093,-8.89157523891032,0],[116.786611808719,-8.891533219389329,0],[116.78658118901274,-8.891441358083757,0],[116.78649545156209,-8.891380118092211,0],[116.78643421031923,-8.891373993859565,0],[116.78637296872166,-8.891343372817882,0],[116.78623211628889,-8.891312752249567,0],[116.78610350923398,-8.891245386673784,0],[116.78599327490173,-8.89119639402605,0],[116.7861035092699,-8.891116780968364,0],[116.78623823932345,-8.891000423610453,0],[116.78628110802453,-8.89093918312785,0],[116.78634234894487,-8.890865694368854,0],[116.78632397693389,-8.890767708399178,0],[116.78626886012945,-8.890669723071026,0],[116.78620149470042,-8.890565612615863,0],[116.78615250195617,-8.890479876921596,0],[116.7860973860373,-8.890308401169985,0],[116.78612800716962,-8.89019204378846,0],[116.7861647506286,-8.8901001830971,0],[116.78624436335944,-8.88999607280477,0],[116.78639134057931,-8.889940955804922,0],[116.78650157540241,-8.889922584163907,0],[116.78659343722332,-8.889922584297615,0],[116.78668529770164,-8.889953203826463,0],[116.78679105829933,-8.890006083094052,0],[116.78679554965277,-8.889994851668183,0],[116.78683227559074,-8.890002195569508,0],[116.78689351710644,-8.890038940960112,0],[116.786973130696,-8.890112430735108,0],[116.78703029818438,-8.890130806827868,0],[116.78703914581425,-8.890148500448687,0],[116.78710173661769,-8.890179795104366,0],[116.78722421787886,-8.89030227667757,0],[116.78732220419006,-8.890388014864675,0],[116.78740181735165,-8.890479876925223,0],[116.7874508092163,-8.89060235721142,0],[116.78754879529575,-8.890718715663931,0],[116.78761003617555,-8.89081057625529,0],[116.78768964961074,-8.890908561778145,0],[116.78770758386885,-8.890946062056864,0],[116.78772594265989,-8.890953929976316,0],[116.78776313913842,-8.891000423893898,0],[116.78786724834596,-8.891067789434725,0],[116.78794073714172,-8.891116782339509,0],[116.78799585259935,-8.891116781127415,0],[116.788068342897,-8.891100672350236,0],[116.7880916401223,-8.89111065780033,0],[116.78815507956088,-8.89111065767854,0],[116.7882469413259,-8.891092285036162,0],[116.78833880313698,-8.891031044097703,0],[116.78838167228491,-8.890963679843757,0],[116.78842453964272,-8.890853446404899,0],[116.78844291329708,-8.890779957379666,0],[116.78845516017641,-8.890651349557245,0],[116.78852864984955,-8.89056561400116,0],[116.78865725509229,-8.890534993342188,0],[116.78874299169492,-8.890504371864619,0],[116.78882260562419,-8.89048600117979,0],[116.78885322605595,-8.890418635354461,0],[116.78885935090157,-8.890296152994939,0],[116.78890834197738,-8.890149174587576,0],[116.78890834193487,-8.890020569756702,0],[116.78892059111527,-8.889965453228989,0],[116.78895733556843,-8.889910335191116,0],[116.78900020457819,-8.889806226101431,0],[116.78904307265364,-8.889702117005145,0],[116.78906756916257,-8.88963475130984,0],[116.78910431537798,-8.889579635065285,0],[116.78916555474105,-8.889512270245747,0],[116.7892084236945,-8.889451029406727,0],[116.78922679620754,-8.88937754033156,0],[116.78926966422578,-8.889316298579438,0],[116.78931865680809,-8.889248933141563,0],[116.78934315372561,-8.889163195950909,0],[116.78939214641389,-8.88910195492985,0],[116.78944571328043,-8.889072197002326,0],[116.78944140933994,-8.889056420846272,0],[116.78945338683599,-8.889046838914432,0],[116.78952075195386,-8.888991721823373,0],[116.7896248605912,-8.888967224979734,0],[116.78971672321194,-8.889010094429503,0],[116.78977183982671,-8.889071335418098,0],[116.78980858413142,-8.8891325759914,0],[116.78983307975192,-8.889224438127671,0],[116.78987594985826,-8.889291802052734,0],[116.78993719079851,-8.889371416134505,0],[116.78998005866192,-8.889457152425573,0],[116.79002905066346,-8.889518394449581,0],[116.79011478904374,-8.889500022408141,0],[116.79018827811545,-8.889451028550221,0],[116.79023039115759,-8.889386456763315,0],[116.79023065843913,-8.889386664046175,0],[116.79027401521368,-8.889346919906563,0],[116.7903413808661,-8.889279553810857,0],[116.79043936612678,-8.889199940680816,0],[116.79045633900736,-8.889186606004122,0],[116.79052510314125,-8.889132575830349,0],[116.7905468012744,-8.88906748058237,0],[116.79055114514681,-8.889067481213573,0],[116.79055572389656,-8.88905908632724,0],[116.79059859192594,-8.888973350320658,0],[116.79063533677792,-8.88891210858306,0],[116.79070270202308,-8.888869240130143,0],[116.79078231501954,-8.888832495729533,0],[116.79084355618082,-8.888814124240831,0],[116.79090479684052,-8.88877737855197,0],[116.79100278196077,-8.888801876026752,0],[116.79107627108009,-8.888863116271128,0],[116.79115588470547,-8.888948854027587,0],[116.79123549700812,-8.889083582671569,0],[116.7912967389508,-8.889157073013394,0],[116.79136410399136,-8.889236684868733,0],[116.79143146944648,-8.88929792704523,0],[116.79149270985482,-8.889346918736667,0],[116.79152945297633,-8.88945102924021,0],[116.7915235351107,-8.88946641795568,0],[116.79153557931666,-8.889477124123662,0],[116.79153557781292,-8.889518394141145,0],[116.79152945428865,-8.889591882953077,0],[116.79156619870551,-8.889708241405296,0],[116.79162743973019,-8.889775606360816,0],[116.79171929987152,-8.889842971228088,0],[116.79179279041576,-8.889879715431544,0],[116.79193976808845,-8.889898087556292,0],[116.7919805136344,-8.889872621238148,0],[116.79198347901155,-8.889875257726592,0],[116.79200100900833,-8.889867467024185,0],[116.79205000228076,-8.889836845981993,0],[116.79211124262545,-8.889787853954433,0],[116.79219697966916,-8.889726613146381,0],[116.7922398492779,-8.889702115807088,0],[116.79228271740617,-8.88965924788956,0],[116.79230721320299,-8.889646999111644,0],[116.79238070229063,-8.889665371722291,0],[116.79253380458637,-8.889653123974444,0],[116.79271140434653,-8.88965312417019,0],[116.79278489338441,-8.889640876366624,0],[116.79287063036577,-8.88961025483061,0],[116.79296249157039,-8.88953676567317,0],[116.79301760693083,-8.889457153373101,0],[116.79304822904164,-8.889383663656792,0],[116.79313396614342,-8.88935916829609,0],[116.79319520576588,-8.88932242222843,0],[116.79326869460992,-8.88927955399088,0],[116.7933728057093,-8.889224437570922,0],[116.79345241894605,-8.889199940550627,0],[116.79359939678923,-8.889095831572924,0],[116.79372187814651,-8.889010094029768,0],[116.79379621333291,-8.888990532632432,0],[116.79378328355209,-8.888982452739986,0],[116.79385048410886,-8.88894885393072,0],[116.793954593905,-8.888887612913114,0],[116.79406482779434,-8.888912108216326,0],[116.7941750612582,-8.888924357341422,0],[116.79421792956974,-8.888844744424151,0],[116.79418730926255,-8.888783503126573,0],[116.7941199443055,-8.88874675915686,0],[116.79397909058977,-8.888697766420767,0],[116.7938443607125,-8.888648773400025,0],[116.79377699506361,-8.88864264880302,0],[116.79365451361328,-8.888642648879282,0],[116.79351978435558,-8.888636524939766,0],[116.7933973019997,-8.88863652493108,0],[116.79326257163599,-8.888624277373337,0],[116.79315233779418,-8.888624276839275,0],[116.79295520079444,-8.888639440960903,0],[116.79294411901887,-8.888636525002376,0],[116.79274814815228,-8.888630400237991,0],[116.79264403817862,-8.888575284000105,0],[116.7925889220587,-8.888514043425689,0],[116.79253380504804,-8.888452801938325,0],[116.79252767965637,-8.888373189092217,0],[116.79249093726062,-8.88826907867754,0],[116.79244806841238,-8.888195589708449,0],[116.79241132303467,-8.8881404729085,0],[116.79242357124286,-8.888073108292554,0],[116.79239907398595,-8.888005744023895,0],[116.79236845424123,-8.887950626107479,0],[116.7923896529467,-8.887901163087166,0],[116.7923929512706,-8.88786488869267,0],[116.79237457872651,-8.887797525118382,0],[116.7923378340791,-8.887705662640457,0],[116.79229496456843,-8.887607676840673,0],[116.79224597227316,-8.887570932822372,0],[116.7921602345497,-8.88750356878603,0],[116.79208062189954,-8.887417831239684,0],[116.79199488462348,-8.887393333648738,0],[116.79191527186809,-8.88739333355466,0],[116.79182953478931,-8.887374963068854,0],[116.79171929987068,-8.887387210977193,0],[116.79162743975887,-8.887362714405212,0],[116.7915294527739,-8.887356590386593,0],[116.79143759229933,-8.887350465246186,0],[116.79139696312352,-8.887374844359382,0],[116.79137774206107,-8.88736883761815,0],[116.79129183909424,-8.88736883839461,0],[116.79123672236739,-8.887368838296915,0],[116.79114486138543,-8.88734434160635,0],[116.79107749569229,-8.887325968574176,0],[116.7909856338224,-8.88730147274882,0],[116.79089377345267,-8.887264728044165,0],[116.79082028359626,-8.88726472843662,0],[116.79078354044952,-8.88724635624641,0],[116.79074679490472,-8.887240232908963,0],[116.79071005085473,-8.887221860711099,0],[116.79063656159414,-8.887209612210295,0],[116.79059369270854,-8.887185114847261,0],[116.79050183208906,-8.88713612299869,0],[116.79037935006124,-8.887093253722439,0],[116.79034367858495,-8.88704569269012,0],[116.79033114040381,-8.887041775449774,0],[116.79029973701027,-8.88700751670961,0],[116.79024462018518,-8.88700139294222,0],[116.79017113112484,-8.886958524016492,0],[116.79010376600381,-8.88692178023848,0],[116.7900241522974,-8.886842165787618,0],[116.78992004324715,-8.886787048804957,0],[116.78982818161279,-8.886725807935786,0],[116.78969345212502,-8.886676816152397,0],[116.78956484567378,-8.886633947682041,0],[116.78944236435335,-8.886609451389186,0],[116.78933213057853,-8.88658495383436,0],[116.78925251696205,-8.88657882965131,0],[116.78915453178213,-8.886560458871635,0],[116.78904429686168,-8.886523714183948,0],[116.78892181615124,-8.886523712721974,0],[116.78879260184056,-8.886534051367855,0],[116.78875791593157,-8.886522489287712,0],[116.78869522490177,-8.886522488145058,0],[116.78861561131254,-8.886516363826582,0],[116.78854824655944,-8.886485745105029,0],[116.7884808806311,-8.886485744893987,0],[116.78841351668143,-8.88644899900716,0],[116.78834002757817,-8.886387759155543,0],[116.78826041444493,-8.886357137954016,0],[116.78818080235588,-8.886332641164513,0],[116.78809506354989,-8.886295897448006,0],[116.78805831889622,-8.88623465580476,0],[116.7880032021935,-8.886179538997828,0],[116.78794196175149,-8.88612442231926,0],[116.78792358907874,-8.886050933207024,0],[116.7878194798972,-8.886008065408552,0],[116.78770924721573,-8.885928452050004,0],[116.78763575822258,-8.8858610867304,0],[116.78760513655476,-8.885701861297903,0],[116.78755001964566,-8.885677363852873,0],[116.7874214128249,-8.885579379324017,0],[116.7873907931984,-8.885426277398988,0],[116.78740421841478,-8.885287548798244,0],[116.78738466902475,-8.88515559154815,0],[116.78736017333377,-8.884959620301776,0],[116.78733567638588,-8.884794271193377,0],[116.78730505605134,-8.884647291876151,0],[116.7872623528039,-8.8846045891866,0],[116.78724381585904,-8.884586050658424,0],[116.78717645003347,-8.884518686030297,0],[116.78714582971155,-8.884420701222552,0],[116.78702947199822,-8.88433496426975,0],[116.78688861822788,-8.884285971616922,0],[116.78680287973125,-8.884230854328417,0],[116.7867355159689,-8.884169613147709,0],[116.78669264818835,-8.884175736583941,0],[116.7866436538972,-8.884120620368956,0],[116.78655179343693,-8.883998138047426,0],[116.7865354467542,-8.883982571144664,0],[116.78642318709157,-8.883875657281257,0],[116.78634969800339,-8.883759299907233,0],[116.78626396071506,-8.883649065357456,0],[116.78614760283143,-8.883520459851674,0],[116.78602512084356,-8.883422473844211,0],[116.78590263925952,-8.883348984606355,0],[116.78578651087643,-8.883273500917351,0],[116.78574371956256,-8.883257735180845,0],[116.78568171268257,-8.883230177176118,0],[116.78560937218282,-8.883199175185801,0],[116.7855508114486,-8.883154391867862,0],[116.78548535975895,-8.88311994401752,0],[116.78541990680432,-8.883092384893173,0],[116.78534412188552,-8.883047603395338,0],[116.78527178184086,-8.882992487140113,0],[116.7851649941046,-8.88294081440087,0],[116.78510987557061,-8.882902920830762,0],[116.78511676589926,-8.882837470030205,0],[116.78509265188636,-8.882792688389578,0],[116.78505820408137,-8.882747906221425,0],[116.78502719970056,-8.882685899666704,0],[116.78499964235343,-8.882623893286786,0],[116.78494797006259,-8.882551552562495,0],[116.78491352214353,-8.882492990191746,0],[116.78491352228137,-8.882424093766678,0],[116.78492041210114,-8.8823517542303,0],[116.78490663287349,-8.882289746740206,0],[116.78491414112374,-8.882209656825047,0],[116.784908010059,-8.882209826956455,0],[116.78487356262653,-8.882109927630903,0],[116.78485978329783,-8.882016918103448,0],[116.78486322936179,-8.881951467128228,0],[116.78482533555349,-8.8819066856657,0],[116.78478744236459,-8.88183434382002,0],[116.78474954861845,-8.88177233869557,0],[116.784697877887,-8.88172411123534,0],[116.78459453421554,-8.881586319341077,0],[116.7845428620954,-8.881531202216495,0],[116.78449119013011,-8.8814898643704,0],[116.78441540381093,-8.881396854286258,0],[116.78437406687567,-8.881365850979831,0],[116.78429139095005,-8.881324514184906,0],[116.78417082287254,-8.88127628571451,0],[116.78407436870582,-8.881207389568704,0],[116.78396413519417,-8.881114381169896,0],[116.78389179391559,-8.88105926374979,0],[116.78385390119249,-8.88098347834805,0],[116.78380911956032,-8.880945585151757,0],[116.783754001948,-8.88088357899572,0],[116.78367477226115,-8.880780234567416,0],[116.78358176167242,-8.880680336449863,0],[116.78348186278542,-8.880576991753367,0],[116.78328550933122,-8.880418530875916,0],[116.78312360420328,-8.880291072957917,0],[116.78309259973116,-8.880239402067229,0],[116.78305126269096,-8.880153280573047,0],[116.78304484008437,-8.880140436434392,0],[116.78304139713296,-8.880133548408379,0],[116.78300647978422,-8.880063717224374,0],[116.78298832304738,-8.880031942131648,0],[116.78295557405438,-8.880002170179452,0],[116.78289433338962,-8.879916432363007,0],[116.78277185167866,-8.87982457064956,0],[116.78273510567672,-8.879738832591542,0],[116.78267998982493,-8.879683715924914,0],[116.78260037573695,-8.87962247502534,0],[116.78251463905993,-8.879585730967893,0],[116.78241052865432,-8.87953061374952,0],[116.78233704101592,-8.879469373653118,0],[116.78229458671437,-8.879466107133304,0],[116.78227202800994,-8.879445283943598,0],[116.78226861389321,-8.87944351363753,0],[116.78226344088972,-8.879440065346278,0],[116.78225792157143,-8.879436272235134,0],[116.78224792167767,-8.87943006328081,0],[116.78223274755943,-8.879422477358682,0],[116.78221619334141,-8.879412475592538,0],[116.78219998543912,-8.879402818645563,0],[116.78218756861897,-8.879394196859197,0],[116.78217756781699,-8.879387989711514,0],[116.78217632885115,-8.879386840262452,0],[116.78217280869104,-8.879385989778935,0],[116.78216177308599,-8.879379437409108,0],[116.78215211687666,-8.879374953550872,0],[116.7821438402776,-8.879369092026444,0],[116.78213846635774,-8.87936550793994,0],[116.78210946705325,-8.8793501026061,0],[116.782039710204,-8.879316678271643,0],[116.78198593898641,-8.879291971871318,0],[116.78193071440025,-8.879267266423268,0],[116.78189467279834,-8.879244305215787,0],[116.78184235618711,-8.879202159813895,0],[116.78179585081325,-8.879173094283738,0],[116.78173626603325,-8.879145481881194,0],[116.78168540136001,-8.879113510315598,0],[116.78165488318102,-8.879085896810103,0],[116.78160983071301,-8.879042299366825,0],[116.78157495237201,-8.879013234280963,0],[116.78153571376593,-8.878979808717292,0],[116.78150810164426,-8.878958010178035,0],[116.78149938238067,-8.878933302942988,0],[116.78147612982174,-8.878921677248615,0],[116.78143979766178,-8.878905691398758,0],[116.78141945170698,-8.878889705862173,0],[116.78138457425626,-8.878859187214127,0],[116.78133370926393,-8.878815589047555,0],[116.78127557762343,-8.878805415446385,0],[116.78125668635143,-8.87880105640302,0],[116.78122180638785,-8.878776350111139,0],[116.78118983518644,-8.878757457893688,0],[116.78115640865258,-8.878734205088712,0],[116.78112298293696,-8.87870804519054,0],[116.78105177273758,-8.8786688083551,0],[116.78101222327412,-8.878644405028991,0],[116.7809586923131,-8.87862432970884,0],[116.7809134217967,-8.878600502805245,0],[116.78084366543503,-8.878574345074354,0],[116.78079715926526,-8.878543824972157,0],[116.78074484161826,-8.878519119250242,0],[116.7806765380703,-8.878503134445882,0],[116.78063813376191,-8.878489347971364,0],[116.78063436415944,-8.878481270303189,0],[116.78057465403961,-8.878449119725518,0],[116.78051035098481,-8.878416968246876,0],[116.7804506408785,-8.87839859602938,0],[116.78033122070167,-8.8783434791874,0],[116.7802347671187,-8.878274582978165,0],[116.78010616114318,-8.878210278990718,0],[116.7800326723423,-8.878145975784713,0],[116.7799316249513,-8.878109232072422,0],[116.77984435639655,-8.878077079604711,0],[116.77974790197442,-8.87804492802872,0],[116.77961470317284,-8.877998998065975,0],[116.77953202762657,-8.877962254238847,0],[116.77946313178104,-8.877939288773208,0],[116.77939934175502,-8.877936250827101,0],[116.77937903015436,-8.877925417282935,0],[116.77931431555376,-8.877908054978308,0],[116.77920867627421,-8.877871311071978,0],[116.77911222117136,-8.877811600766874,0],[116.77893309134448,-8.877765669614435,0],[116.77878611303065,-8.877719740244993,0],[116.77861617009994,-8.87766921586471,0],[116.77855186837269,-8.8776186916781,0],[116.77847378515604,-8.87756357615821,0],[116.77834977171386,-8.877508457776674,0],[116.77824413104156,-8.87743956194082,0],[116.77819360738505,-8.877375260263644,0],[116.77809255977571,-8.877297178212823,0],[116.77795936237268,-8.877251245860762,0],[116.77784453486903,-8.877209909347263,0],[116.77776185975522,-8.877163978946811,0],[116.77774660383045,-8.877140005816438,0],[116.77773464869065,-8.877138297318544,0],[116.77772475777915,-8.877131070738372,0],[116.77766181393555,-8.877086926709111,0],[116.77762666335846,-8.877069759910357,0],[116.77756208310142,-8.877041148919007,0],[116.77752611391641,-8.877025616974597,0],[116.77749586827332,-8.877017442092106,0],[116.77746966718618,-8.87701220293906,0],[116.77745451843074,-8.877002103212401,0],[116.77738276981863,-8.876982173008026,0],[116.77730468840191,-8.876963801098734,0],[116.77716689530757,-8.8769454288141,0],[116.77703829003465,-8.876913277256854,0],[116.77691887108305,-8.876927056658134,0],[116.77680404179371,-8.87690409220401,0],[116.77672136806837,-8.876917869990532,0],[116.77664328620381,-8.876945428883053,0],[116.7765192731373,-8.876982173590322,0],[116.7764472087436,-8.8769701628943,0],[116.7764258428918,-8.876980845912243,0],[116.77638860740298,-8.876973400311103,0],[116.77636770205152,-8.87697758109035,0],[116.77626206125872,-8.876963800925429,0],[116.77612426879789,-8.876972986820219,0],[116.77597269675663,-8.876972988157748,0],[116.7758808363436,-8.876977581292905,0],[116.77580734733614,-8.877005138243279,0],[116.77572473722746,-8.876996443334674,0],[116.7757097019764,-8.87700020157969,0],[116.77553550476428,-8.87707762320446,0],[116.77536130905797,-8.87705826777816,0],[116.77509033717618,-8.87701955629656,0],[116.77483872019911,-8.876961490769405,0],[116.77472258927051,-8.877058268229252,0],[116.77462581267727,-8.877106655285901,0],[116.7745483918364,-8.877135687578354,0],[116.77427741997121,-8.877155044036254,0],[116.77406451363582,-8.877155042784189,0],[116.77387096311486,-8.87713568761288,0],[116.77369676642282,-8.877193752796098,0],[116.77348386012208,-8.877174398353743,0],[116.77325159812735,-8.877135688221712,0],[116.77303869098084,-8.877116332621766,0],[116.77292255962516,-8.87719375303202,0],[116.77282578434674,-8.877193752948966,0],[116.77261287819958,-8.877155043344544,0],[116.77236126101778,-8.877193753104372,0],[116.77216770979686,-8.877155043289841,0],[116.77189673716997,-8.877271174057185,0],[116.77170318720925,-8.877309883568502,0],[116.77145156905691,-8.8774453696514,0],[116.77116124202074,-8.877561500685866,0],[116.77087091408464,-8.877658276824953,0],[116.7707019892686,-8.877644199359555,0],[116.77061280695435,-8.877673927307487,0],[116.77049327356096,-8.877634082619739,0],[116.77033359357993,-8.877721180800693,0],[116.7701158488165,-8.877808280243592,0],[116.76994165226667,-8.877895378357273,0],[116.76978197204696,-8.877982476294878,0],[116.7695932580156,-8.87806957433275,0],[116.76946261235562,-8.878185705759956,0],[116.76937551411832,-8.878330868902436,0],[116.76930293214465,-8.878417966156682,0],[116.76927389861065,-8.878563129876573,0],[116.76920131757495,-8.878722810251666,0],[116.76917228486447,-8.878853458417224,0],[116.7690851863655,-8.879013137927176,0],[116.76902712162561,-8.879187333738246,0],[116.76896905593917,-8.879390563335045,0],[116.76889647371988,-8.87960830942244,0],[116.76885292527147,-8.879782505139596,0],[116.76872227785536,-8.87997121760174,0],[116.76860614588011,-8.880188962859725,0],[116.76859163025382,-8.880290578025683,0],[116.76850453202434,-8.880508323155729,0],[116.76837388507572,-8.88069703638254,0],[116.76828678581703,-8.88082768278031,0],[116.76815613969171,-8.880929298157856,0],[116.76802549173443,-8.88100187878773,0],[116.76782226292895,-8.88105994480934,0],[116.76766258274904,-8.881118009794886,0],[116.76751741910277,-8.881161559170073,0],[116.7673287068404,-8.881176075585001,0],[116.76715451006416,-8.881219624803983,0],[116.76702386299588,-8.8812341420145,0],[116.76683515015299,-8.881176075056562,0],[116.76657385601897,-8.881205109208176,0],[116.7663270779537,-8.881161559197318,0],[116.76612384832106,-8.88116155941773,0],[116.76600771729862,-8.881118009649379,0],[116.76581900377727,-8.881059943991318,0],[116.76558674297105,-8.881059944695874,0],[116.76535448139347,-8.881045427908836,0],[116.76506415369437,-8.880943813764434,0],[116.7649805798566,-8.880989399878253,0],[116.7648945265979,-8.88097375377227,0],[116.76488619194322,-8.880973753948272,0],[116.7647453383807,-8.880979878241204,0],[116.76461060938595,-8.88098600182158,0],[116.76449425036074,-8.880973753735798,0],[116.76439626487883,-8.880986002232985,0],[116.76431665201311,-8.88102274642199,0],[116.76420641809186,-8.88105949205014,0],[116.76414517780745,-8.881120731923462,0],[116.76405944039386,-8.881175849063593,0],[116.76400432441187,-8.881181973003065,0],[116.76390633760137,-8.881181973433055,0],[116.76382060084826,-8.881181973450088,0],[116.7636858702975,-8.881200344628823,0],[116.76356338882765,-8.881200344832783,0],[116.76344090582727,-8.881194220575638,0],[116.76326943264998,-8.881206470120386,0],[116.76315307513843,-8.881200345132171,0],[116.76306121442754,-8.881206470030001,0],[116.76290811132031,-8.88121871840864,0],[116.76283462192924,-8.881255461643955,0],[116.76277950502512,-8.88127995775542,0],[116.76273663634143,-8.881286082056052,0],[116.76266927117565,-8.881292207053937,0],[116.76258353471569,-8.881322827979377,0],[116.76238143919377,-8.881322827785377,0],[116.76233575311778,-8.881304552968253,0],[116.7622871534208,-8.881316703013006,0],[116.76219118385787,-8.88131670337224,0],[116.76192172419685,-8.88130853842189,0],[116.76170942337545,-8.881316702672226,0],[116.76152161702262,-8.881357529743353,0],[116.76131748072586,-8.881406523020093,0],[116.76117050176849,-8.88144735069809,0],[116.76103168992633,-8.881480012228817,0],[116.76088471115355,-8.881488178035047,0],[116.76059075493247,-8.88148001179975,0],[116.76040295002323,-8.881463680681493,0],[116.7600844970567,-8.881439184626078,0],[116.75981503667785,-8.881390191411073,0],[116.75950474972825,-8.881390192365133,0],[116.75932511015621,-8.88135752966491,0],[116.75918629691046,-8.881308537024664,0],[116.75903931909366,-8.881316703009938,0],[116.75891683580629,-8.881316702591064,0],[116.75876985774309,-8.881308537593286,0],[116.75861471510605,-8.881300372683526,0],[116.75853305961977,-8.881259544672973,0],[116.75838608227883,-8.88123504774462,0],[116.75822277430413,-8.881235047798762,0],[116.75795331344625,-8.881186055057809,0],[116.75783899741886,-8.881177890075667,0],[116.75765119243995,-8.88112889673303,0],[116.75752870876293,-8.88108807002846,0],[116.75740622811215,-8.881071740051317,0],[116.75727558064446,-8.881014580700475,0],[116.75720361742633,-8.881014580920652,0],[116.75716370802958,-8.880997476954654,0],[116.75707523181362,-8.880958989578673,0],[116.75694079716843,-8.880875767894729,0],[116.75683464581795,-8.880769618154694,0],[116.7566141785557,-8.880638970349256,0],[116.75648353213809,-8.880565481662185,0],[116.75634471912483,-8.880459330372283,0],[116.7561977406401,-8.8804593311651,0],[116.75596910941266,-8.880353179844303,0],[116.75579763396588,-8.880263358674647,0],[116.75575680717107,-8.880345014367139,0],[116.75567338530057,-8.880349184714108,0],[116.75556741844002,-8.880303088582135,0],[116.75549507842334,-8.880285864607668,0],[116.75534350678123,-8.88022041374072,0],[116.7550989249712,-8.88017218691941,0],[116.75483712082531,-8.8801652981616,0],[116.75421499006106,-8.880134294014942,0],[116.75411164544175,-8.880110181433775,0],[116.75399107761001,-8.880099845774875,0],[116.75393251572604,-8.880075731908088,0],[116.75326422461562,-8.879993057448669,0],[116.75305753694293,-8.8799482751951,0],[116.75291285533008,-8.879882824295644,0],[116.75274225888276,-8.879825084280034,0],[116.75268894267403,-8.879807038414555,0],[116.75257181995501,-8.879772590431688,0],[116.7524271393909,-8.879751920575963,0],[116.75210677061997,-8.879693360002635,0],[116.75197586880644,-8.87964857683333,0],[116.75178640505318,-8.879531454736979,0],[116.75141092197656,-8.879379882666669,0],[116.75127313015538,-8.87935921424355,0],[116.75108711044902,-8.879283429149298,0],[116.75095069565823,-8.879231755940255,0],[116.75088868976958,-8.879152525901072,0],[116.75075778687476,-8.879142192259557,0],[116.75046153504105,-8.879114632987935,0],[116.7502617357855,-8.879155970989926,0],[116.75015150269763,-8.879217287895548,0],[116.75008605056308,-8.879293074298866,0],[116.74992070084296,-8.879396418307513,0],[116.74967956510841,-8.879448090320789,0],[116.74947632160767,-8.879523874623903,0],[116.74943842828739,-8.87960310567558,0],[116.74925447558884,-8.879627220200645,0],[116.74900887654906,-8.879653738968985,0],[116.74878253899527,-8.879713340204901,0],[116.74858618523767,-8.879737452381985,0],[116.74841394499575,-8.879778791661039,0],[116.74832782539718,-8.879816683979705,0],[116.74817969756738,-8.879882134556881,0],[116.74795923075597,-8.879902803859254,0],[116.74787311098474,-8.879964810213915,0],[116.74766642431014,-8.880006147578523,0],[116.74753544412613,-8.880012810235012,0],[116.74737292604698,-8.880071598105518,0],[116.7473001897481,-8.880149009891639,0],[116.74717657194398,-8.880281732136952,0],[116.74709607827242,-8.880291723046954,0],[116.74696988427358,-8.880298954966197,0],[116.7468252027584,-8.880233505351395,0],[116.74673908158512,-8.88014738403771,0],[116.74665640762029,-8.88003715090385,0],[116.74658751074745,-8.879944140768824,0],[116.74655306356338,-8.879876623108984,0],[116.74643938498347,-8.879835285025578,0],[116.74635326470334,-8.879773278672038,0],[116.74620169343594,-8.879632041879868,0],[116.7460018945883,-8.879552812304826,0],[116.74590544044455,-8.879470137178636,0],[116.7458762843931,-8.879368958237775,0],[116.74562296697667,-8.87935645725659,0],[116.74544797065877,-8.879342678998588,0],[116.74533773768523,-8.879311676016924,0],[116.74534118187871,-8.879222111433013,0],[116.74480379313209,-8.879225555985686,0],[116.74467633539749,-8.879149769779543,0],[116.74450754012727,-8.879108432304948,0],[116.74443175622095,-8.879104987619533,0],[116.7442457346401,-8.879122212251385,0],[116.74417477162157,-8.87914288133683,0],[116.74410932228844,-8.879166994026047,0],[116.74396948940333,-8.879257522426379,0],[116.7437338381714,-8.879355079942762,0],[116.74357687273417,-8.879453815675088,0],[116.74352026015463,-8.879489426985185,0],[116.74348236797655,-8.879499762063386,0],[116.74341002699822,-8.879558324340941,0],[116.74314822234874,-8.87964099793616,0],[116.74295727735287,-8.879690884768834,0],[116.74280374182652,-8.879734008964858,0],[116.74254805964361,-8.879752792940096,0],[116.74202866191838,-8.879792569945804,0],[116.74166695726349,-8.879809793913802,0],[116.74156016868646,-8.879837351739047,0],[116.74145682372071,-8.87985802139151,0],[116.74125702490812,-8.87986835620584,0],[116.7411467929076,-8.879885580256035,0],[116.74108134112669,-8.879906248947936,0],[116.74097455255482,-8.879964810356892,0],[116.74091254625297,-8.87999925884558,0],[116.7408436502416,-8.880050929761202,0],[116.7407540849709,-8.880081932816001,0],[116.74061284821454,-8.880130159723434,0],[116.74053017418028,-8.88018183276126,0],[116.74044060701573,-8.880192167775848,0],[116.7402614790534,-8.880243838782297,0],[116.74013057587209,-8.880292066363445,0],[116.74005479026583,-8.880333402872566,0],[116.73994869082067,-8.880371297402283,0],[116.73989701868769,-8.88037129576395,0],[116.73981434328434,-8.880429858258964,0],[116.73962143534061,-8.880481530198473,0],[116.73955942701244,-8.880515977549507,0],[116.73945263901716,-8.880533201685497,0],[116.73909093484718,-8.880533201340862,0],[116.73884979875116,-8.880529756558007,0],[116.73866860172488,-8.880478084642347,0],[116.73855147944685,-8.8804126348756,0],[116.7384619152479,-8.880416078888633,0],[116.73825178159022,-8.880405745022474,0],[116.73801409020689,-8.880395409783883,0],[116.73796930757229,-8.880385076022547,0],[116.73783151620404,-8.880374742054258,0],[116.73756971243667,-8.88034373791802,0],[116.73718674606336,-8.880322356355075,0],[116.73646027563909,-8.880355979198853,0],[116.73624012142946,-8.880377248695574,0],[116.7361380206052,-8.880384693868173,0],[116.73607633521247,-8.880393203255467,0],[116.73584660898004,-8.880411282793904,0],[116.73558000037609,-8.88043000087159,0],[116.7355000001684,-8.880430001164587,0],[116.73544999980666,-8.880440001213902,0],[116.73534999977396,-8.880439999959819,0],[116.73529294512653,-8.880480753603416,0],[116.73527999999791,-8.880490001131708,0],[116.73524000135654,-8.880500000106343,0],[116.73521150866092,-8.880512663773477,0],[116.73518149389169,-8.88052600202402,0],[116.73514999980459,-8.880540001320306,0],[116.73507999988537,-8.880580001334588,0],[116.73498000029642,-8.880630001049616,0],[116.73494999982542,-8.88065000097473,0],[116.73488999959616,-8.880670001294995,0],[116.73486999994556,-8.880690001081764,0],[116.73479000004873,-8.880730001171038,0],[116.73473000015576,-8.880789999605684,0],[116.73466999997918,-8.880820001007441,0],[116.7345749490642,-8.880898787303845,0],[116.73447149024638,-8.880984543138787,0],[116.7344130062083,-8.880974018301348,0],[116.73440068774185,-8.880964228211322,0],[116.73427201925959,-8.880861960954475,0],[116.73413205626966,-8.880692128995198,0],[116.73413197539485,-8.88069203125098,0],[116.73418503127066,-8.88053996196809,0],[116.7343059642938,-8.880451517796326,0],[116.73430626367548,-8.880451299119123,0],[116.73434500587315,-8.880422965023149,0],[116.73438025816112,-8.880406237767895,0],[116.73438071579432,-8.880406020107769,0],[116.73452198057096,-8.880338989125796,0],[116.73483866495931,-8.880219156525131,0],[116.73483899883504,-8.880219030131562,0],[116.73495151554356,-8.880124941073845,0],[116.73513201046642,-8.879974005921538,0],[116.73513203321741,-8.879973986943066,0],[116.7351389710227,-8.879972474106259,0],[116.73548501708258,-8.879897006974863,0],[116.73576102210129,-8.879867000139509,0],[116.7357614624106,-8.879866841258249,0],[116.7357615169945,-8.879866821397766,0],[116.73576368852119,-8.879866036015242,0],[116.73593798193033,-8.879803008594182,0],[116.73602638885339,-8.87974650515565,0],[116.73602864361176,-8.879745064063776,0],[116.73604225132375,-8.879736366915955,0],[116.73625400835121,-8.879601025278353,0],[116.73644858427076,-8.879435967414805,0],[116.73644869256572,-8.879435876136201,0],[116.73653531428117,-8.879362395546638,0],[116.73681396343221,-8.879126018649139,0],[116.73691215173803,-8.8788715897867,0],[116.73691495360228,-8.878864328579914,0],[116.73691517866195,-8.878863746236792,0],[116.73697797955754,-8.878701012914984,0],[116.73707097178972,-8.878388995877383,0],[116.73715499132433,-8.878143983710427,0],[116.73728998538097,-8.877929031563268,0],[116.7374910323591,-8.877738994299788,0],[116.73755968015998,-8.87770769872334,0],[116.73755987940307,-8.87770760750832,0],[116.73757460790539,-8.877700892860897,0],[116.73765997570959,-8.877661974988884,0],[116.73850198970342,-8.877599985702217,0],[116.73857096915411,-8.877554853036138,0],[116.73858487441328,-8.87754575530284,0],[116.73858490717026,-8.87754573361762,0],[116.73858496813419,-8.877545693862048,0],[116.7386410195534,-8.87750901920986,0],[116.73866099096861,-8.877471841713795,0],[116.73866116126709,-8.877471525255912,0],[116.73866248996347,-8.877469050553136,0],[116.73871303592959,-8.877374957612245,0],[116.73878439873153,-8.877250613553665,0],[116.73878855020686,-8.877243381314784,0],[116.73878881701583,-8.877242916585388,0],[116.73887199584706,-8.877097984268138,0],[116.7389682043649,-8.876924142172534,0],[116.73897105925589,-8.876918983961627,0],[116.73897111571635,-8.876918881791925,0],[116.73906400299843,-8.876751039647468,0],[116.73920200297968,-8.876525961093387,0],[116.7393983948514,-8.87625534427469,0],[116.73941365449826,-8.876234317922204,0],[116.73941416612715,-8.876233612764528,0],[116.73946398983722,-8.876164958436048,0],[116.73956652332353,-8.876076197518302,0],[116.73956714033166,-8.87607566338555,0],[116.7396101971186,-8.876038390678351,0],[116.73988098973969,-8.875803972240522,0],[116.73989757213523,-8.875756546062021,0],[116.73989826291528,-8.875754572006265,0],[116.73989833582183,-8.875754362211625,0],[116.73992502566728,-8.875678029628093,0],[116.73992607953242,-8.875652523288098,0],[116.73992628031098,-8.87564766622981,0],[116.73992700941811,-8.87563001077716,0],[116.73994136367025,-8.875253069631968,0],[116.73995100140621,-8.874999988273473,0],[116.7399581353791,-8.874813993297984,0],[116.73995814742337,-8.874813679442706,0],[116.73995988552238,-8.874768356751089,0],[116.73996001614998,-8.874764961325724,0],[116.73995989380343,-8.874763053636899,0],[116.73995791466808,-8.874732194124583,0],[116.73995791286758,-8.874732167892642,0],[116.73993301534959,-8.874343979898109,0],[116.73991645626832,-8.874072942115928,0],[116.73991574865589,-8.874061368465686,0],[116.73991571628716,-8.874060839306994,0],[116.7399080297217,-8.873935027083913,0],[116.73988799426188,-8.873664520533282,0],[116.73988794831851,-8.873663895487452,0],[116.73988788255448,-8.873663003598473,0],[116.73985803437031,-8.873260006269664,0],[116.73980501651586,-8.873077622680244,0],[116.73980500835032,-8.873077594634857,0],[116.73979467533643,-8.873042048479677,0],[116.73975598892484,-8.872908967746264,0],[116.73964968331151,-8.872788161970714,0],[116.73964956426559,-8.872788026211788,0],[116.73964018414758,-8.872777367302751,0],[116.73963901731254,-8.87277604138767,0],[116.73940298658127,-8.872596006664834,0],[116.73940295206708,-8.87259594151631,0],[116.73940293753523,-8.872595913466474,0],[116.73940027541103,-8.872590875318144,0],[116.73932000481776,-8.87243895903209,0],[116.73929457088417,-8.872386699711479,0],[116.73927921571648,-8.872355147955165,0],[116.73927905043116,-8.872354808649924,0],[116.73915600483993,-8.872101983788879,0],[116.73898205893401,-8.871921063232822,0],[116.73898204075793,-8.871921044225488,0],[116.73898199713571,-8.871920998065196,0],[116.73897881040355,-8.871919611039282,0],[116.73897746843035,-8.871919026694991,0],[116.73882851577922,-8.871854193398221,0],[116.73882813118958,-8.871854025795663,0],[116.73882800662986,-8.87185397143819,0],[116.73862198727026,-8.871870014383033,0],[116.73850345566646,-8.87192993817898,0],[116.73850313905581,-8.871930098054943,0],[116.73849067296047,-8.87193640006802,0],[116.73844996481459,-8.871956979837266,0],[116.73828618077319,-8.872072824629754,0],[116.73824735943839,-8.87210028265885,0],[116.73824565695604,-8.872101486268129,0],[116.73810496960466,-8.872200994593264,0],[116.73804770404521,-8.872229761151901,0],[116.73804684610357,-8.872230191999689,0],[116.73804564152785,-8.87223079717409,0],[116.73787000543642,-8.8723190261254,0],[116.73781627911212,-8.872348373110512,0],[116.73781584057389,-8.872348613401332,0],[116.73780643748873,-8.872353748918684,0],[116.73778402839186,-8.872365990151398,0],[116.73760722798396,-8.872441500800846,0],[116.7375251291572,-8.872476565093033,0],[116.73752402016807,-8.872477039179476,0],[116.73732260522051,-8.872475012598423,0],[116.7373225315529,-8.872475012546618,0],[116.7373210127376,-8.872474997006405,0],[116.73729841825593,-8.872470369943791,0],[116.73729728157508,-8.87247013759078,0],[116.73728202095663,-8.872467012642801,0],[116.7372387954532,-8.87245790370927,0],[116.73723876544497,-8.872457897356629,0],[116.73713003105826,-8.872434982974003,0],[116.73712973566124,-8.872434725886373,0],[116.73710106943072,-8.872409772095056,0],[116.73710089946425,-8.872409623636418,0],[116.73700599344555,-8.87232700888329,0],[116.73672835790767,-8.87202148550253,0],[116.73672403128622,-8.872016724750878,0],[116.73664965904133,-8.871934880549661,0],[116.73629897970001,-8.871548975265501,0],[116.73577301635906,-8.871267465930924,0],[116.73577194540893,-8.87126689262107,0],[116.7357682089017,-8.871264892828746,0],[116.73573938506847,-8.871249465987782,0],[116.73571799970445,-8.871238019711353,0],[116.73570776492349,-8.87123613833401,0],[116.7356821329598,-8.871231424908027,0],[116.7356804661134,-8.871231118910101,0],[116.73552199208008,-8.871201981148417,0],[116.7355203467836,-8.871202063198144,0],[116.73501789558111,-8.871227124662177,0],[116.73415803109643,-8.871270012349829,0],[116.73378699413557,-8.871433972035701,0],[116.7336188313314,-8.87150229069671,0],[116.73361877492772,-8.871502313269133,0],[116.7336170082113,-8.871503031091528,0],[116.73355758318534,-8.871465167700286,0],[116.73355722774421,-8.871464941320282,0],[116.73355472329358,-8.871463345794536,0],[116.73351498843944,-8.871438028370028,0],[116.73344501507509,-8.871340040354495,0],[116.73352202855024,-8.870929985067523,0],[116.73364498995348,-8.870865955946137,0],[116.73384198614983,-8.870779011414783,0],[116.73384374773275,-8.870752585718424,0],[116.73384409986912,-8.870747298227306,0],[116.7338441072185,-8.870747196023371,0],[116.73384698955762,-8.870703957263597,0],[116.73375602210108,-8.870495988126887,0],[116.7336765446181,-8.87040970040105,0],[116.73367643556699,-8.870409581833028,0],[116.73367175181475,-8.870404497884037,0],[116.73349996982218,-8.870217997407686,0],[116.73309698782606,-8.869547968291844,0],[116.73286596919068,-8.869290975959125,0],[116.73289784212638,-8.869247353617144,0],[116.73290608460749,-8.869236073083352,0],[116.7329066681544,-8.869235273917178,0],[116.73293900992046,-8.86919100970716,0],[116.73294714281501,-8.869186642233377,0],[116.73295074934738,-8.869184705550097,0],[116.73295082031399,-8.869184666707058,0],[116.73295273275882,-8.86918363965056,0],[116.73312701630527,-8.869090041064577,0],[116.73327101492629,-8.869073956843163,0],[116.73409497969577,-8.869056006252976,0],[116.73420668348591,-8.868988738917015,0],[116.73420676082385,-8.868988692842212,0],[116.73426254082442,-8.868955102978596,0],[116.73429597369956,-8.868934969834905,0],[116.73438651139101,-8.868828447202649,0],[116.73441016754765,-8.868800613369396,0],[116.73441021943148,-8.868800551899865,0],[116.73445997298779,-8.868742014156274,0],[116.73449298391283,-8.868617962889099,0],[116.73450614520335,-8.868487006083033,0],[116.73450615253627,-8.868486926491702,0],[116.73450693389461,-8.868479153721056,0],[116.73451700271353,-8.868378967824398,0],[116.73455698197566,-8.868264962420994,0],[116.73457878749542,-8.868184954440474,0],[116.73458630037915,-8.86815739042868,0],[116.7345865046398,-8.868156638024626,0],[116.73463600812991,-8.867975003116241,0],[116.73462712509478,-8.867851252222751,0],[116.73462711969253,-8.86785117624039,0],[116.73462663884548,-8.867844479839688,0],[116.73460801464176,-8.86758503886342,0],[116.73452986183031,-8.867466966102073,0],[116.73446791904387,-8.867373383493607,0],[116.73446789814831,-8.86737335272555,0],[116.7344675847238,-8.867372878541634,0],[116.73445891784155,-8.867359785083654,0],[116.73442200910516,-8.867304023186033,0],[116.73442433998275,-8.867237038018146,0],[116.73442435762905,-8.867236527889201,0],[116.73442449228239,-8.867232656698354,0],[116.73442698660706,-8.867160962787041,0],[116.73447723006217,-8.866989830635902,0],[116.73448675087718,-8.86695740180695,0],[116.73448735350728,-8.866955348101456,0],[116.7345599753032,-8.866707992811511,0],[116.73470500005133,-8.866514029441966,0],[116.73485317098,-8.866404323000488,0],[116.73485496721212,-8.86640299193699,0],[116.7348630193144,-8.866397030621085,0],[116.73486314665844,-8.866397003576227,0],[116.73486317849411,-8.866396997267273,0],[116.73487328687914,-8.866394854426233,0],[116.73487557998064,-8.866394368523926,0],[116.73487569459027,-8.866394344183544,0],[116.73501400198357,-8.866365034955097,0],[116.73501558804827,-8.866365085827386,0],[116.73504341511173,-8.866365985638996,0],[116.73532296534381,-8.86637501982317,0],[116.73571386695902,-8.866368083894281,0],[116.735717999606,-8.866368009933346,0],[116.73571881176524,-8.866367996035487,0],[116.73571998225744,-8.866367975154958,0],[116.73652601927975,-8.866138032563361,0],[116.73668089447803,-8.866080123947134,0],[116.7366843186013,-8.866078843769243,0],[116.7368070157338,-8.866032966786669,0],[116.737069409492,-8.865941296112041,0],[116.73707173465084,-8.865940484596313,0],[116.73742803519602,-8.865816006325694,0],[116.73764100568428,-8.865722015736061,0],[116.7377620695145,-8.865692360514652,0],[116.73786470719243,-8.865667218482693,0],[116.73786714405949,-8.865666621408277,0],[116.73857602734402,-8.865492973204681,0],[116.7395120240052,-8.865474001549789,0],[116.73980203846662,-8.865517285186693,0],[116.7399042519405,-8.865532540274824,0],[116.73990445018168,-8.865532570261479,0],[116.73990564144958,-8.865532747469157,0],[116.73995241188484,-8.865539728429502,0],[116.7399537277354,-8.86553992471835,0],[116.73995398417627,-8.865539962886032,0],[116.73996363802553,-8.865545232926117,0],[116.74000481348155,-8.865567711422987,0],[116.74000505712323,-8.86556784455492,0],[116.74011702962564,-8.86562897209735,0],[116.7402233212401,-8.865680364976289,0],[116.74022613779111,-8.865681727311713,0],[116.74022658873005,-8.86568194561121,0],[116.74029702706825,-8.865716003102778,0],[116.74079899998941,-8.865723990985911,0],[116.74080202209282,-8.865724039211347,0],[116.74084162475522,-8.865725044442335,0],[116.74084196488758,-8.865725052818718,0],[116.74084199580858,-8.86572505374466,0],[116.74087896290166,-8.865725992019922,0],[116.74112779999209,-8.865708380927924,0],[116.74113711696748,-8.86570772075879,0],[116.74142054980723,-8.865687661410957,0],[116.74164197618303,-8.865671989269634,0],[116.7419379678156,-8.865571001130995,0],[116.74194696900382,-8.865568021568105,0],[116.74230001679862,-8.865485972191417,0],[116.74279398030154,-8.865397960171208,0],[116.74279624825041,-8.865398310871369,0],[116.74279739495604,-8.865398488039194,0],[116.7427974240556,-8.865398492581761,0],[116.74306602417406,-8.865440016880255,0],[116.74334899961657,-8.865505956262597,0],[116.74357701631737,-8.865559014642828,0],[116.74396002332936,-8.865531967405746,0],[116.7442133612397,-8.865495776048247,0],[116.74429004904202,-8.865484819761933,0],[116.74429590563425,-8.865483983481248,0],[116.74452702318248,-8.86545096600028,0],[116.74463935340607,-8.865390275260982,0],[116.7446396782043,-8.865390100008502,0],[116.74467496386346,-8.865371035395988,0],[116.7446750093533,-8.865371011005365,0],[116.74475232605892,-8.865329024131043,0],[116.74475334594563,-8.865328470364666,0],[116.74497699676095,-8.865207015660841,0],[116.7452370192502,-8.86506602926098,0],[116.74549597277472,-8.86484202357359,0],[116.74567977638951,-8.864644702904572,0],[116.74587699056072,-8.864432985168925,0],[116.74589736147935,-8.864358902696683,0],[116.74589921686167,-8.864352155430124,0],[116.74592097087486,-8.864273041218421,0],[116.74595920171903,-8.864085068104398,0],[116.74596148489118,-8.864073842913193,0],[116.74596157614687,-8.864073391626144,0],[116.74597100997286,-8.864027008578486,0],[116.74602400994088,-8.863836956077074,0],[116.74606801072991,-8.863646986999008,0],[116.74613596900883,-8.863516992152048,0],[116.74629949802416,-8.863383334677213,0],[116.7463059960866,-8.863378023297575,0],[116.74645088288615,-8.863322763928338,0],[116.74662599690754,-8.863255976238337,0],[116.7468020710172,-8.863238682846044,0],[116.74681896527584,-8.863237023661348,0],[116.74698995291142,-8.86325677535272,0],[116.74720799386844,-8.863281962308578,0],[116.7472880493354,-8.863319540814208,0],[116.74769189811731,-8.863509109743799,0],[116.74769969056531,-8.863512767402662,0],[116.74847998078066,-8.863879038810197,0],[116.74905096563269,-8.864220986183843,0],[116.74905303189742,-8.864221019228554,0],[116.74916231837855,-8.864222775857904,0],[116.74955000129124,-8.864229006423948,0],[116.74955003494054,-8.864229007350996,0],[116.7497940063069,-8.864198965590111,0],[116.74999996942348,-8.864149003614303,0],[116.75002658174016,-8.86414260392893,0],[116.75004464831596,-8.86413825990062,0],[116.75004563796638,-8.864138021772325,0],[116.75004652028316,-8.864137809802985,0],[116.75012897688751,-8.864117982040208,0],[116.75107899026267,-8.863770993650004,0],[116.75135937862946,-8.863673256430667,0],[116.75144901380153,-8.863642011928937,0],[116.75144926856099,-8.863641845668909,0],[116.7515014460107,-8.863607808457955,0],[116.75150588337236,-8.863604914269558,0],[116.75166356662793,-8.863502051707808,0],[116.75200697637676,-8.863278032316865,0],[116.75226537578733,-8.863060141304889,0],[116.75239350389127,-8.862952099525934,0],[116.752396770677,-8.862949344749989,0],[116.75247901813317,-8.862879990003464,0],[116.75264598806979,-8.862711986896514,0],[116.75280497381888,-8.862596969917423,0],[116.75283701276503,-8.86257004309956,0],[116.75287403068177,-8.86249998178949,0],[116.75296060384484,-8.862399867482777,0],[116.7529753592953,-8.862382803743666,0],[116.75297602370925,-8.862382035351043,0],[116.75300177121385,-8.862368449468137,0],[116.75301528408094,-8.862361320019009,0],[116.75301562979497,-8.862361137536809,0],[116.75306854131367,-8.862333218671036,0],[116.75306897163634,-8.862332991923772,0],[116.75316715140698,-8.862327880247202,0],[116.75337599998397,-8.862317006572088,0],[116.75337659283609,-8.862317173392514,0],[116.75337680015268,-8.862317231417743,0],[116.75337682834028,-8.86231723957689,0],[116.75357896645293,-8.862374023062776,0],[116.75373698461284,-8.862469985083656,0],[116.75379597785712,-8.862622041831804,0],[116.75385312356761,-8.862728356398838,0],[116.75385720469173,-8.862735948809707,0],[116.75385729643337,-8.862736118917548,0],[116.7538606954013,-8.862742443664024,0],[116.7538607971349,-8.862742631868596,0],[116.75386099060893,-8.862742991990023,0],[116.75389894430583,-8.86276705245576,0],[116.75389913248327,-8.862767171974632,0],[116.75389917430071,-8.862767198232868,0],[116.75389925884438,-8.862767251654478,0],[116.75393367989712,-8.862789072944068,0],[116.75411503229716,-8.862904039400803,0],[116.7541671863513,-8.862941630664075,0],[116.75417658288147,-8.862948403464248,0],[116.75417690467434,-8.862948635229783,0],[116.75426899196093,-8.863015009745371,0],[116.75436397618863,-8.863172687153394,0],[116.75436399980863,-8.863172726062745,0],[116.75436546514374,-8.863175159246708,0],[116.75447499380785,-8.863356979353194,0],[116.75450776925692,-8.863678211468894,0],[116.75450842525116,-8.863684645663062,0],[116.75450850657684,-8.863685437160704,0],[116.7545089692078,-8.863689972666203,0],[116.75456998806446,-8.863841034762999,0],[116.75457001260959,-8.863841050155752,0],[116.75457025987548,-8.86384121041593,0],[116.75457235164086,-8.863842558601052,0],[116.7546800298193,-8.863912007726546,0],[116.75500699265683,-8.864030958664923,0],[116.75505277243302,-8.864035809687756,0],[116.75506240745736,-8.864036829953442,0],[116.75507250536238,-8.864037900270048,0],[116.75545099225025,-8.864078004264076,0],[116.75566145381936,-8.864147619826419,0],[116.75566274769491,-8.864148047599704,0],[116.75566282225367,-8.864148072974661,0],[116.7556628713536,-8.864148089287891,0],[116.75568691034124,-8.864156040244561,0],[116.75572266058528,-8.864167865622697,0],[116.7557230051943,-8.864167979815836,0],[116.75595701236264,-8.864121017734561,0],[116.75623322798123,-8.864109040446309,0],[116.75623415474489,-8.864109000347725,0],[116.75625619880682,-8.86410804508788,0],[116.75625699096727,-8.864108010328529,0],[116.75647661337824,-8.86415737586047,0],[116.75667501224453,-8.864201970645395,0],[116.75716086808563,-8.864243789891589,0],[116.75716303520126,-8.864243976723337,0],[116.75716474498147,-8.864243977833917,0],[116.75717459167791,-8.864243985134129,0],[116.75719400404901,-8.864243998646751,0],[116.75719524363967,-8.864243999451816,0],[116.75719798201641,-8.864244001230272,0],[116.75722524112878,-8.864224714925781,0],[116.75722528753248,-8.864224682393635,0],[116.75723016995106,-8.864221228535044,0],[116.75724599914187,-8.864210029247548,0],[116.7573946534909,-8.864140987873212,0],[116.7574324466062,-8.864123435094152,0],[116.75743255759379,-8.864123383609195,0],[116.7574335200933,-8.864122936502275,0],[116.75746999499924,-8.864105996120387,0],[116.75783899217952,-8.863939025264415,0],[116.7583029715678,-8.863707005347317,0],[116.75878400315503,-8.863431043984878,0],[116.75899033840696,-8.863303142125536,0],[116.75899065320584,-8.863302946954729,0],[116.75900397574796,-8.863294688338675,0],[116.75928897956163,-8.863118021611562,0],[116.75936699084207,-8.862974012634925,0],[116.75948798889024,-8.862803987790794,0],[116.7595252148911,-8.862785485599005,0],[116.75955736995064,-8.862769503720209,0],[116.75955825240688,-8.862769064696714,0],[116.75966097663658,-8.862718007940174,0],[116.76006598417165,-8.86252700256202,0],[116.7601499710814,-8.862417995374319,0],[116.7601923985559,-8.862356826278205,0],[116.7601925451151,-8.862356614717289,0],[116.76019261247795,-8.862356517073607,0],[116.76019285461825,-8.86235616899326,0],[116.7601929811507,-8.862355986363749,0],[116.76038379432585,-8.862280447481728,0],[116.76038459212117,-8.86228013141509,0],[116.76038467035404,-8.862280100711944,0],[116.76038501057678,-8.862279966158251,0],[116.76038923060179,-8.862276908911237,0],[116.76039019052523,-8.862276213959559,0],[116.76039769885698,-8.862270775440479,0],[116.7604940251329,-8.862200997359844,0],[116.76060425104964,-8.862109358048432,0],[116.760617363321,-8.86209845716929,0],[116.76061765905231,-8.862098211332372,0],[116.76061771910837,-8.862098161622864,0],[116.76065999685184,-8.862063013265614,0],[116.760871986881,-8.861967019563897,0],[116.76104003502967,-8.861865027907635,0],[116.76104000013018,-8.861864146894316,0],[116.76103973613195,-8.861857505826213,0],[116.76103973434577,-8.861857455172611,0],[116.76103796778688,-8.861813029122036,0],[116.76107403004717,-8.861712037589236,0],[116.76119097325697,-8.861547979315432,0],[116.76151903141808,-8.86113201716652,0],[116.76172396887465,-8.860922979342678,0],[116.76174026299253,-8.860920930158104,0],[116.76174196107317,-8.860920716871435,0],[116.76174539270652,-8.860920284893606,0],[116.76182701609247,-8.860910020966045,0],[116.76195595704586,-8.86088876751582,0],[116.76196454589308,-8.860887351999851,0],[116.76196502613368,-8.860887272708778,0],[116.76199096457957,-8.860882997324804,0],[116.76224401445441,-8.860725986385283,0],[116.76230942534917,-8.860658603194917,0],[116.76233423699922,-8.860633043988535,0],[116.7623347202374,-8.860632545006998,0],[116.7625070338871,-8.860455036154537,0],[116.76269149306775,-8.860378175955447,0],[116.76269317690759,-8.860377474220789,0],[116.7627032362808,-8.860373282779678,0],[116.76270329450116,-8.860373258394898,0],[116.76270401497692,-8.860372958555207,0],[116.7628890229194,-8.860249996714705,0],[116.76317265975636,-8.860020060425839,0],[116.76317398278042,-8.860018987612019,0],[116.76320602834522,-8.859993008710097,0],[116.76323415170712,-8.859959533469924,0],[116.76323498357647,-8.859958542655235,0],[116.76332197756747,-8.859854991695224,0],[116.76398785760632,-8.859259335000843,0],[116.7640615256577,-8.859193435565198,0],[116.76406196790029,-8.859193040573901,0],[116.76410142585318,-8.859150527327078,0],[116.76417981479979,-8.859066070328138,0],[116.7641886242829,-8.859056578541832,0],[116.76466996628157,-8.85853796870029,0],[116.76477482155767,-8.858426415569387,0],[116.76477802587732,-8.858423006682164,0],[116.76478317531924,-8.858415586617669,0],[116.76500500800033,-8.858095965038313,0],[116.76505736627172,-8.85804041405701,0],[116.76506271740182,-8.8580347371031,0],[116.76506296311791,-8.858034474949886,0],[116.76520101676445,-8.85788800317508,0],[116.76535899628887,-8.857694035428107,0],[116.76555696622053,-8.857468981187612,0],[116.7656189981956,-8.857327041127187,0],[116.76573037349836,-8.857195428881164,0],[116.76573095961683,-8.857194736394478,0],[116.76579332298057,-8.857121040788824,0],[116.76596601663503,-8.856916966850005,0],[116.76625500912637,-8.856716026353574,0],[116.7665479762419,-8.856514000884097,0],[116.76691302797191,-8.85628299258688,0],[116.76699507321091,-8.856197439157276,0],[116.76699514510382,-8.856197364127818,0],[116.76700238262197,-8.856189815985442,0],[116.76700617929286,-8.856185856600668,0],[116.76700681904767,-8.856185190375987,0],[116.76700697830415,-8.856185024045512,0],[116.7675459872758,-8.855749022369064,0],[116.76766414499629,-8.855673784526386,0],[116.76766506753462,-8.855673197168363,0],[116.76767040442833,-8.855669798623737,0],[116.76776902412692,-8.855607000990307,0],[116.76788503004397,-8.855494031052878,0],[116.76809064481242,-8.855020582050617,0],[116.76809128962267,-8.85501909815095,0],[116.76814024786967,-8.854906365158309,0],[116.7681499801338,-8.854883956550127,0],[116.76827898373058,-8.854612017119063,0],[116.7683542916061,-8.854387718362423,0],[116.76841915417776,-8.85419452913881,0],[116.76846801175857,-8.854049011195233,0],[116.76854258742247,-8.85371541648456,0],[116.7685820169899,-8.853539040788506,0],[116.76858973066896,-8.85336463178083,0],[116.76858973251213,-8.853364592888074,0],[116.76859064298019,-8.853344018582288,0],[116.76859502377935,-8.85324496307087,0],[116.76864901702517,-8.852884984629378,0],[116.76888615968757,-8.852164522236812,0],[116.76889572500932,-8.852135461739433,0],[116.76893410746554,-8.852018849877137,0],[116.76893576485693,-8.852013816401959,0],[116.7689360236256,-8.852013029638687,0],[116.76893606823667,-8.852012950973922,0],[116.76896885508195,-8.851954443132879,0],[116.76897435506207,-8.851944628984239,0],[116.76946896969201,-8.851062009853663,0],[116.76961083748957,-8.850855846450953,0],[116.76961102682111,-8.85085557159663,0],[116.76962042513891,-8.85084191295789,0],[116.76962059444563,-8.850841666131045,0],[116.76976897580388,-8.8506260373616,0],[116.76982367084723,-8.850537610883574,0],[116.7698279294165,-8.850530725663074,0],[116.76982841735828,-8.850529937230917,0],[116.76988097307523,-8.850444970080893,0],[116.7704359888298,-8.849692008236685,0],[116.77050680787899,-8.849469616502724,0],[116.77050682428109,-8.849469564051216,0],[116.77050791133655,-8.849466151098914,0],[116.77050796874224,-8.849465970232218,0],[116.77051017738579,-8.849462121089239,0],[116.77051021835408,-8.849462049658088,0],[116.77051025021802,-8.849461994502551,0],[116.77064708587992,-8.849223529353294,0],[116.77064797625462,-8.849221978664954,0],[116.77070860060132,-8.849103687865876,0],[116.77070886009992,-8.849103181499487,0],[116.77070952569024,-8.84910188393597,0],[116.77077200836894,-8.848979968084354,0],[116.77091098212374,-8.848707036894757,0],[116.77094407926742,-8.848635468832889,0],[116.77107700589939,-8.848348030061914,0],[116.77114100642042,-8.848049007580096,0],[116.77115149954521,-8.84783806880343,0],[116.77115228410813,-8.847822302777212,0],[116.77118606458414,-8.847143234833503,0],[116.77118702134521,-8.847124001926593,0],[116.77118731442378,-8.847114767062955,0],[116.77118890873695,-8.847064525243985,0],[116.77118908495723,-8.847058968949337,0],[116.77120101586421,-8.846682970701226,0],[116.77122903107811,-8.84442497898357,0],[116.77115297460634,-8.842875007173763,0],[116.77104103616713,-8.842359020894012,0],[116.77101782849454,-8.842230367332327,0],[116.77101537876067,-8.842216788239027,0],[116.77099701890994,-8.842115007005562,0],[116.77097198850241,-8.841950064297665,0],[116.77097196948428,-8.841949935845653,0],[116.77096639932306,-8.841913232860875,0],[116.7709259953222,-8.84164697565461,0],[116.77088033051213,-8.841541073057938,0],[116.77086823096688,-8.841513013193463,0],[116.77086801302329,-8.841512506534725,0],[116.77078499442865,-8.841319976082003,0],[116.770670990588,-8.840991002150043,0],[116.77057173881177,-8.840537795549814,0],[116.77056244190472,-8.840495343021116,0],[116.7705618769435,-8.840492764822228,0],[116.77052996259496,-8.840347035985182,0],[116.77042384433373,-8.839945143407151,0],[116.77042281458131,-8.839941241625443,0],[116.7704168256795,-8.83991856099067,0],[116.77033298204059,-8.83960102666655,0],[116.77011900689901,-8.839053960096756,0],[116.77002898812616,-8.83898698472264,0],[116.77002848152394,-8.838987094762071,0],[116.77002818774965,-8.838987157897563,0],[116.76997621692108,-8.838998427864098,0],[116.76997604593156,-8.83899846484409,0],[116.76995496600752,-8.839003035965415,0],[116.76988773904976,-8.839018839006185,0],[116.76983620692775,-8.839030953130068,0],[116.76983601774576,-8.839030997334909,0],[116.76960638631164,-8.839017247026385,0],[116.76959329421332,-8.839016462910743,0],[116.76956899785418,-8.839015007997743,0],[116.76953574434867,-8.83900996390881,0],[116.76953280545489,-8.839009518892272,0],[116.76930499214305,-8.83897496488653,0],[116.76924128160472,-8.83893846940674,0],[116.76924121069713,-8.838938428660157,0],[116.7692339590251,-8.838934275209807,0],[116.76916196685184,-8.838893035891912,0],[116.76901002556082,-8.838799976784113,0],[116.7688720142761,-8.838734962390966,0],[116.76882622532632,-8.838669226947212,0],[116.7688261699028,-8.838669147316171,0],[116.76881883037059,-8.838658610677944,0],[116.76880099034773,-8.838633000239478,0],[116.76878449279116,-8.838560395915387,0],[116.76878446195798,-8.838560257506362,0],[116.76878439121742,-8.838559949024885,0],[116.76876599188454,-8.838478972288481,0],[116.76867502169911,-8.83837500788944,0],[116.76859117950225,-8.838355421450196,0],[116.76859094127525,-8.838355366128049,0],[116.76858554934827,-8.838354106435817,0],[116.76858497469433,-8.838353972213655,0],[116.76813632822262,-8.838460240848041,0],[116.76813568427545,-8.83846039331194,0],[116.76813507216158,-8.838460538559463,0],[116.76773372921583,-8.838555601945957,0],[116.76760099596952,-8.838587041855531,0],[116.76745198794065,-8.838599971684983,0],[116.76745157876779,-8.838599883693732,0],[116.76745095591595,-8.838599749439936,0],[116.76700602331913,-8.838504017566075,0],[116.76690070627252,-8.838490947059583,0],[116.76690053531935,-8.838490926149566,0],[116.76686386681347,-8.838486375373629,0],[116.76686100880687,-8.838486020837589,0],[116.76671603611483,-8.8385230092245,0],[116.76663303726455,-8.838622976443474,0],[116.76663180019771,-8.838626325977355,0],[116.76660464028036,-8.838699879174927,0],[116.76660423035398,-8.838700988753118,0],[116.76655401522089,-8.838836980368114,0],[116.76634148289314,-8.83933075998539,0],[116.76634128890834,-8.839331209405785,0],[116.76634096377717,-8.839331965373194,0],[116.76615156506494,-8.83924309678848,0],[116.76614975499096,-8.839242247229325,0],[116.76608841066553,-8.839213463641537,0],[116.76567399761912,-8.83901901476116,0],[116.76561666413053,-8.838916332455401,0],[116.76561102043941,-8.838906224649966,0],[116.7656108887262,-8.838905988490602,0],[116.76559302839408,-8.838874001099583,0],[116.76554814734334,-8.838804350215684,0],[116.76554811736302,-8.838804303162432,0],[116.76554778303306,-8.838803784669341,0],[116.76553991083972,-8.838791567961799,0],[116.76545900761788,-8.838666013028908,0],[116.76544946817964,-8.838619803804876,0],[116.76544942556906,-8.838619596645515,0],[116.76544001940798,-8.838574029706406,0],[116.76549206502003,-8.838369790523071,0],[116.76549772093851,-8.838347596489735,0],[116.76549786771473,-8.838347021313412,0],[116.76551902726426,-8.838263986090306,0],[116.76554253455193,-8.838089365304224,0],[116.76554273373691,-8.83808788293747,0],[116.76555161931435,-8.838021881901675,0],[116.76561501063458,-8.837550984956211,0],[116.76572300895307,-8.837405998945345,0],[116.76576161204252,-8.837392589285002,0],[116.76577577893879,-8.837387668557046,0],[116.76577584442927,-8.837387645985201,0],[116.7658408456932,-8.83736506660522,0],[116.76584087207128,-8.837365057576596,0],[116.76584099031852,-8.83736501604298,0],[116.76586292365933,-8.837364045633052,0],[116.76609100384107,-8.837353958884934,0],[116.76624098438886,-8.8373440150725,0],[116.76631042494876,-8.837281531407957,0],[116.76631098727152,-8.837281026137473,0],[116.76631800144906,-8.837216010730563,0],[116.76635601205719,-8.836991036712007,0],[116.7664769649189,-8.83663399441355,0],[116.76655398957503,-8.836375044134064,0],[116.76660597391212,-8.834915042038585,0],[116.76665378756744,-8.834890571330403,0],[116.76665531309945,-8.83488979078299,0],[116.76665544864176,-8.83488972122006,0],[116.76668803608067,-8.83487304333618,0],[116.76689502774676,-8.834826959726726,0],[116.76695671963876,-8.834737137718772,0],[116.76695673966398,-8.834737107882384,0],[116.76697099459412,-8.83471635371445,0],[116.76699597735526,-8.834679978992865,0],[116.76705002940822,-8.834582977648836,0],[116.76714093079211,-8.834540805240259,0],[116.76718171678884,-8.834521883790053,0],[116.76718174407834,-8.834521871143842,0],[116.76718178137394,-8.834521853981315,0],[116.76718999369777,-8.834518043855955,0],[116.76729630576942,-8.834469637141805,0],[116.76729867812428,-8.834468556819747,0],[116.7677597424716,-8.834258619996582,0],[116.76828600862042,-8.83401899343998,0],[116.76851497211133,-8.833852014823943,0],[116.76870294618797,-8.833732624198587,0],[116.76870303898171,-8.833732565462656,0],[116.76871496481476,-8.833724990308317,0],[116.76873196065337,-8.833720025981972,0],[116.76873224807153,-8.83371994113524,0],[116.7687952152583,-8.83370154784553,0],[116.7689509900992,-8.83365604385704,0],[116.76895726982481,-8.833653889563955,0],[116.76916099612339,-8.833584007718516,0],[116.76933701831761,-8.833537001876492,0],[116.7693388503887,-8.833537542995577,0],[116.76933890676032,-8.83353755931143,0],[116.76951543570851,-8.833589684386824,0],[116.76951579939492,-8.833589792246995,0],[116.76959053701489,-8.833611860269254,0],[116.76966202510236,-8.833632969309729,0],[116.76989723151381,-8.833650889098555,0],[116.7698985882503,-8.833650992140452,0],[116.76989897017334,-8.833651021319062,0],[116.76994138408769,-8.833630063603648,0],[116.76994216184868,-8.833629679663858,0],[116.76998609580343,-8.83360797122756,0],[116.77007299217856,-8.833565034942984,0],[116.77030701734547,-8.833455030686512,0],[116.77038247917254,-8.833404573560266,0],[116.77039481642046,-8.833396323838494,0],[116.77039922147529,-8.83339337873607,0],[116.7704622022914,-8.833351267105092,0],[116.770463888075,-8.833350140212417,0],[116.77046402908805,-8.833350045325128,0],[116.77077498934621,-8.83299899516214,0],[116.7709745773198,-8.83280083666367,0],[116.77097873028231,-8.832796712823306,0],[116.77098074579702,-8.832794712372596,0],[116.7711929926108,-8.832583983358198,0],[116.77119413038444,-8.832583759733579,0],[116.7715390212312,-8.832516008638763,0],[116.77183297573985,-8.832500001322705,0],[116.77215199695293,-8.832451992952935,0],[116.77247899612027,-8.832354976445666,0],[116.77271698768295,-8.8322550131126,0],[116.77290387800326,-8.832167459331979,0],[116.77292006324414,-8.832159876668571,0],[116.77300096669661,-8.83212197599019,0],[116.77321501505853,-8.832058984180618,0],[116.77381596862772,-8.83191004304013,0],[116.77422298963218,-8.831792000840158,0],[116.77500762866072,-8.831725772683269,0],[116.77504000512732,-8.83172303967174,0],[116.77515051167909,-8.831726543054282,0],[116.77519724560013,-8.8317280246073,0],[116.77519764299105,-8.831728037508565,0],[116.77519985274019,-8.831728107575378,0],[116.7753836211213,-8.831733935049249,0],[116.77538598364349,-8.831734009728974,0],[116.77554098883685,-8.831718004014801,0],[116.77569052476328,-8.831699399925608,0],[116.77587957616961,-8.8316758798508,0],[116.77598299034891,-8.831663014345596,0],[116.77638702364862,-8.831522993807958,0],[116.77730909236604,-8.83139197480607,0],[116.77781161314562,-8.831320569448343,0],[116.77781380129609,-8.831320258687917,0],[116.77782811431084,-8.831318224778201,0],[116.77831318154693,-8.831249301240096,0],[116.77831376359852,-8.831249218368994,0],[116.77831500227714,-8.831249041816733,0],[116.77870601408323,-8.831297748985506,0],[116.77881486223737,-8.831311307563858,0],[116.77881880591873,-8.831311799228976,0],[116.77881923693216,-8.8313118528492,0],[116.77899702269414,-8.83133399872919,0],[116.77899838221938,-8.831333991389377,0],[116.77899900059924,-8.831333987231062,0],[116.77901323151461,-8.831333901543873,0],[116.77901372530911,-8.831333898216668,0],[116.77901419273167,-8.831333894873913,0],[116.77926733916439,-8.831332356067863,0],[116.78031303096039,-8.831326001438015,0],[116.78049800821506,-8.831222020395732,0],[116.7809249663889,-8.830986964128043,0],[116.78110800245449,-8.830867971282759,0],[116.78148651441703,-8.830503465041035,0],[116.7814869702733,-8.830503025714165,0],[116.78148699666279,-8.830502995880671,0],[116.78149785821986,-8.830490699047242,0],[116.78178996521088,-8.830160009758037,0],[116.78179860886738,-8.83010733696758,0],[116.7817995607562,-8.83010153508295,0],[116.78180900388352,-8.830043994678595,0],[116.78182102921598,-8.829920626367652,0],[116.78182211336443,-8.829909499703398,0],[116.7818350307158,-8.829776961976725,0],[116.78184838978035,-8.829609223649216,0],[116.78184844566194,-8.829608526303698,0],[116.78184896968878,-8.82960194900406,0],[116.78186298194125,-8.829426008947705,0],[116.78181499025027,-8.829045984196991,0],[116.78180111541317,-8.828946306247273,0],[116.78180110273404,-8.828946217597816,0],[116.78168902123288,-8.828141040774605,0],[116.78166623083976,-8.828077188029262,0],[116.78157984021873,-8.827835147579695,0],[116.78157981843056,-8.827835085155751,0],[116.78156916725314,-8.827805244563203,0],[116.78151197303912,-8.827645004267856,0],[116.78155261603267,-8.827325627860265,0],[116.78155291021032,-8.827323314292,0],[116.7815529156926,-8.827323269974137,0],[116.7815547008486,-8.82730924566342,0],[116.78155498771616,-8.827306991788628,0],[116.78155513873891,-8.827306877003595,0],[116.78155515966395,-8.827306860734586,0],[116.7815596912629,-8.827303404521125,0],[116.78156069929591,-8.827302635368751,0],[116.78165198722058,-8.827232985043421,0],[116.78178299514755,-8.827217958602828,0],[116.78178331881307,-8.827218077281948,0],[116.78178348064554,-8.82721813707376,0],[116.7819030214101,-8.827261978555656,0],[116.78204796931543,-8.827385956351407,0],[116.78239296541244,-8.827760519209637,0],[116.78239300721694,-8.827760564459435,0],[116.78239338800111,-8.827760977137268,0],[116.78240999162779,-8.827779003720446,0],[116.78241954856783,-8.8278000997471,0],[116.78257399825137,-8.828141010858785,0],[116.78274901307185,-8.828269978810015,0],[116.78284753827973,-8.828286585666584,0],[116.78286097928112,-8.828288851102661,0],[116.78286753792976,-8.828289956591568,0],[116.78286760521632,-8.828289968389134,0],[116.78286800257335,-8.828290033743803,0],[116.78293365409472,-8.82828473238867,0],[116.7829388141109,-8.828284315679673,0],[116.78293906056207,-8.828284295922954,0],[116.7832647417729,-8.828257999137447,0],[116.78326499367972,-8.828257980288175,0],[116.78338202812407,-8.828161011890659,0],[116.78344232481197,-8.828129937831273,0],[116.78344904708321,-8.828126473813805,0],[116.78348298772983,-8.828108982057458,0],[116.78352155191236,-8.828092539484102,0],[116.78352308003555,-8.828091887308354,0],[116.7835231082329,-8.828091875565976,0],[116.78361897064286,-8.828051001710111,0],[116.78405300406202,-8.827761958226802,0],[116.78421202575977,-8.827541031448717,0],[116.78433396329083,-8.827391978371374,0],[116.78454003632082,-8.827239987761336,0],[116.78463861503157,-8.827162452637477,0],[116.78463863868618,-8.827162433656312,0],[116.78466284802607,-8.827143392205029,0],[116.78478797415472,-8.827044978056636,0],[116.78480156232442,-8.826992519666968,0],[116.7848019724572,-8.826990937007261,0],[116.78482397290583,-8.82690600334138,0],[116.78490001870705,-8.826757012398616,0],[116.78533401274679,-8.825881964244893,0],[116.7853108033719,-8.825818407237366,0],[116.7853078299061,-8.825810265838747,0],[116.78528400314849,-8.825745018849153,0],[116.78515925023177,-8.825463305237639,0],[116.78515921118036,-8.825463216573175,0],[116.78515675546552,-8.825457672321921,0],[116.7851560207494,-8.825456013027539,0],[116.78501298988822,-8.825127028185895,0],[116.78493597199937,-8.824883989794465,0],[116.78497403559213,-8.824543985841101,0],[116.78505798991304,-8.823815959150863,0],[116.78504988753363,-8.823726330990981,0],[116.78504902010259,-8.823716730009362,0],[116.78504100175991,-8.823628030830344,0],[116.78496203291046,-8.823540095139771,0],[116.78493576661532,-8.823510847190592,0],[116.78493500415496,-8.823509996513113,0],[116.78493496689478,-8.82350995578876,0],[116.78472402044763,-8.823280043773526,0],[116.78464800560377,-8.823245003735869,0],[116.78464624930336,-8.823245569857423,0],[116.78432498819915,-8.823348996377359,0],[116.78432480180838,-8.8233489483312,0],[116.78432476816681,-8.823348940171275,0],[116.7842671587618,-8.823334288366343,0],[116.78424970891687,-8.823329849853364,0],[116.78397898633992,-8.823260988435386,0],[116.7839202227563,-8.823188878632232,0],[116.78387303434336,-8.823130973598337,0],[116.78384171608472,-8.823052724376659,0],[116.78382952203623,-8.823022255220588,0],[116.78379299165789,-8.822930981647517,0],[116.78380286857465,-8.82287719694092,0],[116.78380366222953,-8.822872877451008,0],[116.78381796628258,-8.822794986443418,0],[116.78402602795403,-8.822441964964597,0],[116.78402659281807,-8.822441701172075,0],[116.78402680566536,-8.82244160179821,0],[116.78413399886308,-8.822391495598046,0],[116.78413500943205,-8.822391024928395,0],[116.78419300767862,-8.822384121560221,0],[116.78431198433222,-8.822369963748868,0],[116.7844138181465,-8.82227054042051,0],[116.7844144687052,-8.822269904922328,0],[116.78443744206253,-8.822247475368261,0],[116.78456497421855,-8.822122958408999,0],[116.78458099970847,-8.822029006035994,0],[116.78462801885847,-8.821504976181378,0],[116.78468770789081,-8.821385875371146,0],[116.78469497657967,-8.821371372076202,0],[116.7848469998361,-8.821068038957005,0],[116.78594402907514,-8.819089003406003,0],[116.78598098983558,-8.818838977606495,0],[116.78599519447641,-8.818806309304543,0],[116.7859953501806,-8.818805952111068,0],[116.78599722956378,-8.81880162961516,0],[116.78603099471269,-8.818723974799525,0],[116.7860575697627,-8.818665056466234,0],[116.78609999312826,-8.818571002347026,0],[116.7861379822661,-8.818097970620038,0],[116.7860637880762,-8.81804055791239,0],[116.78580198121796,-8.81783796635126,0],[116.78575901735205,-8.817706993871312,0],[116.78575907860551,-8.81770642587281,0],[116.78575909506233,-8.81770627211517,0],[116.78576110619593,-8.817687923430261,0],[116.78576121589174,-8.817686926720773,0],[116.78576124605964,-8.81768664995735,0],[116.78576126068525,-8.817686517906948,0],[116.78579497269463,-8.81737901576272,0],[116.78591903081556,-8.817185017107406,0],[116.78655197089483,-8.816780960830542,0],[116.7866589657583,-8.816661019083568,0],[116.78666026085419,-8.816657515739546,0],[116.78666897133353,-8.81663394638967,0],[116.7866692591321,-8.81663316867277,0],[116.78666931468815,-8.816633018555327,0],[116.78676800967433,-8.81636599842002,0],[116.78676168269172,-8.816246685180674,0],[116.78676166739422,-8.816246403868764,0],[116.78676074618325,-8.816229043952577,0],[116.78675703077458,-8.816158990106661,0],[116.78674184738583,-8.816078314400976,0],[116.78674125176467,-8.816075147366616,0],[116.786728998449,-8.816010032737688,0],[116.78671132175998,-8.815973569969685,0],[116.7867039130284,-8.815958287653489,0],[116.78664901104959,-8.815845037823838,0],[116.78672573367803,-8.815707610019714,0],[116.78673076932421,-8.8156985894656,0],[116.78673088674947,-8.81569837968545,0],[116.78673092407081,-8.81569831277274,0],[116.78686901190665,-8.815450964559712,0],[116.78694499702478,-8.815272042701832,0],[116.78694620654318,-8.815133781489244,0],[116.78694623863035,-8.815130152605196,0],[116.78694700240331,-8.815042977073698,0],[116.78692270370223,-8.814946600206628,0],[116.78692262023223,-8.814946270012426,0],[116.78691930050645,-8.814933101148911,0],[116.78691902287957,-8.814932000200388,0],[116.78691465116069,-8.814928158973046,0],[116.78688000006174,-8.81489771968384,0],[116.78687995370882,-8.814897678954521,0],[116.78669703599363,-8.814736990847104,0],[116.78661966598945,-8.814676521913285,0],[116.78661959691091,-8.814676467603341,0],[116.78657443669785,-8.814641172327402,0],[116.78650898917084,-8.814590021187326,0],[116.78647260308767,-8.814545383655416,0],[116.78645799940564,-8.814527467830493,0],[116.78645785492226,-8.81452729136857,0],[116.78634998799684,-8.81439495785553,0],[116.78631399754825,-8.814286950421023,0],[116.78631387409148,-8.814286579500903,0],[116.7863117644292,-8.814280248526488,0],[116.78630200679063,-8.814250962116192,0],[116.78631802316846,-8.81417301766052,0],[116.78639717410796,-8.814074092746049,0],[116.78639793940997,-8.814073135302646,0],[116.78647402273332,-8.813978042854014,0],[116.78655100756164,-8.81388702120473,0],[116.78655115851453,-8.813887015863362,0],[116.78655213606936,-8.813886983855983,0],[116.78662170432739,-8.813884705990171,0],[116.78670238215535,-8.813882062660664,0],[116.78670299960586,-8.81388204311174,0],[116.7867030723491,-8.813882049484603,0],[116.78675023995986,-8.813886215291463,0],[116.7867502726944,-8.81388621802358,0],[116.78678988137645,-8.813889716530126,0],[116.7868039962885,-8.813890963716858,0],[116.78692598824553,-8.813898989874577,0],[116.78692602096194,-8.813899024264584,0],[116.78692604277202,-8.813899048698769,0],[116.78704701125801,-8.814027020680161,0],[116.78712364936287,-8.814155496661954,0],[116.7872051614392,-8.814292144036136,0],[116.78720517597465,-8.8142921684662,0],[116.78720541580982,-8.81429257020532,0],[116.78731601523141,-8.814477981794646,0],[116.78738146288107,-8.814516359277142,0],[116.78740485230398,-8.814530074055085,0],[116.78748999236363,-8.814579996993963,0],[116.78763403087903,-8.814847036997705,0],[116.7878619750469,-8.815116021073711,0],[116.7879259647716,-8.815195005710784,0],[116.78794148679742,-8.815226006670052,0],[116.78794218165132,-8.815227393679072,0],[116.78797202674774,-8.815287000675864,0],[116.78799784138751,-8.815318371957177,0],[116.78806501599355,-8.815400004969936,0],[116.78808387073197,-8.815525222684318,0],[116.78808707041502,-8.81554646876328,0],[116.78809302768833,-8.815586040002348,0],[116.78809242520683,-8.815614042451674,0],[116.78809205439529,-8.815631246062056,0],[116.78808902339323,-8.815771969243832,0],[116.78808601611692,-8.815946049937677,0],[116.788086003879,-8.81594678077652,0],[116.7880859991823,-8.815947043986869,0],[116.78816598664935,-8.816243979780642,0],[116.78822198940537,-8.816394040040363,0],[116.78822906881793,-8.816440024898789,0],[116.78823137637691,-8.816455013963433,0],[116.78825000355896,-8.816576006561112,0],[116.78827454043261,-8.81676112515299,0],[116.7882746300713,-8.816761803587518,0],[116.78827644097662,-8.81677546907083,0],[116.78828300370208,-8.816824986660462,0],[116.7883820149219,-8.8170309582063,0],[116.78847200911433,-8.817269027590925,0],[116.78851477570376,-8.817393526985752,0],[116.78852344559148,-8.817418766845318,0],[116.78856198984187,-8.817530970635746,0],[116.78867070451987,-8.817597051217474,0],[116.7886739761235,-8.817599040270236,0],[116.78878824080128,-8.817656724641349,0],[116.78878832080055,-8.817656765389355,0],[116.78898296774241,-8.817755028771545,0],[116.78905932379594,-8.817818958230879,0],[116.7890763732098,-8.817833232860435,0],[116.78918000491572,-8.81791999934793,0],[116.78929052860644,-8.818054899661195,0],[116.78929056404634,-8.818054943097659,0],[116.7892913091951,-8.81805585255007,0],[116.7893659849293,-8.81814699867743,0],[116.78944869067146,-8.818218106208388,0],[116.78944971500675,-8.818218986872571,0],[116.78944974227383,-8.81821901040516,0],[116.78945013037585,-8.81821934438757,0],[116.78952996855575,-8.818287986403494,0],[116.78965902532619,-8.81840299682316,0],[116.78982802089858,-8.818565962347606,0],[116.78985729440184,-8.81872078685731,0],[116.78986300803162,-8.818751007085716,0],[116.7898736590116,-8.818777130826854,0],[116.78992703016958,-8.818908033609775,0],[116.78999916990625,-8.819026806515934,0],[116.79000974398461,-8.819044216141572,0],[116.79014203315865,-8.81926201695104,0],[116.79015902957892,-8.819438009203592,0],[116.79019102626228,-8.819741972951189,0],[116.79027498593292,-8.81991402182981,0],[116.79031831682695,-8.819942488396508,0],[116.79032955769921,-8.819949872774629,0],[116.79038299775232,-8.819984981380394,0],[116.79057600592894,-8.820117030188971,0],[116.79087202189571,-8.820418970143491,0],[116.79126065306005,-8.820535037096807,0],[116.79168898382352,-8.820662959400831,0],[116.79191030292367,-8.82072822954563,0],[116.79206901435535,-8.820775036382782,0],[116.79229823806787,-8.820919368647822,0],[116.7922984335101,-8.82091949176952,0],[116.79234904670334,-8.820951360384962,0],[116.79234910942648,-8.820951400218163,0],[116.79236599564321,-8.820962033046495,0],[116.79237973174847,-8.820963097109056,0],[116.79250703396491,-8.820972964220276,0],[116.79260460077701,-8.820996669283181,0],[116.792646597235,-8.821006872751353,0],[116.79267602539849,-8.821014021977058,0],[116.79277427694073,-8.821052469111844,0],[116.79281553715792,-8.821068614799445,0],[116.79300303422166,-8.821141983647935,0],[116.79424598388674,-8.821518958066148,0],[116.79428358829908,-8.821591525058103,0],[116.79428787678579,-8.82159980007468,0],[116.79428789586223,-8.8215998362656,0],[116.79430298595801,-8.821628956252399,0],[116.79443898888377,-8.821931979856881,0],[116.7946659917109,-8.82229202658259,0],[116.79500855850577,-8.822774827004787,0],[116.79501458741173,-8.822783323664156,0],[116.7950146510174,-8.82278341324557,0],[116.79523003533228,-8.823086969229166,0],[116.7953069832665,-8.823197971295315,0],[116.79544398883576,-8.823452976350296,0],[116.795544152447,-8.823607728696294,0],[116.79555435498226,-8.8236234917561,0],[116.79559997429119,-8.823693972654624,0],[116.79566703099077,-8.823927960295237,0],[116.79568914409957,-8.824101275032596,0],[116.79569254590695,-8.82412794099492,0],[116.79571003666578,-8.824265026601909,0],[116.79572837012569,-8.824749930112846,0],[116.79573513291194,-8.824928808284255,0],[116.79573518848174,-8.824930282669095,0],[116.79573519117453,-8.824930346890923,0],[116.79573797517595,-8.825003968449067,0],[116.79581896497868,-8.825127994869797,0],[116.79602701666246,-8.825320005609765,0],[116.79616301969949,-8.825355982268192,0],[116.7963769739693,-8.825372903294939,0],[116.79642898011188,-8.82537701717745,0],[116.79642982842515,-8.825377243765425,0],[116.79691900833566,-8.825509042827404,0],[116.79692078522149,-8.825509068210351,0],[116.7975719713789,-8.825517985603604,0],[116.7976299791881,-8.825515756499353,0],[116.79763005830434,-8.825515753828466,0],[116.79766807784522,-8.825514292728752,0],[116.79775298797044,-8.825511029772963,0],[116.79806969853058,-8.825485118639552,0],[116.79814180621753,-8.825479219292903,0],[116.79814502733181,-8.825478956907185,0],[116.79865403607164,-8.825051671841933,0],[116.7986559811777,-8.825050038431485,0],[116.79870553127218,-8.824916253274733,0],[116.79870898372148,-8.824906932318408,0],[116.798756006598,-8.824779967629366,0],[116.79876609073376,-8.824729231708206,0],[116.798789864439,-8.824609629040156,0],[116.79878988541216,-8.824609522318967,0],[116.7987899930119,-8.824608977860269,0],[116.79877244479651,-8.824562405071891,0],[116.79874401805925,-8.824486959849118,0],[116.79874053166124,-8.824478384109117,0],[116.7986420253374,-8.82423604322686,0],[116.79865979450454,-8.823837947070771,0],[116.79866001543544,-8.823832994080174,0],[116.79867076289594,-8.823796593224522,0],[116.79872702372467,-8.823606042651612,0],[116.79866176810549,-8.82318129483948,0],[116.79856002333084,-8.82251904230856,0],[116.79856960121072,-8.822484531256062,0],[116.79857122485802,-8.822478680836758,0],[116.79857135879494,-8.822478198803543,0],[116.79857192916685,-8.822476144057475,0],[116.79860998463913,-8.822339017786359,0],[116.79862055473393,-8.822329462758887,0],[116.79871396421585,-8.822245023240704,0],[116.79882877086341,-8.822219310673107,0],[116.79882902369553,-8.822219253824251,0],[116.79882997863646,-8.822219039966312,0],[116.79892545090799,-8.82225814069806,0],[116.79895035178025,-8.82226833883739,0],[116.79895202644569,-8.822269024449682,0],[116.79900552645368,-8.822321543744568,0],[116.79903090769808,-8.82234645855148,0],[116.79911600387447,-8.822429992374529,0],[116.79924500944465,-8.822648003602454,0],[116.79943703062195,-8.82295096587213,0],[116.79953153291814,-8.823030410803808,0],[116.79953256184605,-8.82303127606684,0],[116.79953262729062,-8.823031330372523,0],[116.79953710930815,-8.823035099154351,0],[116.79963100174425,-8.82311402997303,0],[116.79971078665494,-8.82319419966299,0],[116.79972235290285,-8.823205820674374,0],[116.79972237380643,-8.823205842393817,0],[116.79972239380112,-8.82320586320826,0],[116.7998329757422,-8.823316978190608,0],[116.7999525223954,-8.823437907353094,0],[116.79996025047754,-8.823445724647346,0],[116.80000399689952,-8.823489976792102,0],[116.80008179693037,-8.823568282957128,0],[116.8000907174739,-8.823577262277443,0],[116.80009212167609,-8.823578674968706,0],[116.8001540347173,-8.823640989928528,0],[116.80019470454539,-8.823704347332828,0],[116.80020464462795,-8.823719831541164,0],[116.80031901196436,-8.823897997183527,0],[116.80030136311213,-8.823968984779897,0],[116.80030055658328,-8.823972228836693,0],[116.800281965404,-8.824047010359774,0],[116.80022881210675,-8.824130223449702,0],[116.80022725032671,-8.824132668420122,0],[116.80018102581427,-8.8242050337544,0],[116.80004497933975,-8.824389986560192,0],[116.79995996909102,-8.82462696510696,0],[116.8000129957768,-8.824742023797883,0],[116.8000556327565,-8.824779841550278,0],[116.80008232075235,-8.824803513279546,0],[116.80014603038252,-8.824860018610748,0],[116.80045337189848,-8.825001886588122,0],[116.80048397805609,-8.825016015053643,0],[116.80099703660494,-8.825271035989052,0],[116.80106268569867,-8.82529608868521,0],[116.80106274297702,-8.825296110423869,0],[116.8011619698906,-8.825333975219438,0],[116.80183501022941,-8.825378009956577,0],[116.80207174978725,-8.8253046866223,0],[116.80207205902235,-8.825304590907004,0],[116.80207402630369,-8.82530398139824,0],[116.8021990571058,-8.82535449013465,0],[116.80220071906793,-8.825355161253892,0],[116.8022300361511,-8.825367005006038,0],[116.80227970943164,-8.825400954904474,0],[116.80228116025054,-8.825401947014049,0],[116.80228336011419,-8.825403450567578,0],[116.80228338738551,-8.825403468672173,0],[116.8025079790176,-8.825556968658558,0],[116.80255152727709,-8.825653433385517,0],[116.80255810697625,-8.825668008539997,0],[116.80258699535106,-8.825731998081645,0],[116.80263648424558,-8.825820461892555,0],[116.8026404480461,-8.825827547212583,0],[116.80266700269675,-8.825875014603053,0],[116.80289702698435,-8.826072007981319,0],[116.80297067121668,-8.826095896820636,0],[116.80298743887793,-8.826101336312542,0],[116.80298752798052,-8.826101365303698,0],[116.80304502191541,-8.826120014857938,0],[116.80304591584029,-8.826119982764459,0],[116.80304682977216,-8.82611994887246,0],[116.80352598478683,-8.826102000247559,0],[116.80385398728168,-8.826068981583836,0],[116.80416285816783,-8.825969258428739,0],[116.80419500884605,-8.825958877827995,0],[116.80445801877141,-8.825873961794795,0],[116.80458875806201,-8.825841764098836,0],[116.80458881717843,-8.825841749657416,0],[116.80465368341623,-8.825825774448406,0],[116.80485998988445,-8.8257749667306,0],[116.80501064645235,-8.825754124538053,0],[116.80512290859362,-8.82573859445846,0],[116.8051230786574,-8.825738571029396,0],[116.80512321780084,-8.825738551202345,0],[116.8051314463438,-8.825737413074151,0],[116.80535102692647,-8.825707035865864,0],[116.80548567347466,-8.825647357171826,0],[116.80548574896956,-8.825647323743981,0],[116.80556326676624,-8.825612967095596,0],[116.80574598892096,-8.825531982081953,0],[116.80637502586494,-8.825265981430498,0],[116.80661817275707,-8.82522595090778,0],[116.80668501590813,-8.825214945753627,0],[116.80681199960411,-8.825194040893114,0],[116.80692497618026,-8.825099958238619,0],[116.80701787879921,-8.825003504453434,0],[116.80702360087899,-8.824997563841961,0],[116.8072109718239,-8.824803033398828,0],[116.80731950516235,-8.824743757602668,0],[116.80734223114784,-8.824731345782793,0],[116.80753702290946,-8.824624958308243,0],[116.80786896399822,-8.824512990441388,0],[116.80804209708613,-8.824436735405536,0],[116.80804227536194,-8.824436656804085,0],[116.80804240815931,-8.824436598078647,0],[116.80809599366623,-8.824412996883298,0],[116.80809622930711,-8.824412772684589,0],[116.80823298265936,-8.82428302598094,0],[116.80832769739047,-8.82417718936649,0],[116.80834705159917,-8.824155562396166,0],[116.80834769761879,-8.824154840924722,0],[116.8083477203659,-8.82415481560997,0],[116.80834774038352,-8.824154793007374,0],[116.80841199932381,-8.824082989397304,0],[116.80873200901922,-8.823839976992128,0],[116.80911394743764,-8.823528283567603,0],[116.80927518922957,-8.823396697373312,0],[116.81038498243174,-8.822491016145593,0],[116.81056603200211,-8.822269998418504,0],[116.81088002070585,-8.821916021742187,0],[116.81094921763882,-8.821827833096078,0],[116.81099065024698,-8.821775030390203,0],[116.81116799693086,-8.821549007625226,0],[116.81129608473181,-8.821397755111633,0],[116.81129613477623,-8.821397696343428,0],[116.8113014085659,-8.8213914678027,0],[116.81140598897096,-8.82126797198807,0],[116.81166465759794,-8.820882789164157,0],[116.81172896383849,-8.820787031657922,0],[116.81173801665616,-8.820686118767522,0],[116.81174442377007,-8.82061469529469,0],[116.81174502643516,-8.820607981396162,0],[116.81174468873513,-8.820597860630114,0],[116.8117439918428,-8.820576963315272,0],[116.81174837561643,-8.820573810570561,0],[116.81174869855474,-8.820573578272544,0],[116.81176770460621,-8.82055991608151,0],[116.81179402543388,-8.820540995097257,0],[116.8118755156404,-8.820423670820505,0],[116.81187596700885,-8.820423020701629,0],[116.81188886511252,-8.820398198276283,0],[116.81188887876608,-8.820398172052235,0],[116.81188890516206,-8.820398123221745,0],[116.8118898281413,-8.820396355360838,0],[116.81189123628238,-8.82039364614473,0],[116.81190279814882,-8.820371400912027,0],[116.81319000008303,-8.821099999926588,0],[116.81409999966345,-8.821449999599066,0],[116.81594999888713,-8.82244999977353,0],[116.8169700013031,-8.822950001203713,0],[116.8180199996381,-8.823330000910486,0],[116.81815399958609,-8.823365000836931,0],[116.818590000273,-8.823479999871598,0],[116.81911999978944,-8.823620000119357,0],[116.81977999970299,-8.823780001130272,0],[116.82048000003671,-8.824110000784646,0],[116.82126999993814,-8.824460000994055,0],[116.82180999984863,-8.824840001298533,0],[116.82245999890544,-8.82521000101365,0],[116.82295999997937,-8.825670001265989,0],[116.82333999997829,-8.82609999959606,0],[116.82374000026662,-8.826410000628092,0],[116.82424000042504,-8.826700000440171,0],[116.8246700000803,-8.8270299997663,0],[116.8251000000528,-8.827219999834485,0],[116.82555000014126,-8.82760000084837,0],[116.82593000037708,-8.827850000249374,0],[116.82654999997823,-8.828039999912098,0],[116.82712000000417,-8.828159999660429,0],[116.82778000029491,-8.828470001252041,0],[116.82863999878701,-8.82889999989714,0],[116.82926000012411,-8.829200001158947,0],[116.82978999976417,-8.82947000039971,0],[116.83028000009608,-8.829829999808071,0],[116.83038908715136,-8.829883854114643,0],[116.83106999985132,-8.830219999891924,0],[116.83166999996489,-8.830509999679851,0],[116.83230999998744,-8.830760000719563,0],[116.83294000129459,-8.831000001353429,0],[116.83346000027119,-8.831259999770909,0],[116.8344200000352,-8.831649999565927,0],[116.83502999956643,-8.831880001168157,0],[116.83562999993583,-8.832080000118413,0],[116.83625999998837,-8.83230000096469,0],[116.83693999995076,-8.832419999568025,0],[116.8379700013519,-8.832580001148926,0],[116.83870000021379,-8.832690000681001,0],[116.83912999867124,-8.832750000811915,0],[116.8397400002909,-8.832740000186613,0],[116.84070000109872,-8.832680001106473,0],[116.84164000008664,-8.832698000015316,0],[116.8417199996517,-8.832700001094222,0],[116.84263000030099,-8.832580001269672,0],[116.84403999976382,-8.832400001158462,0],[116.84499000027088,-8.832259999835534,0],[116.8459200000234,-8.832119999639024,0],[116.846630000058,-8.831890001266377,0],[116.84718000027388,-8.83180000131594,0],[116.8477600012217,-8.831720001278779,0],[116.84882000030474,-8.831540001018286,0],[116.84959999983197,-8.8313999999144,0],[116.84966000036964,-8.831390001038342,0],[116.85003000037062,-8.831329999816358,0],[116.85065999992032,-8.831219999850463,0],[116.85148999975705,-8.831149999678203,0],[116.85198999960247,-8.831150000965945,0],[116.85249999977204,-8.831290000826431,0],[116.85301000001445,-8.831440000309867,0],[116.8536999999608,-8.831660000962291,0],[116.85436999976277,-8.831879999829626,0],[116.8550700000471,-8.832100000055686,0],[116.85565000029116,-8.832259999807318,0],[116.85619999901822,-8.832480000800054,0],[116.8567199998183,-8.832690000984993,0],[116.85773000024963,-8.833319999816627,0],[116.85841999872996,-8.833830000010343,0],[116.85900999991736,-8.834170000391797,0],[116.85957000021044,-8.834530001007282,0],[116.85996999954901,-8.834700001192136,0],[116.86042000010109,-8.834959999763456,0],[116.8607399998565,-8.835160000140508,0],[116.86140000023948,-8.835420001294802,0],[116.8622199998859,-8.835719999856924,0],[116.86281999997762,-8.835919999936346,0],[116.8634000011974,-8.836149999953708,0],[116.8640699998073,-8.836300001171157,0],[116.86470000012329,-8.836470000058458,0],[116.8652399999777,-8.836659999655112,0],[116.86619000003672,-8.836919999770233,0],[116.86656980945224,-8.836866786839929,0],[116.86985059981855,-8.837590802742858,0],[116.87601018116177,-8.840340753850093,0],[116.88185980783511,-8.841630783690109,0],[116.88406068678673,-8.842167091285903,0],[116.88406123693773,-8.842167225324303,0],[116.8840676659746,-8.842168793028554,0],[116.8871094722649,-8.842910805293826,0],[116.88710771344795,-8.842922798632888,0],[116.88648942856207,-8.847140541130107,0],[116.88665936714835,-8.849960374710511,0],[116.88648934211707,-8.851880257650958,0],[116.88794921067652,-8.854290140561016,0],[116.89003903089497,-8.85727000221227,0],[116.89153890636993,-8.859159915414748,0],[116.89284881268449,-8.859959892676214,0],[116.8947586830837,-8.86079987764193,0],[116.89534860009162,-8.863389734592404,0],[116.89202873662202,-8.866669477674565,0],[116.88866888121339,-8.869809227203346,0],[116.88678895599759,-8.871819073238145,0],[116.8851790281298,-8.873108966263993,0],[116.88423906982351,-8.873808907008305,0],[116.88347910438303,-8.874458853891795,0],[116.8832090909391,-8.876068751703437,0],[116.88266908828004,-8.877938630022847,0],[116.88261903922881,-8.88074846164602,0],[116.8822090337153,-8.882358357437644,0],[116.8813590788063,-8.882678323707697,0],[116.88032913503478,-8.882908290092404,0],[116.87912918125413,-8.884358181902023,0],[116.87714923688742,-8.887717945089133,0],[116.87612925706533,-8.889947791635695,0],[116.87584924512812,-8.891477695592721,0],[116.87517927942298,-8.89180766405341,0],[116.87383934987963,-8.89229760960645,0],[116.87341935575165,-8.893317540744881,0],[116.87269936207088,-8.89533740560627,0],[116.87280929980211,-8.898307231744681,0],[116.8729992422385,-8.90092707935674,0],[116.87280920491678,-8.903466923103988,0],[116.8722891603437,-8.907576668964257,0],[116.8714291561581,-8.910556475245329,0],[116.8716490699195,-8.914516241388364,0],[116.8719790149434,-8.91645613327581,0],[116.87405886539631,-8.917786092288905,0],[116.8770586651186,-8.918996075127469,0],[116.87950847982387,-8.92107599559404,0],[116.88222828373351,-8.922825942336242,0],[116.88525809419124,-8.923335967443684,0],[116.88729797530097,-8.923176014990029,0],[116.88823793833761,-8.922166092052883,0],[116.8898778355746,-8.922426106846414,0],[116.89172773157418,-8.921996167437964,0],[116.89398761206121,-8.921256253176917,0],[116.8954975322211,-8.92066631533911,0],[116.89723743688083,-8.920206376190375,0],[116.89775744163714,-8.918236503284962,0],[116.89915739723324,-8.916176652213434,0],[116.89973741562471,-8.913246838215228,0],[116.90013744126294,-8.910607001759251,0],[116.90108739031882,-8.910257041140405,0],[116.90271729531925,-8.910197074875192,0],[116.90434719765867,-8.910107109645525,0],[116.90541715534088,-8.909047192624001,0],[116.90678710595773,-8.907257324754834,0],[116.90863700425376,-8.906767389443187,0],[116.91039690771872,-8.906307449416087,0],[116.91169683616373,-8.906047489344374,0],[116.9129867930619,-8.904167625181955,0],[116.91368679225978,-8.901997767890135,0],[116.91433678025226,-8.900477869605831,0],[116.91460679582462,-8.89876797696256,0],[116.91647672219078,-8.896718133872252,0],[116.91882659993372,-8.89566824117211,0],[116.92106649199063,-8.894278365122522,0],[116.92290642818517,-8.891848543305821,0],[116.9234064315828,-8.8899686646311,0],[116.92539632405722,-8.889438733672813,0],[116.92696623829679,-8.889018788425293,0],[116.92850614380474,-8.889128809830027,0],[116.92999607499976,-8.888028903429253,0],[116.93044607955142,-8.886329013442637,0],[116.93026611814439,-8.884829099372816,0],[116.93173604337154,-8.884149167649035,0],[116.93410590073981,-8.884119212055948,0],[116.93615578371411,-8.883909262633155,0],[116.93764568543293,-8.884409261434852,0],[116.93931559695832,-8.883799328927811,0],[116.940775547965,-8.88171948006026,0],[116.9423354787507,-8.880419585329323,0],[116.94378542805629,-8.878509726988982,0],[116.94533535724935,-8.877309827312216,0],[116.94679529775203,-8.875759946080246,0],[116.94717531587602,-8.87358008412742,0],[116.94773530827382,-8.872240173869177,0],[116.94944524105841,-8.870320320186101,0],[116.95072519810631,-8.868500452161816,0],[116.95222513836362,-8.86689057733672,0],[116.95231136084716,-8.866784887602728,0],[116.95231146545252,-8.866784762792964,0],[116.95231813475388,-8.866776585921619,0],[116.95334509716216,-8.865510679058215,0],[116.95627496326169,-8.863270867906458,0],[116.95827486817471,-8.8619809823502,0],[116.96225469917806,-8.858251277595127,0],[116.9678344545829,-8.853431668860095,0],[116.97160427789703,-8.85082189483879,0],[116.97647402239274,-8.84892209796912,0],[116.98073379405794,-8.847512260913486,0],[116.98388363545428,-8.845942414229432,0],[116.98853342030976,-8.842532703441307,0],[116.99265321008289,-8.840582894882296,0],[116.99674298931124,-8.839323046720509,0],[117.00051277521264,-8.838783148065998,0],[117.00388260642734,-8.836973319287553,0],[117.00738244158227,-8.834513531261376,0],[117.01102225663864,-8.832783701316105,0],[117.01260217987684,-8.831893783050651,0],[117.01504204278542,-8.831383858426644,0],[117.01753189295934,-8.831483899395446,0],[117.02004173171348,-8.832103908886008,0],[117.0216616298595,-8.832323924959683,0],[117.02408147971876,-8.832633950826407,0],[117.02622137329716,-8.831484060276198,0],[117.0277913036049,-8.830164167182748,0],[117.02967120216391,-8.829634234863995,0],[117.03225105499885,-8.829244305359177,0],[117.03412094774191,-8.828984355435324,0],[117.03685079633566,-8.828424439973015,0],[117.04021059670625,-8.828264510189408,0],[117.04039058721743,-8.828224515726703,0],[117.04084056973137,-8.827744552828348,0],[117.04285049121265,-8.825494724763994,0],[117.04304048331478,-8.82531474027297,0],[117.04322047383889,-8.825164752438884,0],[117.04366045538283,-8.824834779754134,0],[117.0439204440221,-8.824604797615619,0],[117.04414043358165,-8.824464811332522,0],[117.04442041855137,-8.8242948258424,0],[117.04468040810087,-8.824124840713928,0],[117.04513038289973,-8.823944860316365,0],[117.0469102907824,-8.823224934931758,0],[117.04742026487605,-8.822964961442267,0],[117.04787024337047,-8.822714984402026,0],[117.04887019213442,-8.82228502896829,0],[117.04958015520785,-8.821945060804946,0],[117.04995013482558,-8.821765078856817,0],[117.05026011937782,-8.821655091609248,0],[117.05055010321982,-8.82166509555064,0],[117.05058009985916,-8.82165509659547,0],[117.05070009276646,-8.821635101438039,0],[117.05110007019545,-8.821665106156338,0],[117.05173002906899,-8.821815109201417,0],[117.05202000971761,-8.821905108425598,0],[117.05240998442733,-8.822005110109709,0],[117.05268996815356,-8.822065111891835,0],[117.05309993956187,-8.822225110302165,0],[117.0532999261771,-8.822305109143198,0],[117.05373989658969,-8.822405111386594,0],[117.05389988655882,-8.82249510873392,0],[117.0542098671407,-8.822555111403323,0],[117.05443985239806,-8.822605112414081,0],[117.05489982434916,-8.822615119970868,0],[117.05518980680128,-8.822665121695962,0],[117.05569977468151,-8.822705130090876,0],[117.05616974705127,-8.822715138226101,0],[117.05627974092961,-8.822715138944918,0],[117.05668971592478,-8.82270514839872,0],[117.05724968394989,-8.82266516067868,0],[117.05765965858987,-8.822665167607557,0],[117.05791964426874,-8.822645173952584,0],[117.05835962117759,-8.822475191378109,0],[117.05859960682486,-8.822465197084824,0],[117.05899958440774,-8.822395208047682,0],[117.05933956569517,-8.822245224426212,0],[117.05935956643059,-8.822235225445933,0],[117.05956955509826,-8.822125234563911,0],[117.05979954616777,-8.821875254581622,0],[117.06025952540578,-8.82147528676295,0],[117.06058951307789,-8.821095315632766,0],[117.06089950110302,-8.820735342710966,0],[117.06105949584652,-8.82045536321718,0],[117.06116949622928,-8.820145382626555,0],[117.06133949330504,-8.819765408800546,0],[117.06150948879798,-8.819405433770417,0],[117.06160948821028,-8.819215447944075,0],[117.06175948543262,-8.818865470084534,0],[117.06181948621746,-8.818645485217251,0],[117.0619794811954,-8.818305507770145,0],[117.06204948475208,-8.817895533667794,0],[117.0622494823236,-8.817375568616363,0],[117.0623794820403,-8.816995593667007,0],[117.0624694797017,-8.816845604301863,0],[117.06265947282479,-8.816565625432085,0],[117.06291946358456,-8.816215651332552,0],[117.06310945786709,-8.81593567042121,0],[117.06344944406057,-8.815565699004377,0],[117.06370943365609,-8.815275721898901,0],[117.0640594191367,-8.814955747243989,0],[117.06425941169982,-8.814705765979857,0],[117.06450940067408,-8.814445784730836,0],[117.06481938923386,-8.814105811916708,0],[117.06504938141083,-8.81378583529676,0],[117.065399372642,-8.813145879972883,0],[117.0654593729216,-8.812955892804009,0],[117.06547937668472,-8.812625912266641,0],[117.0656093975547,-8.811146002912624,0],[117.06559940516989,-8.810766025834672,0],[117.06555941629439,-8.810286054121946,0],[117.06549042908316,-8.80981208077704,0],[117.06549067371856,-8.80981222364825,0],[117.06549124483777,-8.809812558220338,0],[117.06549164043787,-8.809812789707992,0],[117.06577553772763,-8.809978956145901,0],[117.0657836352593,-8.809983696211368,0],[117.0662201838217,-8.810239211874075,0],[117.06625358527765,-8.81025876075884,0],[117.06644439689244,-8.810370444072381,0],[117.06645562085188,-8.810380967056743,0],[117.06658262509166,-8.810545859870222,0],[117.06694725774031,-8.810899079826077,0],[117.06718931699749,-8.811084816434224,0],[117.06759517334474,-8.81134617823149,0],[117.06801187256703,-8.811614112560134,0],[117.06864084275037,-8.811922783379687,0],[117.0690624302353,-8.812098130122711,0],[117.06940764513958,-8.812261434180378,0],[117.06947488296177,-8.812293241784248,0],[117.06962422043395,-8.81240317092756,0],[117.0697088287314,-8.812465454798481,0],[117.0699634537016,-8.812800543899126,0],[117.07025674517726,-8.813029751824423,0],[117.07042308111838,-8.813147458124352,0],[117.07051171726842,-8.81321018065081,0],[117.07059103628549,-8.813253400795634,0],[117.07080138028104,-8.813368019681938,0],[117.07087098478202,-8.81340594836015,0],[117.07097051864314,-8.813449798679219,0],[117.07122428607967,-8.813561602408281,0],[117.07160478564026,-8.813658358716976,0],[117.07184868093408,-8.813710237813774,0],[117.07196193676477,-8.813734328776135,0],[117.07206247641636,-8.81373982707326,0],[117.07245809136145,-8.813761466683152,0],[117.07278521581398,-8.81382102565785,0],[117.07279543854936,-8.813825257724321,0],[117.07303131997935,-8.813922908895764,0],[117.07333896365301,-8.814119912583662,0],[117.07349067036355,-8.814245431773754,0],[117.07356591985511,-8.81430769307433,0],[117.07380522408367,-8.814586254690946,0],[117.0741084233994,-8.815000084973606,0],[117.07438196139307,-8.815554530791996,0],[117.0746161209811,-8.81605028827568,0],[117.0746426151491,-8.816106381174011,0],[117.0746426333433,-8.81610641735109,0],[117.07474194083068,-8.816316668022356,0],[117.07480368909155,-8.816447398274574,0],[117.07482632730009,-8.816510634898263,0],[117.07505252237999,-8.817142470130664,0],[117.07517110483751,-8.817460043211542,0],[117.07527522643215,-8.817738886816374,0],[117.07546361906967,-8.818539150405051,0],[117.07547205277474,-8.818572307403665,0],[117.07547248324227,-8.818573999668686,0],[117.07556754386694,-8.818947742401768,0],[117.07561015571251,-8.819115273909405,0],[117.07576489786194,-8.819615204591642,0],[117.07578974803428,-8.819678687630777,0],[117.07590799959915,-8.819980783300414,0],[117.07593325014706,-8.820045291065318,0],[117.07605560709216,-8.82029999820476,0],[117.07622317116325,-8.820630330935625,0],[117.07658443608112,-8.821171712169528,0],[117.07662495003021,-8.821234291053312,0],[117.07672673345087,-8.821391506979776,0],[117.07675257002583,-8.821447981548149,0],[117.07677886513326,-8.821505458225548,0],[117.07677958658157,-8.821507034651095,0],[117.07678095461429,-8.821517555712463,0],[117.07680075284749,-8.821669834326544,0],[117.07678551727298,-8.82183195400997,0],[117.07676687702144,-8.821936774145321,0],[117.07676687248005,-8.821936800377243,0],[117.07667151474317,-8.822473023808355,0]]]},"properties":{"OBJECTID":3,"KABUPATEN":"Sumbawa Barat","KECAMATAN":"Kec. Jereweh","SUMBERDATA":"PERMENDAGRI NO.123 TAHUN 2017 TENTANG BATAS KSB_KS","Luas":52763.1706883,"Shape_Leng":162916.194219,"Shape_Area":527631706.883}},{"type":"Feature","geometry":{"bbox":[116.85106224367154,-8.92332383064453,117.09027154545902,-8.740625736179505],"type":"Polygon","coordinates":[[[117.07530999977578,-8.74721999991474,0],[117.07715000022007,-8.751530001108652,0],[117.07923999995205,-8.753280001354197,0],[117.08455290081706,-8.755542384846812,0],[117.0902340318269,-8.75796145706071,0],[117.09027585815964,-8.758527727045434,0],[117.09025006143612,-8.760436513797417,0],[117.09015185469146,-8.760654843019132,0],[117.08981360357635,-8.761159166024953,0],[117.08970337894596,-8.76134559557682,0],[117.08951979502346,-8.7616300471623,0],[117.08951750465306,-8.76163359432563,0],[117.08931962886761,-8.7617710114075,0],[117.08913578668827,-8.761774943322942,0],[117.08885893619382,-8.761720437921884,0],[117.08875187302085,-8.761630228199325,0],[117.08864261825771,-8.761538174643967,0],[117.08841237845319,-8.761343495440476,0],[117.08816491690835,-8.761227393010506,0],[117.08803914383329,-8.761220377013224,0],[117.08753276086826,-8.76119506039304,0],[117.08729220130802,-8.761272930017341,0],[117.08655419184987,-8.761542856367386,0],[117.0858088568012,-8.7616309075706,0],[117.08567192378966,-8.761647084297833,0],[117.08444225028605,-8.762087444099208,0],[117.08444105658322,-8.762087872203594,0],[117.084357134683,-8.762202890657429,0],[117.08426583698414,-8.762430109157831,0],[117.08422480411436,-8.762583798895614,0],[117.08418273123304,-8.762738224234038,0],[117.08419669803017,-8.762921459606568,0],[117.08420516645128,-8.763038494413594,0],[117.0842476016571,-8.763455312902563,0],[117.08422992102606,-8.763499871666909,0],[117.08418869861349,-8.763603755875517,0],[117.08414459860835,-8.76370812192422,0],[117.08365631417148,-8.764553082303692,0],[117.08356378376865,-8.764618744658002,0],[117.0834176218566,-8.764720469359858,0],[117.08326900311195,-8.764809780920837,0],[117.08326895492965,-8.764809809876077,0],[117.08315277161003,-8.764878275019186,0],[117.08293893936428,-8.764974316849916,0],[117.08290845342279,-8.764987874145401,0],[117.08245563911967,-8.765137127568053,0],[117.08243179911972,-8.765152793619297,0],[117.08237237092968,-8.765191847447513,0],[117.08211436620407,-8.765361397885144,0],[117.0820923711906,-8.765394552398984,0],[117.08202700055814,-8.76549308685777,0],[117.08197283564431,-8.765676785717657,0],[117.08195393510532,-8.765740886782131,0],[117.08192000023857,-8.765849284519895,0],[117.08188003958864,-8.765976929020974,0],[117.08169609303904,-8.766137395311844,0],[117.0816572779433,-8.766144440862497,0],[117.08156406697405,-8.76616135922487,0],[117.0815624877127,-8.7661616462984,0],[117.08132235377707,-8.766084903439872,0],[117.08132179728211,-8.76608467652523,0],[117.08132171635401,-8.76608464397995,0],[117.08130083140477,-8.766076032020827,0],[117.08130075593245,-8.766076001283402,0],[117.08130036129347,-8.7660758385548,0],[117.08047975485712,-8.765737458876155,0],[117.08017354088729,-8.765669431730053,0],[117.08011191304296,-8.765636690337065,0],[117.08003235642697,-8.765596388234025,0],[117.07976531540402,-8.76545904183733,0],[117.07962615902579,-8.765447465290856,0],[117.07953642072802,-8.765439999287448,0],[117.07938385559964,-8.765516280554266,0],[117.07915497013761,-8.765738491229964,0],[117.07907733464724,-8.76579211745224,0],[117.07901001278005,-8.765838620220068,0],[117.07878874463195,-8.765936838445185,0],[117.07849118916093,-8.76609325561413,0],[117.0784349513388,-8.766147522182438,0],[117.07843488406999,-8.766147588226334,0],[117.07824524217122,-8.766328814564481,0],[117.078177554015,-8.766476936413245,0],[117.0779621202927,-8.766948379417721,0],[117.07780041517343,-8.7670576597097,0],[117.07771301318893,-8.767115597698231,0],[117.07760596736416,-8.76712996085544,0],[117.07750580954924,-8.767142926895996,0],[117.07726861806137,-8.767180645093347,0],[117.07726242824302,-8.767181629571764,0],[117.07714723197081,-8.76719994792058,0],[117.07703256215558,-8.767218390950744,0],[117.07703240122767,-8.76721841721461,0],[117.07671960720224,-8.767268722390137,0],[117.07670523335938,-8.767264974265766,0],[117.07654571445407,-8.767223367057145,0],[117.07637788238308,-8.767083173352935,0],[117.0763393254319,-8.76703293779675,0],[117.07617951177748,-8.766824717987646,0],[117.07597352459214,-8.766573899998122,0],[117.0759661405194,-8.76656820843633,0],[117.07569886724832,-8.766362207080112,0],[117.07556959910279,-8.766340234131128,0],[117.07550811424633,-8.766329782034118,0],[117.07524871432537,-8.76641274385212,0],[117.07486505688745,-8.7665646102027,0],[117.07486488505711,-8.766564677171198,0],[117.07465261922542,-8.766648149339384,0],[117.07406402331713,-8.767065855632223,0],[117.07377181530191,-8.767436621104432,0],[117.07364654197403,-8.767594357576867,0],[117.07353209943115,-8.767882338195635,0],[117.07355313724315,-8.768095277905779,0],[117.07355499668394,-8.768114099691282,0],[117.0737152116937,-8.768361094564744,0],[117.0738576891804,-8.768545954150575,0],[117.074096695638,-8.768856054431698,0],[117.07410246983657,-8.768978241221655,0],[117.07410536171483,-8.769017564639922,0],[117.07412176160736,-8.769109653266716,0],[117.0741217679788,-8.769109687637217,0],[117.07416534236037,-8.769340518791788,0],[117.07418278725305,-8.769484331251034,0],[117.07419776287645,-8.769592478085888,0],[117.07416568804197,-8.76979055515378,0],[117.07411230933693,-8.7699036938795,0],[117.07401968995448,-8.770100002711906,0],[117.0737960581087,-8.770348263790835,0],[117.07371272654572,-8.770472063547999,0],[117.07362366833937,-8.770599363083843,0],[117.07351684176456,-8.770860674228958,0],[117.0735120472568,-8.770897138149277,0],[117.07348828805367,-8.771077823240946,0],[117.07346972076483,-8.771208588702411,0],[117.07325655901424,-8.771393605230946,0],[117.07311167857586,-8.771525122385967,0],[117.07269809234084,-8.771935954431727,0],[117.07247256261417,-8.77194433473258,0],[117.0724235858818,-8.77194615497569,0],[117.07233614921493,-8.771905592279147,0],[117.07233584277382,-8.771905450328285,0],[117.07227325530079,-8.771877284722242,0],[117.0721966724685,-8.77180959609231,0],[117.0721664287458,-8.771782864278824,0],[117.07198202200922,-8.771596910378818,0],[117.07182027954632,-8.771436817714134,0],[117.07148412463417,-8.77133439129373,0],[117.07141100592385,-8.77127450784773,0],[117.07140023289824,-8.77126777302359,0],[117.07121865763747,-8.77115542619018,0],[117.07116523856075,-8.77115773916562,0],[117.0711607733336,-8.771157938096685,0],[117.07102164936369,-8.77116413310563,0],[117.07078552585008,-8.771279345372692,0],[117.07068006272434,-8.771362505838622,0],[117.07067999636003,-8.771362559217684,0],[117.07036588673267,-8.771610243638337,0],[117.07021331283597,-8.771750439081547,0],[117.07018093209503,-8.771803617275816,0],[117.07017706265769,-8.771809972243938,0],[117.07004548080336,-8.772026063753046,0],[117.06997681128044,-8.77232168428787,0],[117.07004394636797,-8.77279937025255,0],[117.07007599624698,-8.773027417163602,0],[117.07011412755435,-8.773364071294761,0],[117.0701217678214,-8.773697872798056,0],[117.0701904148037,-8.774017335372841,0],[117.07028198265037,-8.77435875177405,0],[117.07029086672492,-8.774512563630386,0],[117.07029458720244,-8.774622895298918,0],[117.07025663087065,-8.774705829598615,0],[117.07020569626117,-8.774809825326216,0],[117.0701422183797,-8.774893450889008,0],[117.07010651109309,-8.774940491620278,0],[117.06993103865337,-8.775049203966217,0],[117.06939161018664,-8.775105513946848,0],[117.06939077642342,-8.77510560183847,0],[117.06919193797492,-8.775126573431999,0],[117.06875182479645,-8.775218876816718,0],[117.06871214862625,-8.775227391044162,0],[117.06869506914211,-8.775231349615275,0],[117.06854116111822,-8.775411306378897,0],[117.06854113111936,-8.775411340756069,0],[117.06833117886757,-8.775656825555505,0],[117.06819916689739,-8.775811180318346,0],[117.06816589858627,-8.775842139881732,0],[117.06799663238947,-8.775999664402446,0],[117.0679233363797,-8.776066833632148,0],[117.06789704570187,-8.776078322138613,0],[117.06789701024393,-8.776078337521827,0],[117.06782800095712,-8.776108493032872,0],[117.06748420083788,-8.776258724751477,0],[117.06743293728786,-8.77628368779051,0],[117.06713947526525,-8.77642659173486,0],[117.06705006614257,-8.776518830603603,0],[117.06696873642043,-8.776696410315685,0],[117.06696535517895,-8.776931187031568,0],[117.06699576993667,-8.777242061283227,0],[117.06695643317205,-8.777410665222808,0],[117.0667559400846,-8.77783216961262,0],[117.06661379411194,-8.77807908777072,0],[117.06661376593378,-8.778079136619732,0],[117.0665195163277,-8.778242858556775,0],[117.0664666649329,-8.778354963124276,0],[117.06636961399198,-8.778560824351498,0],[117.06627152785535,-8.778790299111922,0],[117.06619689441658,-8.779016678989668,0],[117.06619253631142,-8.779031853967775,0],[117.06619252813294,-8.779031881104773,0],[117.06610967772498,-8.779320367594506,0],[117.06607525205395,-8.77951407459236,0],[117.0660516021538,-8.779647144353866,0],[117.0660323985547,-8.779831878563721,0],[117.06599426707271,-8.780007351996936,0],[117.06597694532886,-8.78010309656672,0],[117.06596372760202,-8.780176148746648,0],[117.06594023337024,-8.780202593756162,0],[117.06589758211233,-8.780250597705543,0],[117.06584212289647,-8.780297956249585,0],[117.06581406804857,-8.780315488011087,0],[117.06571960998096,-8.78037452072966,0],[117.06525941473316,-8.780438749100787,0],[117.06493376930395,-8.780484198575875,0],[117.0647295904461,-8.780516106199643,0],[117.06441496939655,-8.780565272718906,0],[117.06401061204116,-8.780638707082467,0],[117.06390085557959,-8.780688798961759,0],[117.0638937002561,-8.780692063678574,0],[117.0638203523315,-8.780736508785854,0],[117.0637382754773,-8.780786241363414,0],[117.0637126451505,-8.780801770858735,0],[117.06367600007313,-8.780838862329425,0],[117.06349802738647,-8.78101900379078,0],[117.06338870832897,-8.781150786187684,0],[117.06332909114178,-8.781292442084235,0],[117.06333905264128,-8.781424206233412,0],[117.06338370036138,-8.781591416276976,0],[117.06343595020662,-8.781773111813019,0],[117.06348297776034,-8.781952215866875,0],[117.06346723833981,-8.782074855020667,0],[117.0634202570539,-8.782173504344792,0],[117.063281886643,-8.78224101827226,0],[117.06304430079052,-8.782318929908623,0],[117.06250350104737,-8.782514506372163,0],[117.06215697902849,-8.782644780003764,0],[117.06201771880752,-8.782722382620896,0],[117.06184478478669,-8.782816527126641,0],[117.06173159504577,-8.78288941824585,0],[117.06161145829626,-8.78299984438886,0],[117.06154864065077,-8.783104222575691,0],[117.06132531216883,-8.783520179422846,0],[117.06115557441335,-8.783840779382283,0],[117.06098410210556,-8.78417632581449,0],[117.06081542481031,-8.784485340362778,0],[117.06076506403117,-8.784552676352124,0],[117.06062743003575,-8.784728772170801,0],[117.06047580493866,-8.78486548018941,0],[117.06033869385674,-8.784964908788417,0],[117.06016352061161,-8.785047503981719,0],[117.05997305419565,-8.785033582114085,0],[117.05979830066487,-8.784984071168202,0],[117.05959335255562,-8.784926006354672,0],[117.05927376160193,-8.784820883773335,0],[117.05908253125128,-8.78477064965901,0],[117.05894666057449,-8.784758105342208,0],[117.05877636472214,-8.784802058078599,0],[117.05846606570809,-8.784974068040528,0],[117.0582302854142,-8.785091354606847,0],[117.05809058772992,-8.785121027189335,0],[117.05789409660433,-8.78513113736528,0],[117.05768563706295,-8.785078734342193,0],[117.05731595542441,-8.784966167235368,0],[117.0571255940621,-8.784918884345975,0],[117.05709516027673,-8.78492169477281,0],[117.05691460702408,-8.784938374260127,0],[117.05676349870255,-8.784967118227868,0],[117.05662306877171,-8.785055338086117,0],[117.05654603211411,-8.785142398748306,0],[117.05647438266568,-8.785324330875543,0],[117.05643245397546,-8.785460429276057,0],[117.05634857902169,-8.785622872630647,0],[117.05621315994512,-8.785748602894545,0],[117.0560122512917,-8.785807899589967,0],[117.05573313374465,-8.785803659857919,0],[117.05521034098405,-8.785818093289418,0],[117.05485059294217,-8.785889675154081,0],[117.05455467300445,-8.786010702929397,0],[117.05433374962756,-8.786199188652123,0],[117.05416001773789,-8.78635249162951,0],[117.05403383236776,-8.786460178249312,0],[117.0539535310664,-8.786582479813664,0],[117.05388821262063,-8.786766805705252,0],[117.05386962470476,-8.7870026472165,0],[117.05389301198848,-8.78731592311832,0],[117.05402566857336,-8.787663600317103,0],[117.05418320088161,-8.788026109806513,0],[117.05427280030439,-8.788269868387165,0],[117.05436470545153,-8.788523857623524,0],[117.05441552715342,-8.78871239725612,0],[117.05443237476953,-8.78885892417103,0],[117.05442338798106,-8.788949898360292,0],[117.05438889314115,-8.789003591961885,0],[117.05431364077327,-8.78905177386981,0],[117.05421163916573,-8.789087581269696,0],[117.05386916509512,-8.789184753987046,0],[117.05372399063343,-8.789238950864311,0],[117.05364125093766,-8.789285971398469,0],[117.05346738154607,-8.789443506305147,0],[117.0533531070367,-8.789561053870859,0],[117.0531900211298,-8.789728810898966,0],[117.05305656378802,-8.79000961135773,0],[117.0530343969047,-8.79008376783754,0],[117.05300533546252,-8.790180991420584,0],[117.05294956100867,-8.790367580693673,0],[117.0528925050157,-8.790558456651572,0],[117.0527602667241,-8.790950046812267,0],[117.05262772577281,-8.791215666438047,0],[117.05241492457574,-8.791423051602917,0],[117.05214679436372,-8.791672761314027,0],[117.05196246668469,-8.791910519638838,0],[117.05188534083877,-8.792067259852411,0],[117.05183169922526,-8.792257344617571,0],[117.05182501878004,-8.792467429063423,0],[117.05191225658552,-8.79266082939448,0],[117.05212360075426,-8.792834201887292,0],[117.05239337494899,-8.792986042211075,0],[117.05242955644171,-8.793024117416346,0],[117.05253718699102,-8.793137381634681,0],[117.05265563039578,-8.79333076838602,0],[117.05268949512913,-8.793549393056697,0],[117.05270476339892,-8.79393130855744,0],[117.0527127490961,-8.794422052230178,0],[117.05271774605566,-8.794759136683545,0],[117.05269663176357,-8.795006757943305,0],[117.05269666274135,-8.795225882096119,0],[117.05270668589408,-8.795296470230532,0],[117.05260296899398,-8.795175396821762,0],[117.05260263795564,-8.79517501063854,0],[117.0525235343572,-8.795082669421006,0],[117.05250681655079,-8.795047559243255,0],[117.05247656557704,-8.795056806734346,0],[117.05229850865427,-8.794963166783594,0],[117.05208976811684,-8.794853389856675,0],[117.05162122962737,-8.794745735226686,0],[117.05137224498098,-8.794735339257933,0],[117.05076430858615,-8.795010432426276,0],[117.05019721472117,-8.795255913374461,0],[117.04951481597688,-8.795331747177562,0],[117.04941237233155,-8.795328242956415,0],[117.04936129872534,-8.795326493981781,0],[117.04922301838025,-8.795230352698276,0],[117.0491817933758,-8.795111431969469,0],[117.04925313797719,-8.794707808326432,0],[117.04931223921575,-8.794410584799216,0],[117.04935153397149,-8.793961079987767,0],[117.04932537359531,-8.79361739343399,0],[117.04890001721158,-8.792727927042511,0],[117.04882323977428,-8.792612240000881,0],[117.04869623001507,-8.79254164879498,0],[117.04842845742215,-8.792643848702621,0],[117.04830444541437,-8.792690718694116,0],[117.04811768564647,-8.792756174574423,0],[117.04787107719497,-8.792757718341228,0],[117.04766247841447,-8.792698570261022,0],[117.0473998045527,-8.792570543432317,0],[117.04717513762165,-8.79221460457743,0],[117.04705432275618,-8.792017263623356,0],[117.0468622886205,-8.7920055378537,0],[117.04648643702068,-8.79210123817893,0],[117.0461449757228,-8.792279985030701,0],[117.04597235886544,-8.792448708842041,0],[117.04594640225928,-8.792773199090606,0],[117.04592090425584,-8.792908689167358,0],[117.04583032103758,-8.792985358165122,0],[117.04564497494377,-8.793164791968712,0],[117.04552455122398,-8.793262494568417,0],[117.04536569192882,-8.79328757794509,0],[117.04521035067083,-8.793230250124825,0],[117.04510466071967,-8.79313037768462,0],[117.04496231312214,-8.792995855665243,0],[117.04489518161951,-8.792932412579407,0],[117.04460920329261,-8.79257535065104,0],[117.04429896542702,-8.792208505359358,0],[117.04415137545226,-8.792111866699475,0],[117.04402188101942,-8.792089811589154,0],[117.04383792594,-8.792193888885183,0],[117.04362274788069,-8.792316078174883,0],[117.04340245011733,-8.79235790143028,0],[117.04326886814432,-8.792302420037661,0],[117.04326224365214,-8.792299668347338,0],[117.04248008686416,-8.791974806210709,0],[117.042318104896,-8.791883196671622,0],[117.04191316012432,-8.791539126753296,0],[117.04176664783925,-8.791468753357117,0],[117.04151531556276,-8.791348027850997,0],[117.04123299481769,-8.791209605036277,0],[117.0409635787069,-8.791094497295255,0],[117.04075156670524,-8.791069086111627,0],[117.0406868426929,-8.791076512873778,0],[117.04061288408082,-8.791085001620834,0],[117.04061204758804,-8.791085467538236,0],[117.04045054079373,-8.791175370574686,0],[117.04013983538458,-8.791442475679652,0],[117.04001004295809,-8.791554053752934,0],[117.03989854455183,-8.791649905687533,0],[117.03963623292333,-8.791980860665205,0],[117.03954563226338,-8.792134698098948,0],[117.03947638677707,-8.792311262929093,0],[117.03896838577114,-8.79360658232671,0],[117.03806633497445,-8.79497080381521,0],[117.03727248672519,-8.795796542417108,0],[117.03662301636619,-8.796909449104032,0],[117.03579303355289,-8.797340306839766,0],[117.03572091966961,-8.797986480131424,0],[117.0351436161314,-8.799099378222614,0],[117.03471064610068,-8.800032770333948,0],[117.0345663191465,-8.800319967357504,0],[117.03572119157388,-8.800822435388243,0],[117.03651522023365,-8.801683913091656,0],[117.0370205541318,-8.802653114964599,0],[117.03704132138246,-8.80279349237371,0],[117.0372011177307,-8.803873632594144,0],[117.03767035369455,-8.804699243840107,0],[117.03875302916663,-8.804842726183997,0],[117.03943858916533,-8.803658016334156,0],[117.04016289401378,-8.803330431724769,0],[117.04023249968452,-8.803298950669092,0],[117.04158807744263,-8.804064906838436,0],[117.04159637640315,-8.80406959584875,0],[117.04182049661425,-8.804196231614457,0],[117.04243402917638,-8.80441155225914,0],[117.04322798331357,-8.804447358607115,0],[117.04416631419541,-8.804662639872314,0],[117.04514077006144,-8.805165097189843,0],[117.04597083732335,-8.805380386000893,0],[117.04672644255886,-8.804657500559681,0],[117.04690903190475,-8.804482818084828,0],[117.04777886174703,-8.803992372025759,0],[117.04799161392684,-8.803872413070422,0],[117.04952241877226,-8.80398654132804,0],[117.05071112716443,-8.80383294417404,0],[117.05314637696145,-8.803518277222347,0],[117.05383219755647,-8.803470606615601,0],[117.0543670657131,-8.80343343001237,0],[117.05484006910147,-8.803363792179686,0],[117.05503843960382,-8.803323750051478,0],[117.05523554525784,-8.803308591299857,0],[117.0552368101021,-8.803308494330771,0],[117.05564116663423,-8.803302761630247,0],[117.05592346617185,-8.803342805321474,0],[117.05615996709615,-8.803352355284607,0],[117.05648118998234,-8.803422217424103,0],[117.05654142599282,-8.803435315752168,0],[117.05657742956014,-8.803447918420144,0],[117.05682046461453,-8.80353298611053,0],[117.05688475400608,-8.803555489855635,0],[117.05712889668713,-8.80364609011553,0],[117.05733749586778,-8.803723366653513,0],[117.0573413652326,-8.803724800629746,0],[117.05734252467809,-8.803725231003716,0],[117.05745725173588,-8.803751045639011,0],[117.05776213912341,-8.803819651893518,0],[117.05995178078106,-8.804459568046981,0],[117.06007263780103,-8.804518217623682,0],[117.06034088070065,-8.80464838822073,0],[117.06040311508968,-8.80466877873624,0],[117.06044003632601,-8.804680876163895,0],[117.06056212622596,-8.804720877839848,0],[117.06095122563228,-8.804903023842162,0],[117.06095150756674,-8.804903300579014,0],[117.06105805154782,-8.80500794056349,0],[117.06133233803465,-8.805129858451846,0],[117.06133270906462,-8.805130023918172,0],[117.06135390485633,-8.805143744714464,0],[117.06184389211735,-8.805460923282544,0],[117.06218719560522,-8.805706976090773,0],[117.06241605672419,-8.805860518108796,0],[117.06265258260377,-8.805970195920267,0],[117.0627747379672,-8.80606018504409,0],[117.0630111676948,-8.806234360198669,0],[117.06309485410212,-8.806328492017247,0],[117.06314850895849,-8.80638884330511,0],[117.06341552479573,-8.806598674587699,0],[117.06354191923224,-8.806786445648841,0],[117.06368256563043,-8.806995390825115,0],[117.06376964096127,-8.80709738036502,0],[117.06388855276677,-8.807236657750078,0],[117.06399474445176,-8.807409703815882,0],[117.06409456370773,-8.807572367974927,0],[117.06439425123853,-8.80799253587788,0],[117.06448363982439,-8.808117862312129,0],[117.06481935123732,-8.808689132421001,0],[117.0649719280327,-8.808967919175918,0],[117.06497956611148,-8.80898187727903,0],[117.06510924188262,-8.809173572818779,0],[117.06528471431541,-8.809478769199254,0],[117.06534677877099,-8.809581707915095,0],[117.06535498332825,-8.809595314958647,0],[117.06538238491717,-8.80964076311615,0],[117.0654830836541,-8.809807782883379,0],[117.06549042908316,-8.80981208077704,0],[117.06555941629439,-8.810286054121946,0],[117.06559940516989,-8.810766025834672,0],[117.0656093975547,-8.811146002912624,0],[117.06547937668472,-8.812625912266641,0],[117.0654593729216,-8.812955892804009,0],[117.065399372642,-8.813145879972883,0],[117.06504938141083,-8.81378583529676,0],[117.06481938923386,-8.814105811916708,0],[117.06450940067408,-8.814445784730836,0],[117.06425941169982,-8.814705765979857,0],[117.0640594191367,-8.814955747243989,0],[117.06370943365609,-8.815275721898901,0],[117.06344944406057,-8.815565699004377,0],[117.06310945786709,-8.81593567042121,0],[117.06291946358456,-8.816215651332552,0],[117.06265947282479,-8.816565625432085,0],[117.0624694797017,-8.816845604301863,0],[117.0623794820403,-8.816995593667007,0],[117.0622494823236,-8.817375568616363,0],[117.06204948475208,-8.817895533667794,0],[117.0619794811954,-8.818305507770145,0],[117.06181948621746,-8.818645485217251,0],[117.06175948543262,-8.818865470084534,0],[117.06160948821028,-8.819215447944075,0],[117.06150948879798,-8.819405433770417,0],[117.06133949330504,-8.819765408800546,0],[117.06116949622928,-8.820145382626555,0],[117.06105949584652,-8.82045536321718,0],[117.06089950110302,-8.820735342710966,0],[117.06058951307789,-8.821095315632766,0],[117.06025952540578,-8.82147528676295,0],[117.05979954616777,-8.821875254581622,0],[117.05956955509826,-8.822125234563911,0],[117.05935956643059,-8.822235225445933,0],[117.05933956569517,-8.822245224426212,0],[117.05899958440774,-8.822395208047682,0],[117.05859960682486,-8.822465197084824,0],[117.05835962117759,-8.822475191378109,0],[117.05791964426874,-8.822645173952584,0],[117.05765965858987,-8.822665167607557,0],[117.05724968394989,-8.82266516067868,0],[117.05668971592478,-8.82270514839872,0],[117.05627974092961,-8.822715138944918,0],[117.05616974705127,-8.822715138226101,0],[117.05569977468151,-8.822705130090876,0],[117.05518980680128,-8.822665121695962,0],[117.05489982434916,-8.822615119970868,0],[117.05443985239806,-8.822605112414081,0],[117.0542098671407,-8.822555111403323,0],[117.05389988655882,-8.82249510873392,0],[117.05373989658969,-8.822405111386594,0],[117.0532999261771,-8.822305109143198,0],[117.05309993956187,-8.822225110302165,0],[117.05268996815356,-8.822065111891835,0],[117.05240998442733,-8.822005110109709,0],[117.05202000971761,-8.821905108425598,0],[117.05173002906899,-8.821815109201417,0],[117.05110007019545,-8.821665106156338,0],[117.05070009276646,-8.821635101438039,0],[117.05058009985916,-8.82165509659547,0],[117.05055010321982,-8.82166509555064,0],[117.05026011937782,-8.821655091609248,0],[117.04995013482558,-8.821765078856817,0],[117.04958015520785,-8.821945060804946,0],[117.04887019213442,-8.82228502896829,0],[117.04787024337047,-8.822714984402026,0],[117.04742026487605,-8.822964961442267,0],[117.0469102907824,-8.823224934931758,0],[117.04513038289973,-8.823944860316365,0],[117.04468040810087,-8.824124840713928,0],[117.04442041855137,-8.8242948258424,0],[117.04414043358165,-8.824464811332522,0],[117.0439204440221,-8.824604797615619,0],[117.04366045538283,-8.824834779754134,0],[117.04322047383889,-8.825164752438884,0],[117.04304048331478,-8.82531474027297,0],[117.04285049121265,-8.825494724763994,0],[117.04084056973137,-8.827744552828348,0],[117.04039058721743,-8.828224515726703,0],[117.04021059670625,-8.828264510189408,0],[117.03685079633566,-8.828424439973015,0],[117.03412094774191,-8.828984355435324,0],[117.03225105499885,-8.829244305359177,0],[117.02967120216391,-8.829634234863995,0],[117.0277913036049,-8.830164167182748,0],[117.02622137329716,-8.831484060276198,0],[117.02408147971876,-8.832633950826407,0],[117.0216616298595,-8.832323924959683,0],[117.02004173171348,-8.832103908886008,0],[117.01753189295934,-8.831483899395446,0],[117.01504204278542,-8.831383858426644,0],[117.01260217987684,-8.831893783050651,0],[117.01102225663864,-8.832783701316105,0],[117.00738244158227,-8.834513531261376,0],[117.00388260642734,-8.836973319287553,0],[117.00051277521264,-8.838783148065998,0],[116.99674298931124,-8.839323046720509,0],[116.99265321008289,-8.840582894882296,0],[116.98853342030976,-8.842532703441307,0],[116.98388363545428,-8.845942414229432,0],[116.98073379405794,-8.847512260913486,0],[116.97647402239274,-8.84892209796912,0],[116.97160427789703,-8.85082189483879,0],[116.9678344545829,-8.853431668860095,0],[116.96225469917806,-8.858251277595127,0],[116.95827486817471,-8.8619809823502,0],[116.95627496326169,-8.863270867906458,0],[116.95334509716216,-8.865510679058215,0],[116.95231813475388,-8.866776585921619,0],[116.95231146545252,-8.866784762792964,0],[116.95231136084716,-8.866784887602728,0],[116.95222513836362,-8.86689057733672,0],[116.95072519810631,-8.868500452161816,0],[116.94944524105841,-8.870320320186101,0],[116.94773530827382,-8.872240173869177,0],[116.94717531587602,-8.87358008412742,0],[116.94679529775203,-8.875759946080246,0],[116.94533535724935,-8.877309827312216,0],[116.94378542805629,-8.878509726988982,0],[116.9423354787507,-8.880419585329323,0],[116.940775547965,-8.88171948006026,0],[116.93931559695832,-8.883799328927811,0],[116.93764568543293,-8.884409261434852,0],[116.93615578371411,-8.883909262633155,0],[116.93410590073981,-8.884119212055948,0],[116.93173604337154,-8.884149167649035,0],[116.93026611814439,-8.884829099372816,0],[116.93044607955142,-8.886329013442637,0],[116.92999607499976,-8.888028903429253,0],[116.92850614380474,-8.889128809830027,0],[116.92696623829679,-8.889018788425293,0],[116.92539632405722,-8.889438733672813,0],[116.9234064315828,-8.8899686646311,0],[116.92290642818517,-8.891848543305821,0],[116.92106649199063,-8.894278365122522,0],[116.91882659993372,-8.89566824117211,0],[116.91647672219078,-8.896718133872252,0],[116.91460679582462,-8.89876797696256,0],[116.91433678025226,-8.900477869605831,0],[116.91368679225978,-8.901997767890135,0],[116.9129867930619,-8.904167625181955,0],[116.91169683616373,-8.906047489344374,0],[116.91039690771872,-8.906307449416087,0],[116.90863700425376,-8.906767389443187,0],[116.90678710595773,-8.907257324754834,0],[116.90541715534088,-8.909047192624001,0],[116.90434719765867,-8.910107109645525,0],[116.90271729531925,-8.910197074875192,0],[116.90108739031882,-8.910257041140405,0],[116.90013744126294,-8.910607001759251,0],[116.89973741562471,-8.913246838215228,0],[116.89915739723324,-8.916176652213434,0],[116.89775744163714,-8.918236503284962,0],[116.89723743688083,-8.920206376190375,0],[116.8954975322211,-8.92066631533911,0],[116.89398761206121,-8.921256253176917,0],[116.89172773157418,-8.921996167437964,0],[116.8898778355746,-8.922426106846414,0],[116.88823793833761,-8.922166092052883,0],[116.88729797530097,-8.923176014990029,0],[116.88525809419124,-8.923335967443684,0],[116.88222828373351,-8.922825942336242,0],[116.87950847982387,-8.92107599559404,0],[116.8770586651186,-8.918996075127469,0],[116.87405886539631,-8.917786092288905,0],[116.8719790149434,-8.91645613327581,0],[116.8716490699195,-8.914516241388364,0],[116.8714291561581,-8.910556475245329,0],[116.8722891603437,-8.907576668964257,0],[116.87280920491678,-8.903466923103988,0],[116.8729992422385,-8.90092707935674,0],[116.87280929980211,-8.898307231744681,0],[116.87269936207088,-8.89533740560627,0],[116.87341935575165,-8.893317540744881,0],[116.87383934987963,-8.89229760960645,0],[116.87517927942298,-8.89180766405341,0],[116.87584924512812,-8.891477695592721,0],[116.87612925706533,-8.889947791635695,0],[116.87714923688742,-8.887717945089133,0],[116.87912918125413,-8.884358181902023,0],[116.88032913503478,-8.882908290092404,0],[116.8813590788063,-8.882678323707697,0],[116.8822090337153,-8.882358357437644,0],[116.88261903922881,-8.88074846164602,0],[116.88266908828004,-8.877938630022847,0],[116.8832090909391,-8.876068751703437,0],[116.88347910438303,-8.874458853891795,0],[116.88423906982351,-8.873808907008305,0],[116.8851790281298,-8.873108966263993,0],[116.88678895599759,-8.871819073238145,0],[116.88866888121339,-8.869809227203346,0],[116.89202873662202,-8.866669477674565,0],[116.89534860009162,-8.863389734592404,0],[116.8947586830837,-8.86079987764193,0],[116.89284881268449,-8.859959892676214,0],[116.89153890636993,-8.859159915414748,0],[116.89003903089497,-8.85727000221227,0],[116.88794921067652,-8.854290140561016,0],[116.88648934211707,-8.851880257650958,0],[116.88665936714835,-8.849960374710511,0],[116.88648942856207,-8.847140541130107,0],[116.88710771344795,-8.842922798632888,0],[116.8871094722649,-8.842910805293826,0],[116.8840676659746,-8.842168793028554,0],[116.88406123693773,-8.842167225324303,0],[116.88406068678673,-8.842167091285903,0],[116.88185980783511,-8.841630783690109,0],[116.87601018116177,-8.840340753850093,0],[116.86985059981855,-8.837590802742858,0],[116.86656980945224,-8.836866786839929,0],[116.8668108036722,-8.836340822175153,0],[116.86705079787954,-8.835900852806072,0],[116.86709079998556,-8.835680867303127,0],[116.86715080123659,-8.835430883410885,0],[116.86723079833693,-8.835370888142911,0],[116.86758078967341,-8.83468093496649,0],[116.86809077208879,-8.833980985843988,0],[116.86832076320258,-8.833701008057986,0],[116.86889073958746,-8.833081055128266,0],[116.86941072028476,-8.832511098134168,0],[116.86960071461364,-8.832221118840577,0],[116.86964071515976,-8.8320311321382,0],[116.86962072501908,-8.83159115825429,0],[116.8698107215499,-8.831101189658732,0],[116.87000071778927,-8.830761214867296,0],[116.8702007211285,-8.829951266443887,0],[116.87025072629952,-8.829521292637109,0],[116.87018073588372,-8.829191310364665,0],[116.86992077114871,-8.8281713677761,0],[116.86963079377189,-8.827851380859572,0],[116.8692308247528,-8.827471396916346,0],[116.86922083089289,-8.827171413689946,0],[116.86922083659206,-8.826801436224779,0],[116.86930084440982,-8.826221471745875,0],[116.86921085708138,-8.825701502433015,0],[116.86887089011753,-8.825081533109058,0],[116.86873090363345,-8.824791546344821,0],[116.86869091844744,-8.824141584757728,0],[116.86873091943589,-8.823951598065154,0],[116.86893091701475,-8.823381634217121,0],[116.86897092377487,-8.822911663801944,0],[116.86904092511945,-8.82263168191239,0],[116.8690809300625,-8.822261704737842,0],[116.8691209363763,-8.821781733951477,0],[116.86913093971764,-8.821501751916887,0],[116.86912094840811,-8.821171771246055,0],[116.86917094877445,-8.8208817892438,0],[116.86888097368252,-8.820531805267759,0],[116.8684210043684,-8.820381804211182,0],[116.86819102107634,-8.820191812420722,0],[116.86787104610515,-8.819851825610217,0],[116.86756107165725,-8.819481841989573,0],[116.86717110408505,-8.819001864274796,0],[116.86698112141903,-8.818721876647668,0],[116.86682113213622,-8.818601881215875,0],[116.8661911803309,-8.8180219036652,0],[116.86582121331283,-8.81746193090097,0],[116.8656712368303,-8.816591980296236,0],[116.8653012660081,-8.816281991595924,0],[116.86499128808885,-8.816071999292202,0],[116.86460131822871,-8.815772010286018,0],[116.86421134532166,-8.8155020182329,0],[116.8636713841389,-8.815222025355427,0],[116.86321141840658,-8.814772042657951,0],[116.86258146165837,-8.814472050099104,0],[116.86216148869806,-8.814352049833762,0],[116.86157152661195,-8.814232046240766,0],[116.86140154036087,-8.814082052015483,0],[116.86034163572434,-8.812252141386567,0],[116.85986167221313,-8.811882153419786,0],[116.85931171316125,-8.811422171927617,0],[116.85905173163141,-8.81126217611226,0],[116.85877175136974,-8.81110217984501,0],[116.85858176837841,-8.810862192020236,0],[116.85853177303201,-8.810712199104403,0],[116.8583717879191,-8.810442213343503,0],[116.85819180287376,-8.810192225144956,0],[116.8580518145942,-8.809962235422248,0],[116.85788182989036,-8.809762244332484,0],[116.85770184624467,-8.809472258220575,0],[116.85754185910625,-8.809272268047096,0],[116.85741187067097,-8.809082275936781,0],[116.85721188518552,-8.808932282032167,0],[116.85703189991754,-8.808722290058391,0],[116.85690191260143,-8.808412307443163,0],[116.85680192400547,-8.808152319737086,0],[116.85672193432856,-8.807892335098234,0],[116.85667193813974,-8.807792339936654,0],[116.85663194529866,-8.80757235101014,0],[116.85651195827569,-8.807232370183096,0],[116.85648196297052,-8.80708237918696,0],[116.85642196954566,-8.806872390164102,0],[116.85643197440635,-8.806642403679808,0],[116.85641198027287,-8.806392417756168,0],[116.85636198612931,-8.806212428989323,0],[116.85627199399896,-8.806062434960504,0],[116.85621200085843,-8.8058924435831,0],[116.85606201584606,-8.805532463143168,0],[116.85594202812082,-8.80527247567998,0],[116.85586203685406,-8.805092486210869,0],[116.85571205158307,-8.804732504721901,0],[116.85559206916717,-8.80427252961118,0],[116.85545208135117,-8.803992543607334,0],[116.85534209088556,-8.803832552198518,0],[116.85525209881997,-8.803682558826877,0],[116.85503211563915,-8.803432570006507,0],[116.85448215915531,-8.802952588118178,0],[116.85401219375228,-8.802592600592808,0],[116.85361222441352,-8.802262612657074,0],[116.85337224168049,-8.80202262266307,0],[116.85317225461893,-8.801952623826974,0],[116.85300226702962,-8.80181262798334,0],[116.85284227887037,-8.801742629215052,0],[116.85275228613949,-8.801632634750785,0],[116.85250230458294,-8.801452641354132,0],[116.85239230897417,-8.801512634570681,0],[116.85228232077853,-8.801262648385041,0],[116.85223232640203,-8.801142654692198,0],[116.8521623345638,-8.8009126667306,0],[116.85210234436802,-8.800652680798489,0],[116.85200235333409,-8.800462691371091,0],[116.85164238500703,-8.799862720923606,0],[116.85155239390683,-8.799702728157191,0],[116.8514923997867,-8.79957273461598,0],[116.85132241657767,-8.799202753109753,0],[116.85121242920826,-8.798942766276406,0],[116.85113243661894,-8.798722779011788,0],[116.85111244009903,-8.79862278501572,0],[116.85112244622,-8.798262806118894,0],[116.85114244922724,-8.798002821782886,0],[116.85120244894827,-8.797862831857792,0],[116.85129244501377,-8.797762839703239,0],[116.85142244014689,-8.797612850813186,0],[116.8516724312238,-8.797292874626315,0],[116.85174243041187,-8.797172882868637,0],[116.85191242409952,-8.796892901648866,0],[116.85206241909448,-8.796702917260092,0],[116.8521624141884,-8.796602925192488,0],[116.85236240603417,-8.796402940069592,0],[116.85253239865688,-8.796272951728948,0],[116.85261239631099,-8.79614295976233,0],[116.85273239524382,-8.795822980771634,0],[116.85277239622394,-8.795642993184776,0],[116.85282239480854,-8.79552300062356,0],[116.85292239306482,-8.795333014414979,0],[116.85301239203875,-8.795073031007862,0],[116.85309239381941,-8.794733052789844,0],[116.8531123976472,-8.794423072049428,0],[116.85320240075505,-8.7939831007141,0],[116.85327240206854,-8.793693119286434,0],[116.85332240261471,-8.793523130411293,0],[116.85339240342334,-8.793213150097332,0],[116.85340240777752,-8.792923167892726,0],[116.85343241192096,-8.792663183604223,0],[116.85343241594316,-8.79243319677761,0],[116.85347242622414,-8.7917232403169,0],[116.85342244529157,-8.790863289973313,0],[116.85327246238188,-8.790413315228875,0],[116.85295249096038,-8.789923338837546,0],[116.85286251565196,-8.78883340217207,0],[116.85285253428066,-8.787893457351032,0],[116.85281255943075,-8.78669352916209,0],[116.852822568653,-8.786073564771836,0],[116.85324255531424,-8.785533606337138,0],[116.85392251480037,-8.785503619693136,0],[116.8543124922266,-8.785483628780598,0],[116.8547424668147,-8.785383642947483,0],[116.85501245410268,-8.785253654737044,0],[116.8553624371829,-8.785073672723279,0],[116.8556224241277,-8.784933686226351,0],[116.85598240584572,-8.784753702929889,0],[116.85625239204224,-8.784633714150212,0],[116.85652237918333,-8.784503727550302,0],[116.85688235986545,-8.784333743714651,0],[116.85709934783367,-8.784256753925584,0],[116.8575726537447,-8.783793283965103,0],[116.85758132774818,-8.783784789304754,0],[116.8588822734312,-8.782513890211703,0],[116.86064218938432,-8.781383990435632,0],[116.8604822840701,-8.776784261597506,0],[116.86026250364834,-8.76559492560548,0],[116.86028252893207,-8.764145012608076,0],[116.86061252298956,-8.763475059431903,0],[116.86106250178271,-8.763105089103707,0],[116.86210244243787,-8.763035112851004,0],[116.86287239456288,-8.763045127347553,0],[116.86372235066075,-8.762715161688364,0],[116.86433230282259,-8.763315138065414,0],[116.86466228301964,-8.763335142176459,0],[116.86470228127816,-8.763335142926467,0],[116.86483227207874,-8.763375142897143,0],[116.86495226510446,-8.763395143975035,0],[116.86502226124703,-8.763425144704046,0],[116.86513225294605,-8.763455144314939,0],[116.86526224390758,-8.763515143033894,0],[116.86533223839244,-8.763575141143479,0],[116.86535377963945,-8.763622940839385,0],[116.86536423456504,-8.763646137311595,0],[116.86538223394821,-8.763685134783282,0],[116.86537223206953,-8.763795127856675,0],[116.8653522307556,-8.763945118774716,0],[116.86533222768112,-8.764115107679595,0],[116.86536222185698,-8.764345094795392,0],[116.86534222293508,-8.764415090132486,0],[116.86534222141552,-8.764495085708372,0],[116.86532221979026,-8.764575081394215,0],[116.8653122186663,-8.764655075215208,0],[116.86529221822222,-8.764815065569392,0],[116.86527221667438,-8.764925058686702,0],[116.86523221613272,-8.76510504803453,0],[116.86519221707314,-8.765195040548113,0],[116.86519221460941,-8.765275037024413,0],[116.86517221475911,-8.76536503124056,0],[116.86515221395781,-8.765445026008305,0],[116.86516221211433,-8.765555018963648,0],[116.86516220970746,-8.765655013426553,0],[116.86515220939408,-8.765725008696313,0],[116.86516220924698,-8.765795004770236,0],[116.86518220431986,-8.765904998576339,0],[116.86521220332058,-8.765934996761445,0],[116.86526219729194,-8.766034992769843,0],[116.86530219336221,-8.766104988678633,0],[116.86536218872878,-8.766174985377289,0],[116.86541218364239,-8.766264981919853,0],[116.86547217988443,-8.76631497880469,0],[116.8655621740003,-8.766324981332367,0],[116.86568216705788,-8.766334981839243,0],[116.86578216087922,-8.766354982792421,0],[116.8659221523362,-8.766364983993984,0],[116.86610214130638,-8.766344990124688,0],[116.86631212919512,-8.76632499411991,0],[116.86639212362897,-8.7663249961797,0],[116.86650211693123,-8.766314999425019,0],[116.86658211318263,-8.766314999636169,0],[116.86665210887959,-8.766315000824266,0],[116.86674210394084,-8.766325002167232,0],[116.86684209675784,-8.766325003947099,0],[116.86703208638401,-8.766325008432965,0],[116.86709208334806,-8.766325008734837,0],[116.86726207333369,-8.766285013710448,0],[116.86739206743732,-8.766245019048625,0],[116.86759205537433,-8.766205025354626,0],[116.86762020984555,-8.766180893631464,0],[116.86762705292034,-8.766175028419928,0],[116.86766205227987,-8.76614502967348,0],[116.86780204492192,-8.766095036209512,0],[116.86786204174682,-8.766085036941405,0],[116.86788004138786,-8.766078038646747,0],[116.86885199535992,-8.765405096428006,0],[116.86994194459075,-8.764525168843251,0],[116.87115188794031,-8.763775235586726,0],[116.8719318463903,-8.76349526729774,0],[116.87640159326497,-8.762725396273932,0],[116.87689156684739,-8.762595413116134,0],[116.87712075578347,-8.76239512144417,0],[116.87712955496245,-8.762387429564683,0],[116.88063140325536,-8.759325677335351,0],[116.88092139039999,-8.75910569570482,0],[116.88116137687734,-8.75903570444689,0],[116.88141136407037,-8.75895571400171,0],[116.8816013526684,-8.75889572070967,0],[116.881801343385,-8.75883572773365,0],[116.88202133190536,-8.758735737637426,0],[116.88219132315167,-8.75865574703529,0],[116.88237131294152,-8.758595753855458,0],[116.88249130569228,-8.758565756604458,0],[116.88272129372037,-8.758455767031615,0],[116.88300128022553,-8.758355778674856,0],[116.88321126923213,-8.75826578785794,0],[116.88354125168094,-8.758095803859028,0],[116.88378124074165,-8.757975816348644,0],[116.8840212282018,-8.757845829225394,0],[116.88418122011285,-8.757765835553004,0],[116.88438121072106,-8.757655845717318,0],[116.8845312019874,-8.75760585173286,0],[116.88468119532925,-8.757495860942292,0],[116.88491118189711,-8.757495864956091,0],[116.88501117721013,-8.757435870579005,0],[116.88527116319872,-8.757345881133112,0],[116.88542115489135,-8.757275887875725,0],[116.88554114756495,-8.757255891818389,0],[116.88570114000754,-8.7572258956895,0],[116.88581913306692,-8.757176900962431,0],[116.88594112915358,-8.757035912387478,0],[116.88621112317777,-8.756535946593464,0],[116.88636111871051,-8.756235968112819,0],[116.88639199973119,-8.75609499993924,0],[116.88640311864675,-8.756090976358763,0],[116.88690109144336,-8.755935995089668,0],[116.8870210847711,-8.75587600162223,0],[116.88715107977148,-8.755766011088307,0],[116.88735107139199,-8.75561602271287,0],[116.88738106942154,-8.75558602602806,0],[116.88739106934624,-8.75556602737152,0],[116.88752106258833,-8.755446037245672,0],[116.88776105617272,-8.75511606121109,0],[116.8879410475945,-8.754966072005223,0],[116.88796104682145,-8.754946073580086,0],[116.88813103756969,-8.754876082429009,0],[116.88823103181191,-8.754846084653773,0],[116.88876100420696,-8.754706102754714,0],[116.88879100065843,-8.754696104875215,0],[116.88909098558482,-8.75453612014396,0],[116.88938097522595,-8.754266140890946,0],[116.88939097387359,-8.75425614163912,0],[116.88956096694628,-8.754096154686168,0],[116.88957096558433,-8.754086156333884,0],[116.88961096467823,-8.754046159305279,0],[116.88976095784152,-8.753936168253095,0],[116.88985095393288,-8.753876174173847,0],[116.88997094858398,-8.753786181366502,0],[116.88998094811231,-8.753776182098727,0],[116.89005094438,-8.753726186139646,0],[116.89021093721158,-8.753586196710764,0],[116.89038093014213,-8.753446209204006,0],[116.89040092915822,-8.75342621064569,0],[116.89059092223906,-8.753246223749294,0],[116.89066091909189,-8.753156230730392,0],[116.89076091490779,-8.753056238755157,0],[116.89080091304315,-8.75300624213331,0],[116.89094090797464,-8.752846255828947,0],[116.89102090504915,-8.75269626613331,0],[116.89104090617137,-8.752656268615256,0],[116.89121090225039,-8.752296293447987,0],[116.89122090205792,-8.752266295220508,0],[116.89121090436646,-8.752176299896137,0],[116.89115091384748,-8.75183631990792,0],[116.89117213328323,-8.751752297053725,0],[116.89117591440514,-8.751737324725232,0],[116.8911909137428,-8.75167632914736,0],[116.89128091101664,-8.751556337933602,0],[116.89140090668548,-8.751396350215876,0],[116.89144090739406,-8.75128635674005,0],[116.8914609083318,-8.751196362783274,0],[116.89151090928335,-8.750916381287055,0],[116.8914909129876,-8.75078638795698,0],[116.89139092117324,-8.750646393927406,0],[116.89124093485003,-8.750416404810824,0],[116.89124093502468,-8.750406406251717,0],[116.89119094519475,-8.749996430153493,0],[116.89139093683096,-8.749836442790203,0],[116.89138093875971,-8.74971644997127,0],[116.89141094518287,-8.749306475119482,0],[116.89160093913782,-8.74902649481067,0],[116.89161093832998,-8.749026494959729,0],[116.89179092902299,-8.748926504762084,0],[116.8920909141073,-8.74878651917698,0],[116.89210091344464,-8.748776519848267,0],[116.89213091311552,-8.748696525441188,0],[116.89215091509278,-8.748516535343411,0],[116.8922309137633,-8.748346547315947,0],[116.89225091437171,-8.748316550089974,0],[116.89227191273586,-8.748272552991029,0],[116.89258089429033,-8.748256559315205,0],[116.89283089320112,-8.747526607664566,0],[116.89340086705643,-8.747106642626987,0],[116.89432082039085,-8.746656686580737,0],[116.89531076997342,-8.746196732773951,0],[116.89568076797792,-8.745086805322176,0],[116.89691071761125,-8.743866902069076,0],[116.8980306614352,-8.743286957355622,0],[116.89924059714207,-8.74281700658545,0],[116.89948059093892,-8.742397035595115,0],[116.90033053892691,-8.74247704785155,0],[116.90108049343739,-8.742557057439054,0],[116.90167046141217,-8.74231708169051,0],[116.90223043014753,-8.742257096802062,0],[116.9025304023529,-8.742747072196591,0],[116.902710380904,-8.743337040208498,0],[116.90288036274563,-8.743727019765092,0],[116.90302034919887,-8.744027005373775,0],[116.90308034284517,-8.744166997938168,0],[116.90318033477833,-8.744316991142718,0],[116.90334031495401,-8.744836961944417,0],[116.90364029101073,-8.745176947093828,0],[116.90430024888965,-8.745306951943208,0],[116.90466022711173,-8.745346957387344,0],[116.90486021365645,-8.745396957084312,0],[116.90500020474224,-8.745446957010309,0],[116.90514019669736,-8.745446958628426,0],[116.90528018763882,-8.745486959885438,0],[116.90540017920004,-8.745556957221428,0],[116.90556016813733,-8.745626957258315,0],[116.90572015788938,-8.745646958971331,0],[116.9058601499218,-8.745646961228687,0],[116.9068900815602,-8.745946962044878,0],[116.9076800156385,-8.746956915612046,0],[116.90795999422315,-8.747286901155311,0],[116.90917992000874,-8.747326922212626,0],[116.90978988320167,-8.747366930209969,0],[116.91017930281816,-8.747674379640092,0],[116.91018885376542,-8.747681920176618,0],[116.91016984518316,-8.748206888319922,0],[116.91012984159794,-8.748466871385899,0],[116.91008984118665,-8.748686858373144,0],[116.91003983895041,-8.748966839796383,0],[116.91003983734876,-8.749056835024884,0],[116.91002983705728,-8.74910683180691,0],[116.91001983238387,-8.749356817077768,0],[116.91004982771184,-8.749536805613737,0],[116.91009982142276,-8.749686797773057,0],[116.9102298092733,-8.749956784444565,0],[116.91023980800605,-8.74999678288398,0],[116.91025980514576,-8.750066777578814,0],[116.91025980490178,-8.75008677742201,0],[116.91026980315502,-8.75016677192863,0],[116.91026979978727,-8.750256767151564,0],[116.91026979319072,-8.750686740706069,0],[116.91029978262152,-8.751146715243975,0],[116.91033977407233,-8.751496694365551,0],[116.91034977261674,-8.751556690832007,0],[116.91038976615381,-8.751776678660981,0],[116.91055974702125,-8.752246653177934,0],[116.91071973190769,-8.752536639349092,0],[116.91072973097913,-8.752556637930525,0],[116.91079972494109,-8.752656632833823,0],[116.9108597196429,-8.752756628082594,0],[116.91096970781379,-8.752976616943464,0],[116.91105970062775,-8.753156607723254,0],[116.91106969801564,-8.75325660203841,0],[116.91106969154677,-8.753536586231725,0],[116.9110696920514,-8.75357658319831,0],[116.91105968969607,-8.753696576269165,0],[116.91105968908704,-8.753756573074975,0],[116.91102968704529,-8.753976559736268,0],[116.91096968542683,-8.754256540662103,0],[116.91099967637275,-8.754676516296508,0],[116.91103967031148,-8.754836508129921,0],[116.91110966402054,-8.754966501369857,0],[116.91121965541241,-8.755076496004422,0],[116.91143963637894,-8.755416479684445,0],[116.9115496231373,-8.75576646142415,0],[116.91155961621615,-8.756066444141146,0],[116.91148961615735,-8.756296428163227,0],[116.91147961694713,-8.756326426031961,0],[116.91140961899839,-8.756416420221099,0],[116.91121962632207,-8.756656401766078,0],[116.91112962808275,-8.756836389114467,0],[116.91111962615486,-8.756996380934082,0],[116.91115962093735,-8.75714637236795,0],[116.91128960680044,-8.757446356094361,0],[116.91145959095475,-8.757756341367532,0],[116.91153958260811,-8.75797633023584,0],[116.91158957457415,-8.758206316967136,0],[116.91164956945339,-8.75830631116762,0],[116.91168956618,-8.758376307720711,0],[116.91184955367926,-8.75854630067605,0],[116.91218952583571,-8.758876287038834,0],[116.91222952377623,-8.758926284604124,0],[116.9122795197567,-8.75898628304491,0],[116.91235951269523,-8.759126276012017,0],[116.91243950621383,-8.759256270401307,0],[116.91259949170154,-8.759426262133431,0],[116.91266948715742,-8.759496259181635,0],[116.91481229793179,-8.762818100654522,0],[116.91495129036753,-8.7628281033728,0],[116.92875844699623,-8.763776300949496,0],[116.93073832465659,-8.763936329320783,0],[116.93573801410217,-8.764646378582514,0],[116.93590799758682,-8.764986361295035,0],[116.93593799034811,-8.76526634603463,0],[116.93630795861972,-8.765806319182142,0],[116.93677792465407,-8.766136308141188,0],[116.93683791897885,-8.766206306300274,0],[116.93709789593747,-8.766626284753553,0],[116.93725787712714,-8.767146258282455,0],[116.93737786405886,-8.767446242276934,0],[116.9410476777122,-8.765636417104787,0],[116.9452874032327,-8.76681642478913,0],[116.94942715500406,-8.766806501833313,0],[116.9491470924182,-8.771176236923562,0],[116.95094698172471,-8.771326260736888,0],[116.95226687193154,-8.773006184590136,0],[116.95405674635047,-8.774056156021935,0],[116.95416670770386,-8.775746056353745,0],[116.95584660405518,-8.775956075281679,0],[116.95791647060994,-8.77641608537692,0],[116.95944637612713,-8.776706097116714,0],[116.96090628309473,-8.776956109318254,0],[116.96335613084483,-8.7772061400174,0],[116.96509604860658,-8.776086238173464,0],[116.96552604935498,-8.77466633089428,0],[116.96553607669692,-8.773136423333193,0],[116.9670460408428,-8.770226625151313,0],[116.97014588205037,-8.768856762868971,0],[116.97276574255623,-8.767806875311418,0],[116.97726559157806,-8.761457336732985,0],[116.98055548611079,-8.756587688646599,0],[116.9845752827521,-8.754537885052082,0],[117.00365408142079,-8.757928035549465,0],[117.01173368521306,-8.753278463064305,0],[117.01908324365554,-8.753368594210729,0],[117.02416296156544,-8.752228755037407,0],[117.0308226171698,-8.749439046097242,0],[117.0329525202592,-8.747799181683659,0],[117.03721227135932,-8.747459282291624,0],[117.0412020115805,-8.748539290620007,0],[117.04473181728706,-8.747719404934223,0],[117.04881158202248,-8.747259508411023,0],[117.05292133881113,-8.747149589864062,0],[117.05458122287176,-8.748059566371785,0],[117.0621808525693,-8.743489981087922,0],[117.06507071762226,-8.741450155616397,0],[117.0686405199744,-8.74063027133882,0],[117.07530999977578,-8.74721999991474,0]]]},"properties":{"OBJECTID":4,"KABUPATEN":"Sumbawa Barat","KECAMATAN":"Kec. Brang Ene","SUMBERDATA":"PERMENDAGRI NO.123 TAHUN 2017 TENTANG BATAS KSB_KS","Luas":25262.1327241,"Shape_Leng":96331.6557686,"Shape_Area":252621327.241}},{"type":"Feature","geometry":{"bbox":[116.71158085398868,-8.836832953842807,116.9226659544246,-8.641853069440046],"type":"MultiPolygon","coordinates":[[[[116.80156098268618,-8.806892030226793,0],[116.80145201231196,-8.80693501942101,0],[116.8011090264224,-8.806836988919448,0],[116.80092801259941,-8.806713001105303,0],[116.80087997834478,-8.80666097703153,0],[116.80084798739283,-8.80661203498032,0],[116.80093601925034,-8.806183972756473,0],[116.8009929811638,-8.80608796258077,0],[116.80115897065197,-8.805980977682117,0],[116.80122301778583,-8.805954966065574,0],[116.80152699113772,-8.80609602165911,0],[116.80163399926009,-8.806217981151478,0],[116.80167003693087,-8.806269999712104,0],[116.80172096497239,-8.806662957960862,0],[116.80170387954051,-8.80674361887284,0],[116.8016999924258,-8.806761970301903,0],[116.80161476821117,-8.806845666110018,0],[116.8015900117494,-8.806869979033083,0],[116.80156098268618,-8.806892030226793,0]]],[[[116.71976102678542,-8.748715021143834,0],[116.71984703427981,-8.74889296588765,0],[116.71994500402099,-8.74931400221679,0],[116.71999499408773,-8.749633990889196,0],[116.7200319804493,-8.749999998680144,0],[116.72009702112521,-8.750645011789127,0],[116.72006967554654,-8.750728077211877,0],[116.7200694413554,-8.750728789793161,0],[116.71999002164355,-8.750970039140672,0],[116.71992498158001,-8.751024972612516,0],[116.71964099045404,-8.751035977412359,0],[116.71948903157724,-8.751129010440318,0],[116.71901901385392,-8.751475017958917,0],[116.71896501767108,-8.751498040179985,0],[116.71871099490481,-8.751534022871109,0],[116.71826503658984,-8.751584966999596,0],[116.71799312766349,-8.751584381906822,0],[116.71799178298843,-8.751584379095966,0],[116.71747584784212,-8.751583268029286,0],[116.71747563145743,-8.75158326786777,0],[116.71736502898992,-8.751583029721578,0],[116.71733100427586,-8.75156799305771,0],[116.7172290239156,-8.751694974378738,0],[116.71717136073559,-8.751755513598786,0],[116.71717128794317,-8.751755590427788,0],[116.71710800337053,-8.751822031890264,0],[116.71700002008313,-8.751858034804245,0],[116.71692997309358,-8.751791965824816,0],[116.71689699988089,-8.751674017422381,0],[116.71686267750695,-8.751626989768363,0],[116.71686258940747,-8.751626869402577,0],[116.71685903001776,-8.751621991428662,0],[116.71671501335388,-8.751622967274935,0],[116.71600298059164,-8.751584994212937,0],[116.71586802555437,-8.751597010658287,0],[116.7157894241597,-8.751606690510956,0],[116.71578872766244,-8.751606776820983,0],[116.7157060018388,-8.751616964607638,0],[116.71543950476716,-8.751535684948841,0],[116.71543815403886,-8.751535273285695,0],[116.7150622063634,-8.75142061151838,0],[116.71506161553405,-8.75142043107607,0],[116.71504702295363,-8.75141598075425,0],[116.71467045994325,-8.751334838388846,0],[116.71467030813523,-8.75133480571205,0],[116.71457069573233,-8.751313340751958,0],[116.71456902129907,-8.751312980398751,0],[116.71455567750411,-8.751316263658465,0],[116.7145556065751,-8.75131628079066,0],[116.71435443751604,-8.751365781223582,0],[116.71434464745668,-8.751368189782502,0],[116.71432097526257,-8.75137401505372,0],[116.71429401721275,-8.75133106664918,0],[116.71427702075928,-8.751303988159023,0],[116.71432303438942,-8.75122995796876,0],[116.7144549784455,-8.751134019334721,0],[116.71450446176414,-8.751077465971917,0],[116.71450448906292,-8.75107743523916,0],[116.714545995563,-8.75102999874503,0],[116.71463902578127,-8.750743036103518,0],[116.71453201812677,-8.750680015071906,0],[116.71451177776481,-8.75067557313443,0],[116.71451151323842,-8.750675515046288,0],[116.71433600588531,-8.75063700065427,0],[116.71421302862463,-8.750573968387927,0],[116.71401699315618,-8.750465027652714,0],[116.71381597163904,-8.750404014858804,0],[116.71361702439856,-8.750377005879365,0],[116.71340998676598,-8.750340044676744,0],[116.71319700818478,-8.750230007096564,0],[116.71302097194115,-8.750142968347882,0],[116.71276798601808,-8.749999983266763,0],[116.71261496415666,-8.74991504126411,0],[116.71226377912097,-8.749606722762431,0],[116.71226299593994,-8.749606035643962,0],[116.7119390021931,-8.749179388690296,0],[116.71193894224818,-8.7491793099523,0],[116.71178000873374,-8.748970019205982,0],[116.71168101532682,-8.74882099995119,0],[116.71164901175548,-8.748712005617984,0],[116.71171639654757,-8.748517442512206,0],[116.71171673095522,-8.748516478558928,0],[116.71171896338558,-8.748510032005276,0],[116.71172151546565,-8.748508805623429,0],[116.7117219220156,-8.748508610558744,0],[116.7118709812853,-8.748436988213397,0],[116.71201799832788,-8.748433030665506,0],[116.71223702021409,-8.748482029880998,0],[116.71224377706775,-8.748486913039866,0],[116.71227170588237,-8.748507097606515,0],[116.71227218929356,-8.748507447114815,0],[116.71239196992275,-8.748594013820401,0],[116.71250603283218,-8.748645012613292,0],[116.71252164075285,-8.74864599228987,0],[116.71307899304016,-8.748680987240585,0],[116.71310416067442,-8.748692968460125,0],[116.71332899900527,-8.748800004842272,0],[116.71334479769729,-8.748803576956204,0],[116.7135589636359,-8.748851998282355,0],[116.71386297729374,-8.74893198968664,0],[116.71448403297532,-8.748816976064333,0],[116.7154409832332,-8.74885504461242,0],[116.71605099482763,-8.748968995131099,0],[116.71645802282715,-8.748940000353377,0],[116.71678403471249,-8.748878025785675,0],[116.71708697585542,-8.748890009095813,0],[116.71712199026462,-8.74888596586405,0],[116.71727097168034,-8.748861026719613,0],[116.71748800766835,-8.748760989747751,0],[116.71767334414866,-8.74865273595467,0],[116.7176733787129,-8.748652715176696,0],[116.71776776054911,-8.748597586871863,0],[116.71777901560262,-8.748591013136918,0],[116.71799097979148,-8.74855400291338,0],[116.71822124376718,-8.748507318878945,0],[116.71822296963953,-8.748506969213157,0],[116.7185300308281,-8.748322985844911,0],[116.71872767558767,-8.74821054283189,0],[116.71874100883011,-8.748202957558998,0],[116.718924016085,-8.748191970680661,0],[116.71910997080964,-8.748248992448039,0],[116.71932000977357,-8.748380998738552,0],[116.71976102678542,-8.748715021143834,0]]],[[[116.76948852851804,-8.712422530476381,0],[116.76948102641371,-8.712423027933726,0],[116.7694796974147,-8.712422883309827,0],[116.76939393425461,-8.712413550962621,0],[116.76924603449383,-8.712397456714067,0],[116.76904897361287,-8.712376013088061,0],[116.76867497362154,-8.712277031561838,0],[116.76829748909758,-8.712082398616872,0],[116.76825599514206,-8.712061004139047,0],[116.7681685983786,-8.711973601760684,0],[116.76812099606964,-8.711925995197342,0],[116.76808357714972,-8.71183890910601,0],[116.76806065466411,-8.711785563059697,0],[116.7680200176748,-8.711690987416855,0],[116.76802261226284,-8.711652549790273,0],[116.76802330311335,-8.711642314710524,0],[116.76803000426393,-8.711543044567103,0],[116.76808297268292,-8.711225023778661,0],[116.76797100424564,-8.710699989830164,0],[116.76802995298561,-8.710502197317783,0],[116.7680363051623,-8.710480882657732,0],[116.76806399856413,-8.710387962350843,0],[116.76819515727382,-8.71005028161279,0],[116.76822948137684,-8.70996191142896,0],[116.76846598007296,-8.709353018670997,0],[116.76855912681847,-8.709196981237332,0],[116.76856775378818,-8.709182529608318,0],[116.76865102494165,-8.709043036068097,0],[116.7686987262602,-8.708958610423217,0],[116.76870609327423,-8.708945572687343,0],[116.76870700698451,-8.708943955063894,0],[116.76894797041813,-8.70851599138057,0],[116.7692285603909,-8.708041428284528,0],[116.76923850965375,-8.708024601276607,0],[116.7692560057209,-8.707995010697696,0],[116.76975601269544,-8.707354956983515,0],[116.770334350953,-8.706745001494179,0],[116.77034003541826,-8.706739007079065,0],[116.7703452144081,-8.706734551845308,0],[116.77072598625172,-8.706406989366728,0],[116.771133010678,-8.706180970614987,0],[116.77115757354649,-8.706175484123282,0],[116.77147300395822,-8.706105029203984,0],[116.77147350759519,-8.706105012320728,0],[116.77182103180832,-8.706093098594136,0],[116.77182224908304,-8.706093056811984,0],[116.77182300362969,-8.706093031033573,0],[116.77183363280712,-8.706094053180525,0],[116.77223713889315,-8.70613286897776,0],[116.77238397756757,-8.706146994051421,0],[116.77238430292346,-8.70614714710936,0],[116.77259598137357,-8.706246958641954,0],[116.77269607017165,-8.70633472217566,0],[116.77270374869417,-8.70634145455638,0],[116.77280703397527,-8.7064320212588,0],[116.7730953069429,-8.70675638736365,0],[116.77310053240086,-8.706762267123477,0],[116.77337402884902,-8.707070004625693,0],[116.77361796415947,-8.70754899271268,0],[116.77359127299384,-8.707714894977428,0],[116.77358997361179,-8.707722970630599,0],[116.77355272414454,-8.707813694964502,0],[116.77355267407238,-8.707813816139879,0],[116.77345199344698,-8.708059029361271,0],[116.77338531732752,-8.708159845925705,0],[116.77338424818718,-8.708161462563888,0],[116.7732489631944,-8.70836601880196,0],[116.77308588987707,-8.708530412356355,0],[116.77308587168403,-8.708530431340344,0],[116.77308563790844,-8.708530667279625,0],[116.77300196628887,-8.708615015955433,0],[116.77292610926601,-8.70866589855696,0],[116.77292143743345,-8.708669031725517,0],[116.77276799173566,-8.708771957243552,0],[116.77260022605537,-8.708814787120252,0],[116.77256796418978,-8.708823023348536,0],[116.77255419544127,-8.708825735899325,0],[116.77223801968171,-8.708888027947644,0],[116.7721159761002,-8.709023966037625,0],[116.77205059707431,-8.709166221727898,0],[116.77203816537707,-8.709193271973927,0],[116.77201899760284,-8.709234978579959,0],[116.77201899272862,-8.709243027866682,0],[116.77187400830987,-8.70975397899662,0],[116.77185965033964,-8.709798856093192,0],[116.77185801088595,-8.709803980098187,0],[116.77185639757722,-8.709807964428508,0],[116.7715640212392,-8.710529981717817,0],[116.77136602412853,-8.710814997846994,0],[116.77100405106492,-8.711267784270927,0],[116.77100129170715,-8.711271236051237,0],[116.77079603101602,-8.71152799311012,0],[116.77057781683202,-8.71172746646947,0],[116.77053480759099,-8.711766781532123,0],[116.77036498358031,-8.711922020569927,0],[116.7702570632566,-8.712020016658654,0],[116.77025600358175,-8.712020979327784,0],[116.77024650748777,-8.712028037858781,0],[116.7697412849529,-8.712403564898503,0],[116.76973800619706,-8.712406002391994,0],[116.76958263210216,-8.712416296616382,0],[116.76949905255489,-8.712421834048634,0],[116.76948852851804,-8.712422530476381,0]]],[[[116.7712500216672,-8.687901040979662,0],[116.7713179641306,-8.688097955331774,0],[116.77129899006518,-8.688136761302271,0],[116.77129224124167,-8.688150564707538,0],[116.77126903129263,-8.688198035218155,0],[116.77125569711615,-8.688212390949142,0],[116.77125351856657,-8.688214736863817,0],[116.77120497557046,-8.688266996962248,0],[116.77119122593324,-8.68855428777336,0],[116.7711906007803,-8.688567352243494,0],[116.77117597460287,-8.688872972562097,0],[116.77114693216139,-8.688962549354445,0],[116.77114683562246,-8.68896284869164,0],[116.77112798703467,-8.68902098425618,0],[116.77103797365531,-8.689126013373107,0],[116.7708804716592,-8.6891594283712,0],[116.77086241867238,-8.689163259002612,0],[116.77085902845319,-8.68916397786459,0],[116.77079774447142,-8.689166524317331,0],[116.7705929969699,-8.689175032944302,0],[116.77039282635677,-8.68924642986155,0],[116.77039272906937,-8.689246464174598,0],[116.76986402786012,-8.689435040120118,0],[116.76978729373485,-8.689458722878179,0],[116.76975298854013,-8.689469310331038,0],[116.76970445701932,-8.689484288755597,0],[116.76970201398672,-8.689485042551103,0],[116.76970107774123,-8.689484946106575,0],[116.76969966791935,-8.689484800531984,0],[116.76947903035185,-8.689462027992402,0],[116.76940402903249,-8.689410977814296,0],[116.76938103304938,-8.689261025738626,0],[116.76944899367395,-8.688935960831941,0],[116.76955423562924,-8.688675962264986,0],[116.76957995455909,-8.688612424637885,0],[116.76968899362161,-8.68834304305113,0],[116.76986401002067,-8.687990008107528,0],[116.7699166162433,-8.687917332066815,0],[116.76992013533327,-8.687912470602495,0],[116.7699685410083,-8.687845598113645,0],[116.76996868566575,-8.687845398302663,0],[116.76996896315278,-8.687845015859372,0],[116.76999004163636,-8.68784814735317,0],[116.77037112505596,-8.687904753842433,0],[116.7703723075968,-8.687904929126585,0],[116.77037302112038,-8.687905035384883,0],[116.77037468759605,-8.68790466644123,0],[116.77052730784976,-8.68787086789749,0],[116.77071405854326,-8.687829510873051,0],[116.7708429898857,-8.687800958623917,0],[116.77104000440744,-8.687758030129777,0],[116.77104096513307,-8.687758225177982,0],[116.77106161845559,-8.687762428210117,0],[116.77107315443163,-8.687764775123892,0],[116.77114116870183,-8.687778613467286,0],[116.77114282383958,-8.687778950941336,0],[116.77114298199145,-8.687778982694379,0],[116.7712500216672,-8.687901040979662,0]]],[[[116.72898649092296,-8.685657688926343,0],[116.72874299365043,-8.685929033830178,0],[116.72834501563679,-8.686289035762943,0],[116.72831394783381,-8.68632836814259,0],[116.72831282689667,-8.686329786526905,0],[116.72828897239502,-8.686359986639953,0],[116.72806802764028,-8.686633026829284,0],[116.72804362965883,-8.686680675524155,0],[116.72803719744687,-8.686693236449294,0],[116.728001973201,-8.686762027677162,0],[116.7279560171436,-8.686876030628984,0],[116.72778098110821,-8.68699798979623,0],[116.72742899414013,-8.687294992451331,0],[116.7267890002316,-8.687622986962733,0],[116.7266977380875,-8.687637460706704,0],[116.72669347972067,-8.687638136039402,0],[116.72666369115356,-8.687642859763136,0],[116.72666298294081,-8.687642972319619,0],[116.72666221027171,-8.687642968147534,0],[116.72656261683997,-8.687642460747846,0],[116.72650381489125,-8.687642161683533,0],[116.72647796501411,-8.687642030072682,0],[116.72647701599473,-8.68764202486917,0],[116.72642945314507,-8.687680741032027,0],[116.72639346083541,-8.687710038646422,0],[116.72628298803147,-8.687799963023744,0],[116.72624501877777,-8.687816436810836,0],[116.72622772728977,-8.687823939096623,0],[116.72618003657001,-8.687844629976343,0],[116.72617110711947,-8.687848503927945,0],[116.72617101982543,-8.687848541854837,0],[116.72616999230185,-8.687848987946733,0],[116.72591997757733,-8.68779101976686,0],[116.72580742919186,-8.687757261054815,0],[116.72579133020955,-8.687752432032546,0],[116.72579103665797,-8.687752344083515,0],[116.72579003058529,-8.687752042156623,0],[116.72571728994478,-8.68780007470191,0],[116.7256985149947,-8.687812472935553,0],[116.72567799205609,-8.687826024974878,0],[116.72555097725795,-8.68798003200372,0],[116.72556283388683,-8.688032272611979,0],[116.7255629997092,-8.68803300086523,0],[116.7255630069571,-8.688033034337467,0],[116.72556306963978,-8.68803308955796,0],[116.72556350478588,-8.688033471576187,0],[116.72559596721287,-8.688061997090003,0],[116.7255430013128,-8.688228988342626,0],[116.72546229915478,-8.688290947332458,0],[116.72545697837202,-8.6882950328085,0],[116.72529885900853,-8.688275591235287,0],[116.72517939259193,-8.688260902647787,0],[116.7251070350369,-8.68825200613522,0],[116.72501655214471,-8.688184806934112,0],[116.7249851304438,-8.688161470415668,0],[116.72497503207194,-8.688153971039926,0],[116.72465265963248,-8.687988962086735,0],[116.7243050169085,-8.687811018132482,0],[116.72424402994027,-8.687772991667474,0],[116.72430293369707,-8.687579167065088,0],[116.72430743237125,-8.68756436161459,0],[116.72432698159014,-8.687500034954244,0],[116.72436365043123,-8.687392202690724,0],[116.72437798654771,-8.687350042801489,0],[116.7244409910048,-8.687192011851415,0],[116.72445366297353,-8.687161902501062,0],[116.72445717608345,-8.687153556375332,0],[116.7244889716395,-8.687078010821603,0],[116.72448956521347,-8.687050637940919,0],[116.72448963669123,-8.687047360938045,0],[116.7244898690693,-8.687036607338056,0],[116.72449098941742,-8.686984955870932,0],[116.72436198857699,-8.6868820401777,0],[116.72424835968987,-8.686782459650248,0],[116.72423122102052,-8.68676743955615,0],[116.72417598956432,-8.68671903613858,0],[116.72416711195179,-8.686661932264768,0],[116.72416696266495,-8.686660971562805,0],[116.72417751338944,-8.686645224369803,0],[116.72424200073512,-8.686548979162437,0],[116.72447599622426,-8.686473997685805,0],[116.72475802911453,-8.686409995365572,0],[116.72482988500423,-8.686375837603741,0],[116.72483647224806,-8.686372706407367,0],[116.72491796710372,-8.686333966984568,0],[116.72502834755527,-8.686180964822142,0],[116.72502901545201,-8.686180039081329,0],[116.72503112835788,-8.686177079225754,0],[116.72523100440506,-8.685897038293696,0],[116.72534101678148,-8.685826038117478,0],[116.72534191306177,-8.68582605866242,0],[116.72536659985138,-8.68582663272076,0],[116.72552923469404,-8.685830414015193,0],[116.72563935534376,-8.685832973447644,0],[116.725642036912,-8.685833035979641,0],[116.72590760061436,-8.685872666509185,0],[116.72590789510573,-8.685872710137557,0],[116.72590997835778,-8.68587302097899,0],[116.7259191945382,-8.685871054858408,0],[116.72601413746203,-8.685850804990897,0],[116.7260598919678,-8.685841045595103,0],[116.72605998924816,-8.685841024861169,0],[116.72606522732674,-8.685838111566008,0],[116.7261392442786,-8.685796945116577,0],[116.72621101229788,-8.685757028885087,0],[116.72624900757765,-8.685663006580826,0],[116.72636196806454,-8.68545599640405,0],[116.7264694177639,-8.685363410530872,0],[116.72658150176218,-8.685266829995125,0],[116.72660797804505,-8.685244016323901,0],[116.7271799976304,-8.684894994026205,0],[116.72724272783688,-8.684862716079587,0],[116.72729525413496,-8.684835688767352,0],[116.72734849881832,-8.684808291110366,0],[116.72734871342644,-8.684808180913054,0],[116.72734901169562,-8.684808027358857,0],[116.72754199574234,-8.684536956594894,0],[116.72757346391597,-8.684393652433917,0],[116.72757478177544,-8.684387653731136,0],[116.7276050159678,-8.684249968432393,0],[116.727720010817,-8.684024962131726,0],[116.72791900203887,-8.683841977055009,0],[116.72813302290344,-8.683708016413048,0],[116.72844402240723,-8.683595016281307,0],[116.72844653505281,-8.683594843499058,0],[116.72866435614569,-8.683579866001699,0],[116.72872380966338,-8.683575777377246,0],[116.7289513776938,-8.683560129166661,0],[116.72895299854964,-8.683560018158772,0],[116.7289576261237,-8.683561602538996,0],[116.72946399945059,-8.683735009282563,0],[116.72956402142455,-8.683797025904124,0],[116.7295799681535,-8.683927982885907,0],[116.72954436399718,-8.683974616119013,0],[116.72954130137094,-8.68397862818284,0],[116.72951199442382,-8.684017013087237,0],[116.72945896321247,-8.684065280167388,0],[116.72945540481597,-8.684068517614268,0],[116.72938898502483,-8.684128970755818,0],[116.72934770596035,-8.684219804473322,0],[116.72933919776789,-8.684238525504467,0],[116.7293389856316,-8.684238992987932,0],[116.72945799337431,-8.684375992899037,0],[116.72952191071023,-8.684843365636214,0],[116.72952888815456,-8.68489438701486,0],[116.72954702355324,-8.68502699356946,0],[116.72947800494433,-8.685109961860498,0],[116.72932108542136,-8.685284828837437,0],[116.72901284817348,-8.685628318175006,0],[116.7290127599277,-8.685628416704366,0],[116.72898649092296,-8.685657688926343,0]]],[[[116.73142031877151,-8.681694392894657,0],[116.7314490104484,-8.681700040081443,0],[116.73144919865818,-8.68169997780242,0],[116.73145264553663,-8.68169883330419,0],[116.73164798921697,-8.681633983191116,0],[116.7316769088001,-8.681632312091372,0],[116.7316876437623,-8.681631691908853,0],[116.73169699424221,-8.681631152158602,0],[116.7316970724204,-8.681631147691004,0],[116.73169903596674,-8.68163103419867,0],[116.73169900031145,-8.681632600793325,0],[116.73169008282994,-8.682021703240682,0],[116.73168503493469,-8.682241988850304,0],[116.73155853636587,-8.68237920790971,0],[116.73155722364713,-8.682380631596697,0],[116.73142601265673,-8.682522963227546,0],[116.73118403266396,-8.682764973883536,0],[116.73077996985162,-8.683046024634393,0],[116.73061097142859,-8.68321899505147,0],[116.7305989678829,-8.683233002932838,0],[116.73053700896968,-8.683295991174376,0],[116.73058700586753,-8.683399030819357,0],[116.73061529640144,-8.683467651006012,0],[116.73061682272561,-8.68347135335823,0],[116.73062202511404,-8.683483972299173,0],[116.73059902669785,-8.683571041824253,0],[116.73053579435955,-8.683605774838249,0],[116.73053462490591,-8.683606417121922,0],[116.73052996527868,-8.683608976319729,0],[116.73052989165677,-8.68360896450902,0],[116.73052548797709,-8.683608255876083,0],[116.73051586168792,-8.683606706876773,0],[116.73041199757046,-8.683589991307183,0],[116.7302820173967,-8.683390042367787,0],[116.73024600105116,-8.682916962048758,0],[116.73023184110171,-8.68281801893019,0],[116.73022898288276,-8.682798046128628,0],[116.73022496780573,-8.682769994288039,0],[116.73021732848483,-8.682764852145754,0],[116.73012030331564,-8.682699539052507,0],[116.72991030846673,-8.682558181196223,0],[116.7299100050024,-8.682557976561016,0],[116.72987200954663,-8.682443008450791,0],[116.72991720202381,-8.682394775549085,0],[116.72992974416627,-8.682381390375985,0],[116.729990981141,-8.682316034602616,0],[116.73009003229205,-8.68226699860148,0],[116.73019699905696,-8.682260020871128,0],[116.73023399300594,-8.682202984820213,0],[116.7302659895804,-8.682111036389884,0],[116.73038833938162,-8.682036770871518,0],[116.73041635093014,-8.682019767701712,0],[116.73046703398329,-8.68198900388588,0],[116.7305131916848,-8.681920410963324,0],[116.73051437192551,-8.681918657038496,0],[116.7306009717127,-8.681789965053888,0],[116.73068398893808,-8.681626973126122,0],[116.7307443603105,-8.681583252604389,0],[116.73075490392586,-8.681575617800842,0],[116.73086900013767,-8.681492991289456,0],[116.73106198582154,-8.681423041061974,0],[116.73106309005918,-8.681423337616785,0],[116.73106332817432,-8.681423402005214,0],[116.73107841851085,-8.681427458538238,0],[116.73115313494968,-8.681447542587618,0],[116.73118039007888,-8.681454869370132,0],[116.73123300177954,-8.681469011445454,0],[116.73127085324427,-8.681664171809446,0],[116.73127095468354,-8.681664691976938,0],[116.73127101536336,-8.681665006790851,0],[116.73142031877151,-8.681694392894657,0]]],[[[116.91590000126858,-8.684410001123524,0],[116.91555999996675,-8.685509999973704,0],[116.91528000024681,-8.686350001153823,0],[116.91526999998707,-8.68635000074064,0],[116.91501999972427,-8.687570001239557,0],[116.91501599955436,-8.687588001263007,0],[116.91478000024658,-8.688680001046661,0],[116.91467999999732,-8.68965999956837,0],[116.91461000011475,-8.690420000316392,0],[116.9145100001026,-8.691130001305016,0],[116.9143400000217,-8.691710000229937,0],[116.91391000126023,-8.693269999981677,0],[116.91320999957239,-8.694470000011052,0],[116.91189000034277,-8.695719999736951,0],[116.90819000035772,-8.69850000075785,0],[116.9057599996541,-8.700030000029068,0],[116.90537999995185,-8.70024999956906,0],[116.90508999899286,-8.700420001088665,0],[116.90474999963615,-8.700659999900653,0],[116.90431999989391,-8.700920001008035,0],[116.9038600003389,-8.701180001280036,0],[116.90350000019167,-8.701429999722869,0],[116.90319000011664,-8.701620000916943,0],[116.90276000012022,-8.702010000865977,0],[116.902623000232,-8.702190999618416,0],[116.90250999976256,-8.70233999975966,0],[116.90216999966684,-8.702919999739683,0],[116.90194999990192,-8.703509999967467,0],[116.9018099999273,-8.703960000681102,0],[116.9015999987231,-8.704779999672196,0],[116.90147999886162,-8.705429999728992,0],[116.90145000004745,-8.705989999595424,0],[116.90149999983171,-8.70667999996414,0],[116.90151999994679,-8.707439999817614,0],[116.90152999999853,-8.708020000822055,0],[116.9015699997793,-8.70843000107815,0],[116.9015200004518,-8.709030000874273,0],[116.90132999970346,-8.710150001038054,0],[116.90109999987357,-8.711299999942431,0],[116.89563999963381,-8.716700001350699,0],[116.891680000227,-8.719850000405145,0],[116.89140400013616,-8.720083001286152,0],[116.88565000003675,-8.724939999944421,0],[116.88583999866732,-8.725149999976296,0],[116.88582999975623,-8.725219999627257,0],[116.88583000004328,-8.725240001291231,0],[116.88576000039639,-8.725609999703341,0],[116.88586999999904,-8.72573000116371,0],[116.88602999982541,-8.725789999954165,0],[116.88631999997497,-8.725919999584887,0],[116.88626999865274,-8.726020001064983,0],[116.88614000108717,-8.7261000013094,0],[116.88572000027048,-8.726259999652983,0],[116.88555999965989,-8.726219999680314,0],[116.88531000009876,-8.726150000265898,0],[116.88517999998874,-8.726300000115964,0],[116.88518000026443,-8.726429999614187,0],[116.88518999998895,-8.726700001106838,0],[116.88522999996812,-8.727140000012836,0],[116.88524000035851,-8.727280000194234,0],[116.88520000038547,-8.727310000991329,0],[116.88495999988565,-8.727370001143598,0],[116.88481000024657,-8.727409999672936,0],[116.88469000039085,-8.72752000085993,0],[116.88460000121465,-8.727619999898575,0],[116.8845500000766,-8.727799999635364,0],[116.88450999980337,-8.72814999978332,0],[116.88450000036198,-8.728879999876156,0],[116.88454999874142,-8.72930999965322,0],[116.88458999865817,-8.7294999999907,0],[116.88470000000918,-8.729750001249199,0],[116.88481999983614,-8.72993000015817,0],[116.88511000022743,-8.730299999814603,0],[116.88535000042079,-8.730529999673212,0],[116.88562000010961,-8.73071999968343,0],[116.88596000038817,-8.73095999982179,0],[116.88625999986807,-8.73113999987936,0],[116.88660999966,-8.731379999724085,0],[116.88687999997863,-8.731560001181764,0],[116.8871399998065,-8.731780000075888,0],[116.8873200002278,-8.73195999976275,0],[116.88753000008731,-8.732229999891018,0],[116.88762999997812,-8.73248000004648,0],[116.88763999963804,-8.732720000283662,0],[116.88763999967519,-8.732890001253631,0],[116.88742000017629,-8.733239999835806,0],[116.88718999986693,-8.733550001037518,0],[116.8868500002333,-8.733940001236634,0],[116.8865699995841,-8.734249999781824,0],[116.88633999976796,-8.73456000133984,0],[116.88612999993349,-8.734840001298824,0],[116.88593000133201,-8.735119999619489,0],[116.8854399999518,-8.735739999928038,0],[116.88532000008682,-8.735940000077374,0],[116.88519999885271,-8.736149999653811,0],[116.88508999978411,-8.73641999993854,0],[116.88496000021013,-8.736660000233487,0],[116.8848899999136,-8.73684999964802,0],[116.88487999970017,-8.737049999553088,0],[116.88488148658385,-8.737051601909501,0],[116.88501000121448,-8.73719000081243,0],[116.88507999998676,-8.737290001346246,0],[116.88494000032304,-8.73760999976207,0],[116.8849100000507,-8.737770000238813,0],[116.88479999995583,-8.737969999608158,0],[116.88455000010819,-8.738470000064089,0],[116.8844399997605,-8.73864000091359,0],[116.88423000124071,-8.738830000888774,0],[116.88396000133305,-8.739029999936635,0],[116.88371999994816,-8.739199999639524,0],[116.88339999877255,-8.739439999797213,0],[116.88309999973902,-8.73963000127682,0],[116.88281999868751,-8.739810001089433,0],[116.8824400001881,-8.740089999624225,0],[116.8822600002012,-8.740350001322767,0],[116.88214999965646,-8.740639999583111,0],[116.88200999996762,-8.741239999937275,0],[116.88194999998764,-8.741580001062081,0],[116.88189000000064,-8.742090001215558,0],[116.8818600000581,-8.742309999990141,0],[116.88181999997674,-8.742619999867655,0],[116.88174000025927,-8.743310000364936,0],[116.88167999957213,-8.743779999861712,0],[116.88168000031811,-8.744060001133041,0],[116.88183000108191,-8.744330000913537,0],[116.88195999868057,-8.74452999996426,0],[116.88208999978512,-8.744780000811863,0],[116.88222999973483,-8.744930000137444,0],[116.88233999981723,-8.745080000043846,0],[116.8824999999504,-8.745319999748947,0],[116.88263999995391,-8.74541000123826,0],[116.88281000003862,-8.745500001105093,0],[116.88298000135816,-8.745629999655051,0],[116.88316000033745,-8.745730000109585,0],[116.88329999963715,-8.7458699995786,0],[116.88345999881422,-8.746159999815024,0],[116.88360000021851,-8.746420000874316,0],[116.88378000126211,-8.747040001160682,0],[116.88386000007247,-8.747180000998755,0],[116.88409999996124,-8.747490000892657,0],[116.88427999888265,-8.747650001215517,0],[116.88443000005304,-8.74771999984744,0],[116.88464999985557,-8.747740000726475,0],[116.8849299999573,-8.74779000001388,0],[116.88524000025573,-8.74805999999236,0],[116.88571000130914,-8.74853000112375,0],[116.88599999997803,-8.748970000690193,0],[116.88618999985073,-8.749239999925898,0],[116.88626000012748,-8.74958000088,0],[116.88637000000087,-8.75049000126016,0],[116.88640999989985,-8.750959999734397,0],[116.88650999964639,-8.751320001306283,0],[116.88672000029364,-8.751750001261042,0],[116.88675999903603,-8.751969999572747,0],[116.8867600002484,-8.752360000272143,0],[116.88676000022838,-8.752730000232127,0],[116.88674000022765,-8.75329999969624,0],[116.88665999995443,-8.75447000125011,0],[116.88659000135343,-8.754820001173584,0],[116.88652999985855,-8.75529999976264,0],[116.88648999968237,-8.75559999958886,0],[116.88642000007832,-8.756000001273632,0],[116.88639199973119,-8.75609499993924,0],[116.88636111871051,-8.756235968112819,0],[116.88621112317777,-8.756535946593464,0],[116.88594112915358,-8.757035912387478,0],[116.88581913306692,-8.757176900962431,0],[116.88570114000754,-8.7572258956895,0],[116.88554114756495,-8.757255891818389,0],[116.88542115489135,-8.757275887875725,0],[116.88527116319872,-8.757345881133112,0],[116.88501117721013,-8.757435870579005,0],[116.88491118189711,-8.757495864956091,0],[116.88468119532925,-8.757495860942292,0],[116.8845312019874,-8.75760585173286,0],[116.88438121072106,-8.757655845717318,0],[116.88418122011285,-8.757765835553004,0],[116.8840212282018,-8.757845829225394,0],[116.88378124074165,-8.757975816348644,0],[116.88354125168094,-8.758095803859028,0],[116.88321126923213,-8.75826578785794,0],[116.88300128022553,-8.758355778674856,0],[116.88272129372037,-8.758455767031615,0],[116.88249130569228,-8.758565756604458,0],[116.88237131294152,-8.758595753855458,0],[116.88219132315167,-8.75865574703529,0],[116.88202133190536,-8.758735737637426,0],[116.881801343385,-8.75883572773365,0],[116.8816013526684,-8.75889572070967,0],[116.88141136407037,-8.75895571400171,0],[116.88116137687734,-8.75903570444689,0],[116.88092139039999,-8.75910569570482,0],[116.88063140325536,-8.759325677335351,0],[116.87712955496245,-8.762387429564683,0],[116.87712075578347,-8.76239512144417,0],[116.87689156684739,-8.762595413116134,0],[116.87640159326497,-8.762725396273932,0],[116.8719318463903,-8.76349526729774,0],[116.87115188794031,-8.763775235586726,0],[116.86994194459075,-8.764525168843251,0],[116.86885199535992,-8.765405096428006,0],[116.86788004138786,-8.766078038646747,0],[116.86786204174682,-8.766085036941405,0],[116.86780204492192,-8.766095036209512,0],[116.86766205227987,-8.76614502967348,0],[116.86762705292034,-8.766175028419928,0],[116.86762020984555,-8.766180893631464,0],[116.86759205537433,-8.766205025354626,0],[116.86739206743732,-8.766245019048625,0],[116.86726207333369,-8.766285013710448,0],[116.86709208334806,-8.766325008734837,0],[116.86703208638401,-8.766325008432965,0],[116.86684209675784,-8.766325003947099,0],[116.86674210394084,-8.766325002167232,0],[116.86665210887959,-8.766315000824266,0],[116.86658211318263,-8.766314999636169,0],[116.86650211693123,-8.766314999425019,0],[116.86639212362897,-8.7663249961797,0],[116.86631212919512,-8.76632499411991,0],[116.86610214130638,-8.766344990124688,0],[116.8659221523362,-8.766364983993984,0],[116.86578216087922,-8.766354982792421,0],[116.86568216705788,-8.766334981839243,0],[116.8655621740003,-8.766324981332367,0],[116.86547217988443,-8.76631497880469,0],[116.86541218364239,-8.766264981919853,0],[116.86536218872878,-8.766174985377289,0],[116.86530219336221,-8.766104988678633,0],[116.86526219729194,-8.766034992769843,0],[116.86521220332058,-8.765934996761445,0],[116.86518220431986,-8.765904998576339,0],[116.86516220924698,-8.765795004770236,0],[116.86515220939408,-8.765725008696313,0],[116.86516220970746,-8.765655013426553,0],[116.86516221211433,-8.765555018963648,0],[116.86515221395781,-8.765445026008305,0],[116.86517221475911,-8.76536503124056,0],[116.86519221460941,-8.765275037024413,0],[116.86519221707314,-8.765195040548113,0],[116.86523221613272,-8.76510504803453,0],[116.86527221667438,-8.764925058686702,0],[116.86529221822222,-8.764815065569392,0],[116.8653122186663,-8.764655075215208,0],[116.86532221979026,-8.764575081394215,0],[116.86534222141552,-8.764495085708372,0],[116.86534222293508,-8.764415090132486,0],[116.86536222185698,-8.764345094795392,0],[116.86533222768112,-8.764115107679595,0],[116.8653522307556,-8.763945118774716,0],[116.86537223206953,-8.763795127856675,0],[116.86538223394821,-8.763685134783282,0],[116.86536423456504,-8.763646137311595,0],[116.86535377963945,-8.763622940839385,0],[116.86533223839244,-8.763575141143479,0],[116.86526224390758,-8.763515143033894,0],[116.86513225294605,-8.763455144314939,0],[116.86502226124703,-8.763425144704046,0],[116.86495226510446,-8.763395143975035,0],[116.86483227207874,-8.763375142897143,0],[116.86470228127816,-8.763335142926467,0],[116.86466228301964,-8.763335142176459,0],[116.86433230282259,-8.763315138065414,0],[116.86372235066075,-8.762715161688364,0],[116.86287239456288,-8.763045127347553,0],[116.86210244243787,-8.763035112851004,0],[116.86106250178271,-8.763105089103707,0],[116.86061252298956,-8.763475059431903,0],[116.86028252893207,-8.764145012608076,0],[116.86026250364834,-8.76559492560548,0],[116.8604822840701,-8.776784261597506,0],[116.86064218938432,-8.781383990435632,0],[116.8588822734312,-8.782513890211703,0],[116.85758132774818,-8.783784789304754,0],[116.8575726537447,-8.783793283965103,0],[116.85709934783367,-8.784256753925584,0],[116.85688235986545,-8.784333743714651,0],[116.85652237918333,-8.784503727550302,0],[116.85625239204224,-8.784633714150212,0],[116.85598240584572,-8.784753702929889,0],[116.8556224241277,-8.784933686226351,0],[116.8553624371829,-8.785073672723279,0],[116.85501245410268,-8.785253654737044,0],[116.8547424668147,-8.785383642947483,0],[116.8543124922266,-8.785483628780598,0],[116.85392251480037,-8.785503619693136,0],[116.85324255531424,-8.785533606337138,0],[116.852822568653,-8.786073564771836,0],[116.85281255943075,-8.78669352916209,0],[116.85285253428066,-8.787893457351032,0],[116.85286251565196,-8.78883340217207,0],[116.85295249096038,-8.789923338837546,0],[116.85327246238188,-8.790413315228875,0],[116.85342244529157,-8.790863289973313,0],[116.85347242622414,-8.7917232403169,0],[116.85343241594316,-8.79243319677761,0],[116.85343241192096,-8.792663183604223,0],[116.85340240777752,-8.792923167892726,0],[116.85339240342334,-8.793213150097332,0],[116.85332240261471,-8.793523130411293,0],[116.85327240206854,-8.793693119286434,0],[116.85320240075505,-8.7939831007141,0],[116.8531123976472,-8.794423072049428,0],[116.85309239381941,-8.794733052789844,0],[116.85301239203875,-8.795073031007862,0],[116.85292239306482,-8.795333014414979,0],[116.85282239480854,-8.79552300062356,0],[116.85277239622394,-8.795642993184776,0],[116.85273239524382,-8.795822980771634,0],[116.85261239631099,-8.79614295976233,0],[116.85253239865688,-8.796272951728948,0],[116.85236240603417,-8.796402940069592,0],[116.8521624141884,-8.796602925192488,0],[116.85206241909448,-8.796702917260092,0],[116.85191242409952,-8.796892901648866,0],[116.85174243041187,-8.797172882868637,0],[116.8516724312238,-8.797292874626315,0],[116.85142244014689,-8.797612850813186,0],[116.85129244501377,-8.797762839703239,0],[116.85120244894827,-8.797862831857792,0],[116.85114244922724,-8.798002821782886,0],[116.85112244622,-8.798262806118894,0],[116.85111244009903,-8.79862278501572,0],[116.85113243661894,-8.798722779011788,0],[116.85121242920826,-8.798942766276406,0],[116.85132241657767,-8.799202753109753,0],[116.8514923997867,-8.79957273461598,0],[116.85155239390683,-8.799702728157191,0],[116.85164238500703,-8.799862720923606,0],[116.85200235333409,-8.800462691371091,0],[116.85210234436802,-8.800652680798489,0],[116.8521623345638,-8.8009126667306,0],[116.85223232640203,-8.801142654692198,0],[116.85228232077853,-8.801262648385041,0],[116.85239230897417,-8.801512634570681,0],[116.85250230458294,-8.801452641354132,0],[116.85275228613949,-8.801632634750785,0],[116.85284227887037,-8.801742629215052,0],[116.85300226702962,-8.80181262798334,0],[116.85317225461893,-8.801952623826974,0],[116.85337224168049,-8.80202262266307,0],[116.85361222441352,-8.802262612657074,0],[116.85401219375228,-8.802592600592808,0],[116.85448215915531,-8.802952588118178,0],[116.85503211563915,-8.803432570006507,0],[116.85525209881997,-8.803682558826877,0],[116.85534209088556,-8.803832552198518,0],[116.85545208135117,-8.803992543607334,0],[116.85559206916717,-8.80427252961118,0],[116.85571205158307,-8.804732504721901,0],[116.85586203685406,-8.805092486210869,0],[116.85594202812082,-8.80527247567998,0],[116.85606201584606,-8.805532463143168,0],[116.85621200085843,-8.8058924435831,0],[116.85627199399896,-8.806062434960504,0],[116.85636198612931,-8.806212428989323,0],[116.85641198027287,-8.806392417756168,0],[116.85643197440635,-8.806642403679808,0],[116.85642196954566,-8.806872390164102,0],[116.85648196297052,-8.80708237918696,0],[116.85651195827569,-8.807232370183096,0],[116.85663194529866,-8.80757235101014,0],[116.85667193813974,-8.807792339936654,0],[116.85672193432856,-8.807892335098234,0],[116.85680192400547,-8.808152319737086,0],[116.85690191260143,-8.808412307443163,0],[116.85703189991754,-8.808722290058391,0],[116.85721188518552,-8.808932282032167,0],[116.85741187067097,-8.809082275936781,0],[116.85754185910625,-8.809272268047096,0],[116.85770184624467,-8.809472258220575,0],[116.85788182989036,-8.809762244332484,0],[116.8580518145942,-8.809962235422248,0],[116.85819180287376,-8.810192225144956,0],[116.8583717879191,-8.810442213343503,0],[116.85853177303201,-8.810712199104403,0],[116.85858176837841,-8.810862192020236,0],[116.85877175136974,-8.81110217984501,0],[116.85905173163141,-8.81126217611226,0],[116.85931171316125,-8.811422171927617,0],[116.85986167221313,-8.811882153419786,0],[116.86034163572434,-8.812252141386567,0],[116.86140154036087,-8.814082052015483,0],[116.86157152661195,-8.814232046240766,0],[116.86216148869806,-8.814352049833762,0],[116.86258146165837,-8.814472050099104,0],[116.86321141840658,-8.814772042657951,0],[116.8636713841389,-8.815222025355427,0],[116.86421134532166,-8.8155020182329,0],[116.86460131822871,-8.815772010286018,0],[116.86499128808885,-8.816071999292202,0],[116.8653012660081,-8.816281991595924,0],[116.8656712368303,-8.816591980296236,0],[116.86582121331283,-8.81746193090097,0],[116.8661911803309,-8.8180219036652,0],[116.86682113213622,-8.818601881215875,0],[116.86698112141903,-8.818721876647668,0],[116.86717110408505,-8.819001864274796,0],[116.86756107165725,-8.819481841989573,0],[116.86787104610515,-8.819851825610217,0],[116.86819102107634,-8.820191812420722,0],[116.8684210043684,-8.820381804211182,0],[116.86888097368252,-8.820531805267759,0],[116.86917094877445,-8.8208817892438,0],[116.86912094840811,-8.821171771246055,0],[116.86913093971764,-8.821501751916887,0],[116.8691209363763,-8.821781733951477,0],[116.8690809300625,-8.822261704737842,0],[116.86904092511945,-8.82263168191239,0],[116.86897092377487,-8.822911663801944,0],[116.86893091701475,-8.823381634217121,0],[116.86873091943589,-8.823951598065154,0],[116.86869091844744,-8.824141584757728,0],[116.86873090363345,-8.824791546344821,0],[116.86887089011753,-8.825081533109058,0],[116.86921085708138,-8.825701502433015,0],[116.86930084440982,-8.826221471745875,0],[116.86922083659206,-8.826801436224779,0],[116.86922083089289,-8.827171413689946,0],[116.8692308247528,-8.827471396916346,0],[116.86963079377189,-8.827851380859572,0],[116.86992077114871,-8.8281713677761,0],[116.87018073588372,-8.829191310364665,0],[116.87025072629952,-8.829521292637109,0],[116.8702007211285,-8.829951266443887,0],[116.87000071778927,-8.830761214867296,0],[116.8698107215499,-8.831101189658732,0],[116.86962072501908,-8.83159115825429,0],[116.86964071515976,-8.8320311321382,0],[116.86960071461364,-8.832221118840577,0],[116.86941072028476,-8.832511098134168,0],[116.86889073958746,-8.833081055128266,0],[116.86832076320258,-8.833701008057986,0],[116.86809077208879,-8.833980985843988,0],[116.86758078967341,-8.83468093496649,0],[116.86723079833693,-8.835370888142911,0],[116.86715080123659,-8.835430883410885,0],[116.86709079998556,-8.835680867303127,0],[116.86705079787954,-8.835900852806072,0],[116.8668108036722,-8.836340822175153,0],[116.86656980945224,-8.836866786839929,0],[116.86619000003672,-8.836919999770233,0],[116.8652399999777,-8.836659999655112,0],[116.86470000012329,-8.836470000058458,0],[116.8640699998073,-8.836300001171157,0],[116.8634000011974,-8.836149999953708,0],[116.86281999997762,-8.835919999936346,0],[116.8622199998859,-8.835719999856924,0],[116.86140000023948,-8.835420001294802,0],[116.8607399998565,-8.835160000140508,0],[116.86042000010109,-8.834959999763456,0],[116.85996999954901,-8.834700001192136,0],[116.85957000021044,-8.834530001007282,0],[116.85900999991736,-8.834170000391797,0],[116.85841999872996,-8.833830000010343,0],[116.85773000024963,-8.833319999816627,0],[116.8567199998183,-8.832690000984993,0],[116.85619999901822,-8.832480000800054,0],[116.85565000029116,-8.832259999807318,0],[116.8550700000471,-8.832100000055686,0],[116.85436999976277,-8.831879999829626,0],[116.8536999999608,-8.831660000962291,0],[116.85301000001445,-8.831440000309867,0],[116.85249999977204,-8.831290000826431,0],[116.85198999960247,-8.831150000965945,0],[116.85148999975705,-8.831149999678203,0],[116.85065999992032,-8.831219999850463,0],[116.85003000037062,-8.831329999816358,0],[116.84966000036964,-8.831390001038342,0],[116.84959999983197,-8.8313999999144,0],[116.84882000030474,-8.831540001018286,0],[116.8477600012217,-8.831720001278779,0],[116.84718000027388,-8.83180000131594,0],[116.846630000058,-8.831890001266377,0],[116.8459200000234,-8.832119999639024,0],[116.84499000027088,-8.832259999835534,0],[116.84403999976382,-8.832400001158462,0],[116.84263000030099,-8.832580001269672,0],[116.8417199996517,-8.832700001094222,0],[116.84164000008664,-8.832698000015316,0],[116.84070000109872,-8.832680001106473,0],[116.8397400002909,-8.832740000186613,0],[116.83912999867124,-8.832750000811915,0],[116.83870000021379,-8.832690000681001,0],[116.8379700013519,-8.832580001148926,0],[116.83693999995076,-8.832419999568025,0],[116.83625999998837,-8.83230000096469,0],[116.83562999993583,-8.832080000118413,0],[116.83502999956643,-8.831880001168157,0],[116.8344200000352,-8.831649999565927,0],[116.83346000027119,-8.831259999770909,0],[116.83294000129459,-8.831000001353429,0],[116.83230999998744,-8.830760000719563,0],[116.83166999996489,-8.830509999679851,0],[116.83106999985132,-8.830219999891924,0],[116.83038908715136,-8.829883854114643,0],[116.83028000009608,-8.829829999808071,0],[116.82978999976417,-8.82947000039971,0],[116.82926000012411,-8.829200001158947,0],[116.82863999878701,-8.82889999989714,0],[116.82778000029491,-8.828470001252041,0],[116.82712000000417,-8.828159999660429,0],[116.82654999997823,-8.828039999912098,0],[116.82593000037708,-8.827850000249374,0],[116.82555000014126,-8.82760000084837,0],[116.8251000000528,-8.827219999834485,0],[116.8246700000803,-8.8270299997663,0],[116.82424000042504,-8.826700000440171,0],[116.82374000026662,-8.826410000628092,0],[116.82333999997829,-8.82609999959606,0],[116.82295999997937,-8.825670001265989,0],[116.82245999890544,-8.82521000101365,0],[116.82180999984863,-8.824840001298533,0],[116.82126999993814,-8.824460000994055,0],[116.82048000003671,-8.824110000784646,0],[116.81977999970299,-8.823780001130272,0],[116.81911999978944,-8.823620000119357,0],[116.818590000273,-8.823479999871598,0],[116.81815399958609,-8.823365000836931,0],[116.8180199996381,-8.823330000910486,0],[116.8169700013031,-8.822950001203713,0],[116.81594999888713,-8.82244999977353,0],[116.81409999966345,-8.821449999599066,0],[116.81319000008303,-8.821099999926588,0],[116.81190279814882,-8.820371400912027,0],[116.81190298656895,-8.820371037392103,0],[116.81193021153541,-8.820319251367023,0],[116.81193358302478,-8.82031283915254,0],[116.81193362307475,-8.820312763193483,0],[116.81198502371633,-8.82021499025238,0],[116.81225003516187,-8.81988097393649,0],[116.81252500996109,-8.819417008269617,0],[116.8127159689167,-8.818422975660924,0],[116.81269364856784,-8.8181981342032,0],[116.81269314190874,-8.818193021641806,0],[116.81269300800336,-8.81819167565935,0],[116.81269072892236,-8.818168717977256,0],[116.8126820242663,-8.818081031028862,0],[116.8126139931708,-8.817866441139426,0],[116.81261390692003,-8.817866168837917,0],[116.81257344891849,-8.81773855259369,0],[116.81257190548305,-8.81773368373351,0],[116.81256421463515,-8.817709423565386,0],[116.81236515718899,-8.817081533225195,0],[116.81236497379246,-8.817080956054157,0],[116.81222803702505,-8.816968027012635,0],[116.81215249158232,-8.816963983168513,0],[116.8121419380082,-8.81696341799931,0],[116.81209577180472,-8.81696094640095,0],[116.8120793913046,-8.816960069877364,0],[116.81207800004438,-8.816959995011565,0],[116.81202358147584,-8.816945049657718,0],[116.81202241403895,-8.816944728876056,0],[116.81200197570918,-8.816939115192394,0],[116.81188502017615,-8.816906994384212,0],[116.8118397950289,-8.816890394728548,0],[116.81183809486969,-8.81688977066765,0],[116.81183754209063,-8.816889567779914,0],[116.81175795282407,-8.81686035555983,0],[116.8117577264389,-8.816860273135715,0],[116.811756971823,-8.816859995976666,0],[116.81167401718781,-8.816905984189455,0],[116.81162624425207,-8.816919530658037,0],[116.81161050850392,-8.816923992874429,0],[116.81160921704826,-8.816924359459392,0],[116.81156100210265,-8.816938031425316,0],[116.81127602008286,-8.816880012233469,0],[116.81120797420093,-8.816804013416233,0],[116.81120392166095,-8.81676022570382,0],[116.81120293588219,-8.8167495772788,0],[116.81119798077155,-8.816696033033049,0],[116.81120942484763,-8.816438176529083,0],[116.81121083040668,-8.816406502085673,0],[116.81121086719789,-8.816405679901607,0],[116.81121702019162,-8.816267027442244,0],[116.8112025994749,-8.81625159643818,0],[116.8112024158877,-8.816251399162063,0],[116.81119802523561,-8.816246700723559,0],[116.8111609632637,-8.816207042714185,0],[116.81108203486548,-8.816150029566616,0],[116.81108817542598,-8.816111110543263,0],[116.81109286363561,-8.816081395116619,0],[116.81109430138783,-8.816072285581734,0],[116.81109439352826,-8.816071701312481,0],[116.81110302187422,-8.816017013350333,0],[116.81109203630255,-8.815945023045137,0],[116.81096933028964,-8.815755861997328,0],[116.81094803200197,-8.815723029211863,0],[116.81094440465992,-8.815601354070909,0],[116.8109443939322,-8.815600991355684,0],[116.81094397728367,-8.815587016415996,0],[116.81099257683735,-8.815458618967392,0],[116.81099291738836,-8.815457719147942,0],[116.81102799594895,-8.815365044977838,0],[116.81116703572552,-8.815174030090107,0],[116.81123446033716,-8.815077828263428,0],[116.81123483070674,-8.815077300213657,0],[116.8112350199868,-8.815077029859218,0],[116.81125170027455,-8.815071151663057,0],[116.81125189490824,-8.815071083017783,0],[116.8112627934841,-8.81506724249978,0],[116.81132565287776,-8.81504509267775,0],[116.81132585205906,-8.815045022225691,0],[116.81132599030354,-8.815044973451363,0],[116.8113720033183,-8.815097989267118,0],[116.81139484056322,-8.815124753517516,0],[116.81139491417576,-8.815124840387735,0],[116.81139710983841,-8.815127412116318,0],[116.81143600014133,-8.815172990155384,0],[116.81148796811252,-8.815176463322912,0],[116.81153859394361,-8.81517984626353,0],[116.8115409717893,-8.815180004841093,0],[116.81166252708933,-8.815147516856122,0],[116.81166257892906,-8.81514750240988,0],[116.81168555107381,-8.815141363229099,0],[116.81168584483062,-8.81514128468361,0],[116.8116980079987,-8.815138033624711,0],[116.81169810073037,-8.815138075278778,0],[116.81169832801415,-8.815138176698133,0],[116.81175622350862,-8.815164129954448,0],[116.8117564889756,-8.81516424948316,0],[116.81175894636623,-8.81516535060208,0],[116.81186300681577,-8.815211998707154,0],[116.81193032509806,-8.815287955437316,0],[116.81193054957716,-8.815288208813381,0],[116.81193310155061,-8.815291088251728,0],[116.81195698177116,-8.81531803298879,0],[116.81202880998615,-8.815477612406957,0],[116.81204761224312,-8.815519384094914,0],[116.81204771579148,-8.815519614797594,0],[116.81220497185197,-8.815868984794175,0],[116.81221093152055,-8.815871106142174,0],[116.8122354802635,-8.815879846056193,0],[116.81223619851511,-8.815880101487782,0],[116.8123369928431,-8.815915985029351,0],[116.81233922624727,-8.815915868557783,0],[116.81233956998781,-8.815915850639147,0],[116.81255874915713,-8.815904382242486,0],[116.81270292558425,-8.815896838116771,0],[116.81296583980625,-8.815883082051998,0],[116.81296701743594,-8.815883020226597,0],[116.8130332109992,-8.815829175822449,0],[116.81303342933091,-8.815828997741924,0],[116.81305539984372,-8.815811126441359,0],[116.813085012864,-8.815787038601824,0],[116.81314357650655,-8.815748678365276,0],[116.81327341599096,-8.815663632706805,0],[116.81327367887704,-8.815663460979854,0],[116.81327898299482,-8.815659986665496,0],[116.81337222259354,-8.81558526680218,0],[116.81341003095184,-8.815554968093622,0],[116.81383923045384,-8.815027785368242,0],[116.81395855468438,-8.814881220102272,0],[116.81423797537589,-8.814538008596701,0],[116.81426614836602,-8.814438180509825,0],[116.81428199344647,-8.814382033427087,0],[116.81428257174437,-8.814376653666512,0],[116.81432003596892,-8.814028008446943,0],[116.81446111675957,-8.813665810485546,0],[116.81446647324998,-8.813652058191725,0],[116.81449488185362,-8.813579122289015,0],[116.81449670012766,-8.813574454087291,0],[116.81449999978894,-8.81356598404157,0],[116.81466203413007,-8.812970020269717,0],[116.81472800965754,-8.812686002956323,0],[116.81475698399598,-8.812238190733543,0],[116.81475543898839,-8.81223829037336,0],[116.81475518709492,-8.81223830653051,0],[116.81447453493192,-8.812256449278047,0],[116.81430321365305,-8.812249311306966,0],[116.8137214360272,-8.812195772098027,0],[116.81352869990374,-8.812177927291776,0],[116.81358223820494,-8.810404038927697,0],[116.81360106551907,-8.809956356506847,0],[116.81361436001075,-8.809640231944353,0],[116.81363220632367,-8.809415372350694,0],[116.81371236435933,-8.809328234125651,0],[116.81347805975469,-8.809123725039889,0],[116.8134778434299,-8.809123535889253,0],[116.81330198585097,-8.808970041304955,0],[116.81327984666493,-8.808915338893577,0],[116.81327967955602,-8.808914926352378,0],[116.8132380313466,-8.808812022667135,0],[116.81316102536576,-8.8086630399591,0],[116.81308387510414,-8.8084954712157,0],[116.81308372795351,-8.808495152753746,0],[116.81308335462828,-8.808494342123934,0],[116.81307998289398,-8.80848701840984,0],[116.81305537952247,-8.808452183309026,0],[116.81305215371523,-8.808447615720516,0],[116.8130507634375,-8.808445647712194,0],[116.81287303157151,-8.80819400231168,0],[116.81273955788491,-8.808003259873589,0],[116.81273930254854,-8.80800289522744,0],[116.81273888365187,-8.808002296230827,0],[116.8123650237524,-8.807468025332557,0],[116.81213700201764,-8.807326022271805,0],[116.81206732185098,-8.807289532851923,0],[116.81206726912451,-8.807289504785654,0],[116.81206720094322,-8.807289469475565,0],[116.81201099155247,-8.807260033841116,0],[116.8118565025183,-8.807103265888559,0],[116.8118564588933,-8.807103221545557,0],[116.8118542803678,-8.807101011633538,0],[116.81173797606573,-8.806982991292521,0],[116.81169616820432,-8.806936299269495,0],[116.81168535612628,-8.80692422312191,0],[116.8116846090864,-8.806923389690834,0],[116.81156696495731,-8.806792000819026,0],[116.81139198685916,-8.806737020009766,0],[116.8111789983803,-8.8066729776214,0],[116.81100400162029,-8.806654983998852,0],[116.81052901744215,-8.80661395966383,0],[116.81045500529662,-8.806478002016295,0],[116.81045406634439,-8.806464764889924,0],[116.81045401398151,-8.80646402316233,0],[116.81045401127153,-8.806463987884925,0],[116.81044301923929,-8.80630897583554,0],[116.81046929623321,-8.806201020891287,0],[116.81046936548694,-8.806200735099841,0],[116.81046939829056,-8.80620060124835,0],[116.81049801984886,-8.80608301260216,0],[116.81055301775504,-8.805864012301935,0],[116.81053735209007,-8.805747743646762,0],[116.81053727237025,-8.805747153863676,0],[116.81053668987805,-8.805742832708287,0],[116.81051846778496,-8.80560759149351,0],[116.81051798403723,-8.805604000330385,0],[116.81044934754362,-8.805438518439267,0],[116.81044048439965,-8.805417150264297,0],[116.81044046896105,-8.805417111362443,0],[116.81040100759478,-8.805321971006736,0],[116.81033900422317,-8.804869955143658,0],[116.81025402791074,-8.80476799440768,0],[116.81005712594194,-8.804596398358052,0],[116.81005646789072,-8.80459582456419,0],[116.81004260154889,-8.80458374049713,0],[116.80984099344052,-8.804408042704823,0],[116.80973199588936,-8.804212020182923,0],[116.80956502614904,-8.803894968778856,0],[116.80955920007625,-8.803882725950393,0],[116.80950540838272,-8.803769690584877,0],[116.80950522217357,-8.803769299740662,0],[116.80944444450155,-8.803641585094319,0],[116.80943799622608,-8.803628035831045,0],[116.80936197406022,-8.803318989192725,0],[116.8094444447372,-8.80298361372424,0],[116.80946303335328,-8.802908021157464,0],[116.80958497410242,-8.80271699889714,0],[116.80959470753781,-8.802698862891905,0],[116.80959543932033,-8.802697499255238,0],[116.80960594003349,-8.80267793450597,0],[116.80968696942364,-8.802526958760165,0],[116.80989998941425,-8.801937987281377,0],[116.80995173974274,-8.801879621614782,0],[116.80995202179064,-8.801879303368292,0],[116.80996230925743,-8.801867701839932,0],[116.81002384571234,-8.80179829970213,0],[116.81005603736197,-8.80176199338303,0],[116.81012749141486,-8.801641227077877,0],[116.81012777718361,-8.801640744211586,0],[116.81014279733624,-8.801615357559601,0],[116.81014301393763,-8.801614992245225,0],[116.81028098569,-8.80130297917851,0],[116.81064897018292,-8.80060203588281,0],[116.810703777732,-8.800494484169496,0],[116.81070653658594,-8.800489070231412,0],[116.81070661577404,-8.800488915599345,0],[116.81075802364755,-8.800388035671714,0],[116.81094796826936,-8.800052986950915,0],[116.81104088655722,-8.799810622932084,0],[116.81106469177789,-8.7997485309446,0],[116.81107121010095,-8.79973152754249,0],[116.81107141223268,-8.799731002121257,0],[116.81108100806944,-8.799705971796515,0],[116.81108094192288,-8.799705513174711,0],[116.81108090477262,-8.799705254465056,0],[116.81101136014999,-8.79922349980144,0],[116.81100898068391,-8.799207018360898,0],[116.81090175558013,-8.79905880421858,0],[116.81088726511827,-8.799038774617788,0],[116.81088694345112,-8.799038330339819,0],[116.810831028838,-8.798961041375138,0],[116.81073198974372,-8.798796039898665,0],[116.81073576308694,-8.798746418344273,0],[116.81073578139149,-8.79874618498885,0],[116.81073588392046,-8.798744831887324,0],[116.8107420300156,-8.798664013025796,0],[116.81091099428367,-8.798003032874792,0],[116.81112396509614,-8.79764900437684,0],[116.8112084853316,-8.797564478302146,0],[116.81121804416536,-8.797554918761264,0],[116.81121811239657,-8.797554851861415,0],[116.81128900259205,-8.797483956294709,0],[116.81133739408612,-8.79738059366632,0],[116.8113379193188,-8.79737947142736,0],[116.81134313978419,-8.79736831957379,0],[116.8113840287107,-8.79728098298003,0],[116.81147970870249,-8.796851137000381,0],[116.81149893854554,-8.796764742906015,0],[116.81149940607553,-8.796762644667062,0],[116.81152403392989,-8.79665200143734,0],[116.81150882337003,-8.796587010810786,0],[116.81150873354379,-8.796586627251815,0],[116.81150164816987,-8.796556350519568,0],[116.8114840059614,-8.796480971233592,0],[116.81142446340434,-8.796387714051054,0],[116.81141714846856,-8.796376257429582,0],[116.81141691405637,-8.796375890079442,0],[116.81136398504522,-8.796292991077548,0],[116.81132100899154,-8.796170975909524,0],[116.81137931706805,-8.795997522901573,0],[116.81137938445691,-8.795997323037676,0],[116.81138593851115,-8.795977826801739,0],[116.81140000554852,-8.7959359792581,0],[116.81143098258443,-8.795764987303897,0],[116.811419291868,-8.795727112153019,0],[116.81141859830355,-8.795724867705937,0],[116.81141842218949,-8.795724296869281,0],[116.81138097977501,-8.79560299542392,0],[116.81143987202412,-8.795503989642578,0],[116.81144039167259,-8.795503115237414,0],[116.81144700239682,-8.795492001161708,0],[116.8114470169574,-8.795491977651634,0],[116.81147671970123,-8.795456436967116,0],[116.81169169912147,-8.795199205661705,0],[116.81169602178014,-8.795194034000797,0],[116.81171102054779,-8.795041030241885,0],[116.81162001643813,-8.79455599140938,0],[116.81162027517613,-8.794555002904607,0],[116.81163679299469,-8.794490913661157,0],[116.81175138166859,-8.794046307166967,0],[116.81165022185326,-8.794088669284308,0],[116.81168269706896,-8.793582938980185,0],[116.8116909629483,-8.793454228003121,0],[116.81169395438857,-8.79340765062598,0],[116.81174874696232,-8.792554390780408,0],[116.81174902135108,-8.792544011614511,0],[116.81170107829492,-8.792146222012903,0],[116.81169670477631,-8.792109933421736,0],[116.81169669843642,-8.792109883670275,0],[116.811634035856,-8.791589977246106,0],[116.8115023078238,-8.790888766133396,0],[116.8114829161659,-8.790785072842699,0],[116.81145999592697,-8.790274234098584,0],[116.81143956255733,-8.790177175800586,0],[116.81130771105563,-8.789550878226963,0],[116.8111744609451,-8.789198718358259,0],[116.81056531940864,-8.787761524420596,0],[116.8103178547062,-8.787123827558483,0],[116.8097182306057,-8.785829401993249,0],[116.80944444438306,-8.785309207620063,0],[116.80924233860401,-8.784925205905601,0],[116.80863319733838,-8.78393535012681,0],[116.80840318156133,-8.783508635286063,0],[116.80787018316846,-8.78265202936454,0],[116.80713730902309,-8.781709760718517,0],[116.80638539885241,-8.780753217619129,0],[116.80610462306514,-8.780362986086681,0],[116.80586667679181,-8.780029863025222,0],[116.80578101590984,-8.779944201198136,0],[116.80565252520532,-8.779696737600673,0],[116.80560615580701,-8.779590537254398,0],[116.80535747176559,-8.779020970907645,0],[116.80523849912832,-8.778744953834694,0],[116.8049529637931,-8.778273819205332,0],[116.8048910030564,-8.778207432879876,0],[116.80488633939451,-8.778202436642855,0],[116.80483398968853,-8.7781738820841,0],[116.80478640132408,-8.778245266198061,0],[116.80470074109313,-8.778340444669702,0],[116.80460556187218,-8.77843562361926,0],[116.80440092893011,-8.778478453120517,0],[116.8043152684095,-8.77847845303492,0],[116.80419629492513,-8.778426104948883,0],[116.80411539313327,-8.778345202968925,0],[116.80404595209164,-8.778209578355641,0],[116.80404592393337,-8.778209524070148,0],[116.80404172204724,-8.778201318844474,0],[116.8040053401077,-8.777965892760733,0],[116.80400593565292,-8.777858490086892,0],[116.80400696826466,-8.777742959669991,0],[116.8040585536189,-8.777605996792444,0],[116.80407350885706,-8.777566290027204,0],[116.80407408703589,-8.777564753556785,0],[116.80407701707784,-8.777556975346442,0],[116.8040771045944,-8.777556539415762,0],[116.8040771219147,-8.777556454400377,0],[116.80407712920625,-8.777556420937104,0],[116.80407729512451,-8.777555591583225,0],[116.80410302699767,-8.777427037212876,0],[116.8040339656917,-8.777301026879005,0],[116.80400420504407,-8.777247410786238,0],[116.80400287788733,-8.777245020369088,0],[116.80398400519745,-8.77721101980841,0],[116.803853488387,-8.777042597387421,0],[116.80385344477259,-8.777042541284851,0],[116.8038523953028,-8.77704118758539,0],[116.80378612790633,-8.776955675593706,0],[116.80366003175817,-8.776792961084425,0],[116.80359027787469,-8.776717091181986,0],[116.80356832576281,-8.776693214136852,0],[116.80340998293607,-8.776520988976696,0],[116.803374984933,-8.77649203079818,0],[116.80288498065947,-8.775861004641321,0],[116.8026198236349,-8.775466036355873,0],[116.80259941627088,-8.775435638511873,0],[116.80259597204022,-8.77543050811215,0],[116.80241503422428,-8.775160990165217,0],[116.80221739543289,-8.774945242215114,0],[116.80221134519553,-8.774938636992182,0],[116.80215220408752,-8.774874077920254,0],[116.80207638896525,-8.774791315783823,0],[116.80164099357224,-8.774316027987771,0],[116.80149758556854,-8.77415487391525,0],[116.80146759854743,-8.774121176732228,0],[116.8014675512953,-8.774121123341017,0],[116.8012120212043,-8.773833974599235,0],[116.8009267693908,-8.773451269742521,0],[116.80092302509519,-8.773446246806964,0],[116.80077897837889,-8.773252986379262,0],[116.79919301255495,-8.771640990300662,0],[116.7988202567131,-8.771245595858575,0],[116.7988198923182,-8.77124521034118,0],[116.79881303607047,-8.771237937103884,0],[116.79840837614736,-8.770808703653241,0],[116.79838600365875,-8.770784972621152,0],[116.79838499491181,-8.770784044955056,0],[116.79836438194887,-8.770765075322151,0],[116.79832298336366,-8.770726972243652,0],[116.79788200117908,-8.770318886301961,0],[116.79769223340446,-8.770143275382159,0],[116.79674100623427,-8.769263006564481,0],[116.79643735347456,-8.768998614408257,0],[116.796435048767,-8.768996606952689,0],[116.79643227421266,-8.768994188594231,0],[116.79643203701619,-8.768993983141565,0],[116.79641715073183,-8.768983055817824,0],[116.79573603716075,-8.76848302427946,0],[116.79549656583796,-8.768343888908698,0],[116.79532801172097,-8.768245958991749,0],[116.79521212674524,-8.768160646588516,0],[116.79521071619631,-8.768159608345568,0],[116.79519229544682,-8.768146047825503,0],[116.79491102927868,-8.76793898299014,0],[116.79379102823171,-8.766942976686913,0],[116.79362741664188,-8.766809126828509,0],[116.79359225926858,-8.76678036486249,0],[116.79328496397238,-8.766528968833368,0],[116.79285596730269,-8.766260962296409,0],[116.79076498280718,-8.765439040243287,0],[116.79039699707043,-8.765340986853285,0],[116.79017184053237,-8.765319174369578,0],[116.7901661145884,-8.765318619436648,0],[116.78985999571714,-8.76528896217948,0],[116.78904945086606,-8.765351463039657,0],[116.78898581738082,-8.765356369783955,0],[116.78894042723984,-8.765359869331661,0],[116.78893899243138,-8.765359979785671,0],[116.78770896904243,-8.765529034767518,0],[116.78745199289382,-8.765606029130883,0],[116.7871849858476,-8.765789005047436,0],[116.78703997342525,-8.765948989843498,0],[116.78690798166306,-8.766279991215965,0],[116.78678495163139,-8.76658586384787,0],[116.78678080334018,-8.766596178397757,0],[116.78678079241355,-8.766596206431538,0],[116.78676600661684,-8.766632962978068,0],[116.78669474654704,-8.766788956908561,0],[116.78666684406599,-8.766850039290219,0],[116.78657503710042,-8.767051015753182,0],[116.7864600298957,-8.767310041659858,0],[116.78642654124486,-8.767356491249371,0],[116.78642638928434,-8.767356701915304,0],[116.78642305525071,-8.767361326621344,0],[116.78627402459911,-8.76756803331023,0],[116.78564733563593,-8.768071619356727,0],[116.78561018215287,-8.768101475284958,0],[116.78521498985853,-8.768419040126918,0],[116.78506548466179,-8.768555711311276,0],[116.78505801144571,-8.768562543377572,0],[116.78490001222336,-8.768706981245467,0],[116.78465812917287,-8.768984550990918,0],[116.78464716119643,-8.768997136479706,0],[116.7843980327949,-8.769283024349193,0],[116.78410802439686,-8.769692970820556,0],[116.7838770797593,-8.770115575145065,0],[116.78386702941526,-8.770133967209427,0],[116.78386700757179,-8.770134005186522,0],[116.78379685185897,-8.77025903490203,0],[116.78354603477933,-8.770706042260187,0],[116.78349500574413,-8.770810127996628,0],[116.78322101400185,-8.771369000244157,0],[116.7828239796699,-8.772741001971506,0],[116.78268333978872,-8.773116630768767,0],[116.78268329516722,-8.773116749234395,0],[116.78268262310675,-8.773118544307493,0],[116.78256003571362,-8.773445956568837,0],[116.78242907494997,-8.773664013669976,0],[116.78242896755619,-8.7736641917973,0],[116.78241763200757,-8.773683066990012,0],[116.78235703344816,-8.773783968563446,0],[116.781951971949,-8.774383034892177,0],[116.78190262718478,-8.774453696849452,0],[116.78188307491405,-8.774481695629675,0],[116.78178298755,-8.774625024920473,0],[116.78165299169021,-8.77473699639241,0],[116.7816177927257,-8.774745539969398,0],[116.78158828368454,-8.774752702928865,0],[116.78155003741853,-8.774761988246803,0],[116.78154957023985,-8.774761695818578,0],[116.78154949298246,-8.774761647834666,0],[116.78142000431656,-8.774680975297146,0],[116.78137955462593,-8.774616250207082,0],[116.78137009556487,-8.774601114025522,0],[116.78134000607277,-8.774552964715914,0],[116.7811600842856,-8.774271218441655,0],[116.78114419172064,-8.774246331486571,0],[116.78104502743244,-8.774091043170596,0],[116.7809861443057,-8.773997811551563,0],[116.7809856119856,-8.77399696914058,0],[116.78097651258739,-8.77398256129152,0],[116.7808359666206,-8.773760029079067,0],[116.78075999324439,-8.773548010390437,0],[116.78073144619727,-8.773425112015715,0],[116.78073101267643,-8.773423246656805,0],[116.7806879753815,-8.77323796279241,0],[116.78062174329256,-8.77313513629102,0],[116.78061642092723,-8.773126872275562,0],[116.7805661096377,-8.773048763613827,0],[116.78054497915727,-8.773015957286665,0],[116.78040700222132,-8.772802998879241,0],[116.780371983947,-8.772505892805647,0],[116.78037160939174,-8.772502714126716,0],[116.78034500690362,-8.772277004398502,0],[116.78030703460536,-8.772082008955987,0],[116.77978700224175,-8.771086039114822,0],[116.77964312725618,-8.770706644660969,0],[116.77964183452093,-8.770703236603566,0],[116.77962122521008,-8.770648888630868,0],[116.77938501923472,-8.770026020174361,0],[116.77904998267485,-8.769228026043713,0],[116.77894282145049,-8.769038439679978,0],[116.7789384780732,-8.76903075510303,0],[116.77893841358552,-8.769030641096569,0],[116.77889397708499,-8.768952022795167,0],[116.77877604484672,-8.768841620261778,0],[116.77874175056658,-8.768809516170762,0],[116.77874170967443,-8.768809477252722,0],[116.77850298297558,-8.768585992114492,0],[116.7783201428416,-8.768457809345858,0],[116.77832005286535,-8.76845774688162,0],[116.77828453148173,-8.768432844673303,0],[116.77819197268897,-8.768367955703075,0],[116.77796999559425,-8.768210022041407,0],[116.77794002774239,-8.768176030892842,0],[116.77793911276942,-8.768174993782328,0],[116.77782097504281,-8.768041003833238,0],[116.77776200424013,-8.767858024009037,0],[116.77777510047521,-8.767731410639845,0],[116.77777510504662,-8.76773136813039,0],[116.77777778355377,-8.767705467145115,0],[116.77777897054732,-8.767693987754555,0],[116.77781313004114,-8.767634340688206,0],[116.77781987984116,-8.76762255522482,0],[116.77781993445092,-8.767622460282979,0],[116.7779370283148,-8.767417989608072,0],[116.77800107122411,-8.767330678343614,0],[116.77800119042884,-8.767330515601158,0],[116.77800903609237,-8.767319819812394,0],[116.77804702777028,-8.767268026153152,0],[116.77806555777384,-8.767192860181488,0],[116.77806900839532,-8.767178862143506,0],[116.7780830259722,-8.767121998166061,0],[116.7780440358641,-8.76700396063526,0],[116.777897976011,-8.766897977050482,0],[116.77770003101095,-8.766799018098686,0],[116.77759498473236,-8.766687995056833,0],[116.77757655198704,-8.766628566696108,0],[116.77757653656043,-8.766628516034253,0],[116.77756286446173,-8.76658443645608,0],[116.77751402026675,-8.766426958079123,0],[116.77748999703302,-8.766227990694649,0],[116.7776661622649,-8.765606490759884,0],[116.77767196342232,-8.765586023215022,0],[116.77767360171902,-8.765583155965356,0],[116.77792000484148,-8.765151999674126,0],[116.77817149423107,-8.764529561386313,0],[116.77817154066972,-8.764529445635782,0],[116.77818301999383,-8.764501037971819,0],[116.7781857501576,-8.764495258825438,0],[116.77829502034464,-8.764263987160003,0],[116.77850298738724,-8.76402202044198,0],[116.77854749387146,-8.76399361764472,0],[116.77854788861913,-8.763993366421092,0],[116.77854801595724,-8.763993285089438,0],[116.77862049951553,-8.763947029999,0],[116.77903901574729,-8.763679954802942,0],[116.77932118899105,-8.763550881767248,0],[116.77940487553727,-8.763512600925207,0],[116.77948702235388,-8.763475024686944,0],[116.7796011502033,-8.763424430316473,0],[116.77967417269424,-8.763392058717605,0],[116.77984803316112,-8.763314987772782,0],[116.7800929836874,-8.763157956547566,0],[116.78039702478176,-8.762855001658567,0],[116.78042515411433,-8.762812921004617,0],[116.78044419880956,-8.762784429920163,0],[116.78051400931379,-8.762679991835588,0],[116.7805767593919,-8.762472299345905,0],[116.78058197201366,-8.76245504424075,0],[116.78061098576812,-8.762359011622248,0],[116.78064298390531,-8.762128967909396,0],[116.78066601768408,-8.76197099610888,0],[116.78079501934744,-8.761376019958753,0],[116.78085697412249,-8.760734037077235,0],[116.7808660064305,-8.760640441365231,0],[116.78088998400602,-8.76039198337598,0],[116.78087397165547,-8.760081970816131,0],[116.780833097773,-8.759909066404996,0],[116.78083009574252,-8.75989636799774,0],[116.78078699532331,-8.759714038155801,0],[116.78074279384673,-8.759612505220879,0],[116.78073485354649,-8.759594264703992,0],[116.78073477909143,-8.759594094612135,0],[116.78069902186792,-8.759511960259506,0],[116.78061166066847,-8.759371470174067,0],[116.78061163705094,-8.759371433075277,0],[116.78058093493172,-8.759322058630476,0],[116.78057903103733,-8.759318996649379,0],[116.78057970501716,-8.759315450439747,0],[116.78058693731396,-8.759277378200595,0],[116.78058696741046,-8.759277219928043,0],[116.78065197776785,-8.7589349686086,0],[116.7806723230703,-8.758833955199654,0],[116.78067426623187,-8.758824307871873,0],[116.78068701669271,-8.758760997451608,0],[116.78063397839381,-8.758564003263714,0],[116.78054414230171,-8.758360413708328,0],[116.78054409417773,-8.758360305138684,0],[116.78051702778072,-8.75829896697712,0],[116.78051693210078,-8.758297781103249,0],[116.78050697984412,-8.758173982586278,0],[116.78055889312054,-8.758075114010092,0],[116.78055905695939,-8.758074802047677,0],[116.78057042282678,-8.758053155471638,0],[116.78061198236766,-8.757974005625544,0],[116.78113697140806,-8.757391017345508,0],[116.78124063702002,-8.757295000689568,0],[116.78127667076238,-8.757261625043375,0],[116.78127730754528,-8.757261035668128,0],[116.78127737304347,-8.757260974199019,0],[116.78134100313447,-8.757202038450645,0],[116.78134892141267,-8.757198797629687,0],[116.78139920206527,-8.757178220945017,0],[116.78140531697191,-8.75717571897356,0],[116.7814079915617,-8.757174624247543,0],[116.78147345489103,-8.757147833266282,0],[116.78160998806416,-8.757091956134435,0],[116.78177203358597,-8.75703399067451,0],[116.7818427449689,-8.756961578943486,0],[116.7818555613869,-8.756948454592724,0],[116.78189603571803,-8.756907005035343,0],[116.78195891630098,-8.756750009421728,0],[116.78196138472288,-8.756743845673418,0],[116.78196140202184,-8.756743804075722,0],[116.78202299598512,-8.756590018733869,0],[116.78205986116456,-8.756405712572189,0],[116.78205994505538,-8.756405292021244,0],[116.78206600520623,-8.756374994274864,0],[116.78205104420748,-8.756308140221513,0],[116.78200603428611,-8.756107008139963,0],[116.78197699462427,-8.755893025771972,0],[116.78200103295379,-8.755681969338255,0],[116.78208943127808,-8.755527118520764,0],[116.78209663033903,-8.755514508306469,0],[116.78217799517024,-8.75537197742576,0],[116.78223561435769,-8.755256343977932,0],[116.78223594205004,-8.755255685679899,0],[116.78224105040329,-8.755245434137745,0],[116.78231400005993,-8.755099037006909,0],[116.78234960913481,-8.755024584279997,0],[116.78235400041575,-8.75501540326889,0],[116.7823699961835,-8.754981958995812,0],[116.78245274201838,-8.754933052438538,0],[116.78246341596456,-8.75492674415866,0],[116.78253371247885,-8.75488519588819,0],[116.78253373521655,-8.754885182333538,0],[116.78253401261622,-8.754885016966787,0],[116.78295149636078,-8.75478318219744,0],[116.78335400793293,-8.754684998960442,0],[116.78338477773754,-8.754629938866852,0],[116.7836926927985,-8.754078950764395,0],[116.78372698197694,-8.75401759360979,0],[116.78386974889229,-8.753446523841351,0],[116.7837157582226,-8.752974928580885,0],[116.78364132104858,-8.75274696277341,0],[116.7834248096837,-8.752066498166485,0],[116.78334150877855,-8.751804694752625,0],[116.78298459025714,-8.751033749567773,0],[116.78224219770729,-8.749691734139182,0],[116.78178155803,-8.74889109897493,0],[116.78164257368718,-8.748649530557131,0],[116.78124282259081,-8.748092736426429,0],[116.78074313764515,-8.747493112241738,0],[116.78025296813247,-8.747012461973918,0],[116.7795581660801,-8.746174890763529,0],[116.77847789070199,-8.745013715437736,0],[116.77795440863672,-8.744556856866657,0],[116.77727388324573,-8.74396199300829,0],[116.77660763405248,-8.743400439712048,0],[116.77658383973454,-8.743386162386372,0],[116.77650293781272,-8.74342423363827,0],[116.77636968831354,-8.743567001417132,0],[116.77626023344557,-8.74359079698814,0],[116.77619836740989,-8.743557483346255,0],[116.77616029592038,-8.743528929743157,0],[116.7761507784428,-8.743467064351227,0],[116.7761555369992,-8.743352849553368,0],[116.77622692122837,-8.743262431194607,0],[116.77629830384649,-8.743200564735726,0],[116.7763030628156,-8.743105387257474,0],[116.77629354577043,-8.743024483639111,0],[116.77626499177995,-8.7429816542814,0],[116.77616505531729,-8.742881716010272,0],[116.77567964505114,-8.74255811010229,0],[116.77489649386372,-8.74201129517643,0],[116.77489399988693,-8.742010029183119,0],[116.77451802933147,-8.741770972125693,0],[116.77385481168697,-8.741277887694915,0],[116.77376715172495,-8.741212714829711,0],[116.77376271429375,-8.741209415224148,0],[116.77362900887664,-8.741110008799739,0],[116.7735469843283,-8.74105024282258,0],[116.77354387819199,-8.741047979679477,0],[116.77352189623568,-8.741031962962882,0],[116.77316096585177,-8.740768977406317,0],[116.77294329430222,-8.740610031445607,0],[116.77294322160199,-8.740609978035684,0],[116.77293213387765,-8.740601881412418,0],[116.77273099186091,-8.740455006036372,0],[116.77247176086304,-8.740284832471682,0],[116.77246900903339,-8.740283026312659,0],[116.77246255739239,-8.740280470803159,0],[116.77215099814876,-8.740157044392525,0],[116.77137996622245,-8.740019029613558,0],[116.77137817795825,-8.740018956173667,0],[116.7713426135927,-8.740017495635822,0],[116.77103797320919,-8.740004986801242,0],[116.77066899527992,-8.740105959909338,0],[116.7706294077087,-8.740124136596553,0],[116.7706291085125,-8.74012427390171,0],[116.77062202965676,-8.740127524061164,0],[116.7706210029316,-8.740127995596396,0],[116.77062924577476,-8.740253668422989,0],[116.77062933225233,-8.740254979117044,0],[116.7706299898048,-8.740265006964334,0],[116.77063023263283,-8.740266357551672,0],[116.77067003633675,-8.740488039283466,0],[116.7706529963993,-8.740648005047278,0],[116.77065276804059,-8.740648267218315,0],[116.77065270344566,-8.740648340444919,0],[116.77065251238893,-8.740648559221833,0],[116.77054901784749,-8.740767042260389,0],[116.77050253602246,-8.74082094398913,0],[116.77050226308162,-8.740821260403953,0],[116.77049727463306,-8.74082704356291,0],[116.77044301306566,-8.740889966723469,0],[116.77022403164011,-8.741013003572238,0],[116.77006181918753,-8.74105683474137,0],[116.76999384472906,-8.741075202171022,0],[116.76999337825407,-8.741075327615423,0],[116.76981696507274,-8.74112299605469,0],[116.76976409330595,-8.7411313551172,0],[116.76976303767101,-8.741131521811033,0],[116.76975981348319,-8.741132031807371,0],[116.76964602220296,-8.741150021286963,0],[116.76949999628607,-8.741253026346433,0],[116.76948403827129,-8.741281892361137,0],[116.76946969307635,-8.741307840487845,0],[116.76946954562874,-8.741308107229935,0],[116.76941098524755,-8.7414140327624,0],[116.7693209814923,-8.741747727553054,0],[116.7693187161564,-8.741756125495545,0],[116.76931847923368,-8.741757005443915,0],[116.76927100100107,-8.741933033045703,0],[116.7691990100044,-8.742125202145875,0],[116.76918216923369,-8.742170154397046,0],[116.76918170753125,-8.742171386064506,0],[116.76917999003201,-8.742175971811095,0],[116.7686800027045,-8.74270497155698,0],[116.76846697265464,-8.742899000877765,0],[116.76835826345616,-8.742958939009174,0],[116.76835823344321,-8.742958956176599,0],[116.76834965802949,-8.742963684257287,0],[116.76826201581535,-8.743012006803392,0],[116.76799692952517,-8.743061861500788,0],[116.76799676221971,-8.743061893056339,0],[116.76799672312124,-8.743061900268513,0],[116.76799599843433,-8.74306203640642,0],[116.76785789520365,-8.743043760220623,0],[116.76784833886823,-8.74304249618571,0],[116.76778007998348,-8.743033463481861,0],[116.7676630167096,-8.743017971552701,0],[116.76726966893773,-8.742879444369771,0],[116.76689093304384,-8.742746063416316,0],[116.76687572882189,-8.742740708382124,0],[116.76658700957054,-8.7426390287471,0],[116.76620401569069,-8.742491024830553,0],[116.766164022811,-8.742464436376105,0],[116.76615421339231,-8.742457914201342,0],[116.76615360632442,-8.742457510413308,0],[116.76601000388551,-8.742362038016031,0],[116.76584803124267,-8.742189030106056,0],[116.76581261435842,-8.742111267931099,0],[116.76581251358006,-8.742111046262831,0],[116.7658052711379,-8.742095144948431,0],[116.7657510059548,-8.741976000444572,0],[116.765676983075,-8.741668928162886,0],[116.76566812173643,-8.741632170459178,0],[116.76566804647067,-8.741631859259734,0],[116.76556803371696,-8.741216972678798,0],[116.76554727414698,-8.741053832492499,0],[116.76554624096516,-8.741045711123974,0],[116.76552998688294,-8.740917978221857,0],[116.76555167826359,-8.740825211992009,0],[116.76555251419458,-8.74082163786862,0],[116.76555253607202,-8.7408215456217,0],[116.76556599301864,-8.740763993369653,0],[116.76557477806685,-8.740727841749077,0],[116.76557565219439,-8.740724247749915,0],[116.76557568683165,-8.740724104858087,0],[116.76559102100991,-8.740661004570578,0],[116.76565679519871,-8.740525126595072,0],[116.76565689624556,-8.740524917714744,0],[116.76566082887624,-8.740516793989793,0],[116.76571202497875,-8.740411031837882,0],[116.76591698956638,-8.74016500033795,0],[116.76599908822439,-8.74009635045722,0],[116.76602445325148,-8.740075140783125,0],[116.76602532012862,-8.740074415897771,0],[116.76620996579643,-8.739920017983458,0],[116.76646096602401,-8.739785969023853,0],[116.76688984039761,-8.739686895652522,0],[116.76701497982556,-8.739657987432645,0],[116.76714697584903,-8.739648488836647,0],[116.76714825326829,-8.739648396456442,0],[116.7675570191311,-8.7396189801949,0],[116.76769431195063,-8.739616684591299,0],[116.76769692488725,-8.73961664096707,0],[116.76778397277126,-8.739615185579446,0],[116.767796991996,-8.73961496833175,0],[116.76780293646367,-8.739612826465152,0],[116.76799397598666,-8.739544007688947,0],[116.76807057256632,-8.739486105035741,0],[116.76807076084948,-8.739485962237646,0],[116.76807363875774,-8.739483786832222,0],[116.76815403098503,-8.739423015554758,0],[116.76826409922893,-8.739199762748276,0],[116.7682695919418,-8.739188621582631,0],[116.76826977855224,-8.739188242705126,0],[116.76833102582648,-8.73906401431705,0],[116.76834903464739,-8.73898987683784,0],[116.76835009195338,-8.73898552224638,0],[116.76835010927027,-8.738985452609343,0],[116.76835703097026,-8.738956957394493,0],[116.76836090860925,-8.738940593477622,0],[116.7683627608341,-8.738932775985619,0],[116.76837597160196,-8.738877026162431,0],[116.76836415705877,-8.73872110052946,0],[116.76836412008566,-8.738720611164487,0],[116.76836400014346,-8.738719031808726,0],[116.76836099520375,-8.738713451831032,0],[116.76828103059606,-8.738564973923427,0],[116.76828014915036,-8.738564275099353,0],[116.76825796034478,-8.738546685911889,0],[116.76825759231889,-8.738546393528674,0],[116.76819533500304,-8.738497039518252,0],[116.76819509419528,-8.73849684942293,0],[116.76819403736975,-8.738496011196151,0],[116.76810342905519,-8.73850261028998,0],[116.76809799935691,-8.738503005859178,0],[116.76809732541359,-8.738503429664211,0],[116.76791500781093,-8.738618015050925,0],[116.76757100695193,-8.738701004234597,0],[116.76718497737883,-8.738739020155224,0],[116.76718376468928,-8.738738827653298,0],[116.7671835892398,-8.738738800410115,0],[116.76690102894364,-8.738693990773864,0],[116.76683610716795,-8.738670802510104,0],[116.76681077381656,-8.738661753540113,0],[116.76681051203879,-8.738661660214085,0],[116.76665196842455,-8.738605032301653,0],[116.76638086163386,-8.73838526367151,0],[116.7663805308702,-8.738384994826864,0],[116.76635097655236,-8.738361037731416,0],[116.76635045148448,-8.738360360830956,0],[116.7663337038068,-8.738338788691749,0],[116.76627513328009,-8.738263345020908,0],[116.76627498702405,-8.738263156791724,0],[116.76604198511484,-8.737963032645315,0],[116.7659359750154,-8.737492987814974,0],[116.76597396383544,-8.73728302460992,0],[116.76595216212357,-8.737212125254366,0],[116.76595209679579,-8.737211915366673,0],[116.76595123031726,-8.737209096364571,0],[116.76591800197862,-8.737101039732948,0],[116.76598762391404,-8.736959170718018,0],[116.76598780142339,-8.73695880902179,0],[116.76599799046105,-8.736938046752902,0],[116.76605003709902,-8.736831991982696,0],[116.76614302668183,-8.736661040024895,0],[116.76614996833733,-8.736564235019603,0],[116.76614998484233,-8.736564009805655,0],[116.76607573679591,-8.73659292655897,0],[116.76606852278213,-8.736595736052728,0],[116.7658240246686,-8.736690958938539,0],[116.7654969742561,-8.736764006187181,0],[116.76549546785503,-8.736763916613022,0],[116.76549543058114,-8.736763914780942,0],[116.76549538967122,-8.736763912042083,0],[116.76547115634051,-8.736762472442113,0],[116.7654633625104,-8.736762009032004,0],[116.76540157642788,-8.73675833827544,0],[116.76519396854718,-8.736746003334115,0],[116.7648229682973,-8.73673003935684,0],[116.76477594826896,-8.736741397120069,0],[116.76477207289717,-8.736742332697187,0],[116.76461024927205,-8.736781420350534,0],[116.76440099002247,-8.736831964888326,0],[116.76433909757944,-8.736839866249976,0],[116.7642612501355,-8.736849804597327,0],[116.76426019998597,-8.736849938716993,0],[116.7642050112196,-8.736856984031592,0],[116.76408677534924,-8.736824256603876,0],[116.76408625086242,-8.736824111555206,0],[116.76403355494304,-8.736809526029624,0],[116.76392700779286,-8.736780034039292,0],[116.76372650705954,-8.736765800526866,0],[116.76361598425046,-8.736757954619529,0],[116.76357066434434,-8.736756240345962,0],[116.76356948793631,-8.736756195291155,0],[116.76345803278956,-8.736751978572673,0],[116.76328797608369,-8.736683956976156,0],[116.76325729844818,-8.736655592150651,0],[116.76325059376342,-8.736649393849719,0],[116.76319499641188,-8.736597988140232,0],[116.76317196611456,-8.736504013708142,0],[116.76320826286516,-8.736433432700743,0],[116.76320832294185,-8.736433316960438,0],[116.76321239272826,-8.736425403192369,0],[116.76322803468881,-8.73639498600191,0],[116.76328779596588,-8.736348280727473,0],[116.7632899144116,-8.736346624979694,0],[116.76329050928616,-8.736346160430706,0],[116.76337001692923,-8.736284022886926,0],[116.76340105487432,-8.736281613635185,0],[116.76341381900004,-8.736280622111579,0],[116.76350434073105,-8.736273595332344,0],[116.7635629898795,-8.736269042403638,0],[116.76384700276778,-8.73620799644097,0],[116.76479400094858,-8.736060002295233,0],[116.76480511954159,-8.736057510923201,0],[116.76493153033576,-8.736029181227474,0],[116.76522699403823,-8.73596296478212,0],[116.7654779665937,-8.735867985065749,0],[116.7655355543252,-8.73559914378152,0],[116.76553581874772,-8.735597910187181,0],[116.76554705125325,-8.73554547337864,0],[116.76564397763825,-8.735092985661021,0],[116.76571103312965,-8.734917043833171,0],[116.76581800709107,-8.734800994656254,0],[116.76592625028574,-8.73475616499766,0],[116.76592633394826,-8.734756130677754,0],[116.76592898569251,-8.734755032424758,0],[116.76592901205481,-8.734755036963595,0],[116.7660448711434,-8.734775792899423,0],[116.7660459956271,-8.734775994395402,0],[116.76609376856732,-8.734823774096752,0],[116.76609388850025,-8.734823892662142,0],[116.76619501126235,-8.734925029104913,0],[116.7662849822982,-8.735027996622401,0],[116.76643651282978,-8.73507181783921,0],[116.76643723183238,-8.735072026320427,0],[116.76643732636636,-8.735072053514097,0],[116.76643736181674,-8.735072063485593,0],[116.7664391052399,-8.735072567469526,0],[116.76645716303081,-8.735077789500046,0],[116.76645761206638,-8.735077920026699,0],[116.76645797384053,-8.735078024268681,0],[116.76666197357885,-8.735052012995764,0],[116.76706203630616,-8.73486497285976,0],[116.76770399985718,-8.734582040074942,0],[116.76782296335506,-8.734474045123788,0],[116.76800599169626,-8.734052014665574,0],[116.76854003686451,-8.732009005726795,0],[116.76858801908672,-8.731638984379853,0],[116.76855698832327,-8.731387018241904,0],[116.76851696335763,-8.731294624755703,0],[116.76851633785371,-8.73129318167271,0],[116.76851605914602,-8.73129253839252,0],[116.76847599062407,-8.731200043569808,0],[116.76838006567473,-8.731110782657389,0],[116.76834574557381,-8.731078846797203,0],[116.7683457210417,-8.731078823264843,0],[116.7683445970882,-8.731077777863783,0],[116.76828898276378,-8.731026027354217,0],[116.76825127120915,-8.731010946859243,0],[116.76824872535448,-8.731009928629279,0],[116.76821498937181,-8.730996437982997,0],[116.76809397085886,-8.730948044838787,0],[116.76802098486483,-8.730936040720882,0],[116.76801572151727,-8.730935175499761,0],[116.76793697039153,-8.730922222622425,0],[116.76780200873202,-8.730900025558961,0],[116.76764800688301,-8.730815017221694,0],[116.76760631803482,-8.73075861508221,0],[116.76757620458538,-8.730717873564869,0],[116.76757591027334,-8.730717474493492,0],[116.76753198230952,-8.730658043562954,0],[116.76750430935809,-8.730613766882175,0],[116.76750428211102,-8.730613723448755,0],[116.7674905578052,-8.73059176336581,0],[116.76742698425218,-8.73049004426099,0],[116.76623897612477,-8.730173974947999,0],[116.7659959670345,-8.730099705585369,0],[116.7659949499104,-8.730099394709473,0],[116.7659839924206,-8.73009604576895,0],[116.76598380157581,-8.730095928968824,0],[116.76584797996522,-8.730013035030465,0],[116.76580253114658,-8.729948152361645,0],[116.76580247210553,-8.729948068205314,0],[116.76579724380275,-8.729940604539756,0],[116.76574499530332,-8.729866015840907,0],[116.76572902235779,-8.729734069826446,0],[116.76572900065263,-8.729733887101055,0],[116.76572695112186,-8.729716959649355,0],[116.76571799687113,-8.729642991941784,0],[116.76570563175548,-8.729561436866183,0],[116.76570129305878,-8.729532816241798,0],[116.76570120975968,-8.729532269863393,0],[116.76569298597254,-8.729478025552181,0],[116.76560802132661,-8.729164985610605,0],[116.76561599114446,-8.729007004348913,0],[116.76564737235663,-8.728944484668089,0],[116.76566185276899,-8.72891563506358,0],[116.76566197929465,-8.728915383686585,0],[116.76575702582929,-8.728726025194147,0],[116.76580917127761,-8.728659439856884,0],[116.76580936416599,-8.72865919394787,0],[116.76581753827627,-8.728648756367837,0],[116.76585103174308,-8.7286059880538,0],[116.76588143137312,-8.72859104432439,0],[116.76589461867158,-8.728584561661041,0],[116.76589469688076,-8.728584522815147,0],[116.76597015575518,-8.728547429976667,0],[116.76597021395735,-8.728547401068088,0],[116.76597101332518,-8.72854700809707,0],[116.76617324644421,-8.728584261290361,0],[116.76621022369491,-8.728591072457577,0],[116.76621231444821,-8.728591458164493,0],[116.7663020223296,-8.728607982828452,0],[116.7669580167876,-8.728770984572327,0],[116.76695938136133,-8.728771028827067,0],[116.76695941954414,-8.728771029755029,0],[116.76748703602497,-8.72878803989926,0],[116.76750429421621,-8.728787696808075,0],[116.76794200568408,-8.728779004607963,0],[116.76861299425167,-8.728944001712971,0],[116.76866833147129,-8.72895518993172,0],[116.76866884870066,-8.728955295170772,0],[116.76870564928083,-8.728962735531569,0],[116.76879603632639,-8.728981010261286,0],[116.76879715566211,-8.728980688031417,0],[116.76879725568405,-8.728980659147878,0],[116.76902502094309,-8.728915043225749,0],[116.769194563377,-8.728759742551027,0],[116.76920278379444,-8.728752212940003,0],[116.76920296663192,-8.72875204571591,0],[116.76924957476503,-8.72870935290728,0],[116.76924996772932,-8.728708993149205,0],[116.76952600156297,-8.72832400569139,0],[116.7696877481787,-8.728046427685157,0],[116.76971810038481,-8.727994339698697,0],[116.7697184844402,-8.727993680540187,0],[116.76984579597591,-8.72777519705341,0],[116.76984996688442,-8.72776803944057,0],[116.76985344179077,-8.727763215959305,0],[116.77015398402409,-8.727345992362965,0],[116.77025436155192,-8.727231271964135,0],[116.77053897254602,-8.726905995931068,0],[116.77054736431637,-8.726897638760605,0],[116.77054810661237,-8.726896900220362,0],[116.77060298286486,-8.726842255442444,0],[116.77079400940968,-8.726652032790126,0],[116.77124844013996,-8.726214395784247,0],[116.77124951808088,-8.726213358954766,0],[116.77126652136018,-8.726196983001186,0],[116.77127796573357,-8.726185962046175,0],[116.77150598508545,-8.725856017292518,0],[116.77152630861548,-8.725825909163328,0],[116.77152821312131,-8.72582308822161,0],[116.7715282713573,-8.725823002327699,0],[116.77152828682611,-8.725822979724128,0],[116.77158701985165,-8.725735970840407,0],[116.77169087093287,-8.725693459584653,0],[116.77169316157797,-8.725692522075349,0],[116.77171309537424,-8.725684361767104,0],[116.77175798164906,-8.72566598820147,0],[116.7717588243543,-8.725666070114547,0],[116.7717589034434,-8.725666077398225,0],[116.77175894616931,-8.725666081946484,0],[116.7718817757145,-8.725677980509342,0],[116.77188196570972,-8.72567799871381,0],[116.77224052712947,-8.725942627394613,0],[116.77224103600983,-8.725943003073835,0],[116.77227250695834,-8.725980687786619,0],[116.77237509055814,-8.72610352371682,0],[116.77237572103154,-8.726104278460754,0],[116.77239551371453,-8.726127978683637,0],[116.77276301197044,-8.726568029442388,0],[116.772915719134,-8.726730574518289,0],[116.77294575725112,-8.726762549018424,0],[116.77294662490623,-8.726763472143194,0],[116.77296498829982,-8.726783018851977,0],[116.77299856831414,-8.726804554645126,0],[116.77300127827061,-8.726806292935482,0],[116.77307006319542,-8.726850406581358,0],[116.77317698111919,-8.72691897577638,0],[116.7732266417216,-8.726934522413032,0],[116.77322677988275,-8.726934565007818,0],[116.77322714800795,-8.726934681005726,0],[116.77327131945219,-8.726948508491157,0],[116.77357002306763,-8.72704201833032,0],[116.77406498696189,-8.727092957115717,0],[116.77432160849975,-8.7270592239271,0],[116.77435399861183,-8.727054965731206,0],[116.77447527874216,-8.727027343359303,0],[116.77477101179326,-8.726959986934062,0],[116.77477253450515,-8.726960105424673,0],[116.77484750648883,-8.726965918001802,0],[116.7748483355718,-8.726965981809707,0],[116.77548097213143,-8.727015030359755,0],[116.77557954895667,-8.727023364072558,0],[116.77558074803129,-8.72702346518278,0],[116.77566910500178,-8.727030934444187,0],[116.77566917136458,-8.727030939910517,0],[116.77570354543994,-8.72703384563045,0],[116.77570503087408,-8.727033971331434,0],[116.77585907312125,-8.726989419061143,0],[116.77587103198707,-8.726985960019487,0],[116.77612902106837,-8.726801989081313,0],[116.77619596266923,-8.726717902275064,0],[116.7761970353284,-8.726716555179287,0],[116.77621064782069,-8.726699456101551,0],[116.77629301692838,-8.726595990079984,0],[116.77633646060092,-8.726529807851259,0],[116.7763365006384,-8.726529747272306,0],[116.77633662348144,-8.726529560109952,0],[116.77640196503597,-8.726430018671206,0],[116.77651798428515,-8.726347974162483,0],[116.77656168822521,-8.726342393703465,0],[116.77656192552391,-8.726342363994135,0],[116.77656322566848,-8.726342197424069,0],[116.77665764977702,-8.726330141530314,0],[116.77665900356348,-8.72632996865988,0],[116.77678708893154,-8.726408053957396,0],[116.77680542929896,-8.726419235510798,0],[116.77680711056759,-8.726420260411158,0],[116.7769149907768,-8.726486027849381,0],[116.7770324600087,-8.726558677923343,0],[116.77703256179288,-8.726558741299224,0],[116.77703278262872,-8.726558878010819,0],[116.77704598189162,-8.72656704087754,0],[116.77709930383999,-8.726571557687977,0],[116.7771006756379,-8.726571674271582,0],[116.77717499000903,-8.726577969917756,0],[116.77717505276802,-8.726577920206234,0],[116.7771753129011,-8.726577711415823,0],[116.77733399092298,-8.726451004097516,0],[116.77747328914703,-8.726304208717675,0],[116.77749914891604,-8.72627695634627,0],[116.77749918803187,-8.726276916570507,0],[116.77752001993942,-8.726254962616922,0],[116.77752809043919,-8.72624998708359,0],[116.77752874888415,-8.726249581341946,0],[116.77763356441227,-8.726184961744623,0],[116.77774702062642,-8.72611501505634,0],[116.77796100587418,-8.726054008590646,0],[116.77796175131718,-8.726054071438275,0],[116.77800965057656,-8.72605810917214,0],[116.7780098442104,-8.726058124662137,0],[116.77801026056738,-8.726058160181754,0],[116.77816125005914,-8.726070887252092,0],[116.77816234186056,-8.726070979246256,0],[116.77816302730481,-8.726071036631339,0],[116.77844400071051,-8.726188040654604,0],[116.7786819732315,-8.726350595240389,0],[116.77868205865492,-8.726350653179207,0],[116.77868701410829,-8.72635403805306,0],[116.77876455424175,-8.72646961343861,0],[116.77876481311488,-8.726469998913222,0],[116.77904997511538,-8.726895037789921,0],[116.77943857642134,-8.727200475478387,0],[116.77943874998398,-8.727200612161118,0],[116.77944038020176,-8.727201893902855,0],[116.77944041836798,-8.727201922869524,0],[116.7798260297569,-8.727505010311145,0],[116.78007373119746,-8.727694254717006,0],[116.78007681084897,-8.727696607338189,0],[116.78007711708727,-8.727696841785242,0],[116.7801270303451,-8.72773497524293,0],[116.78026398175528,-8.727880017691433,0],[116.78031710775589,-8.728106526541069,0],[116.7803173426342,-8.728107527976018,0],[116.78031839369244,-8.72811200865119,0],[116.78034302327745,-8.728217018196668,0],[116.78038297915495,-8.728345004979582,0],[116.78049747491998,-8.72845355794242,0],[116.78049798738475,-8.728454043059303,0],[116.78053388767506,-8.728462283158008,0],[116.78053393403424,-8.728462294039025,0],[116.78053443580568,-8.728462409202708,0],[116.78062398655781,-8.728482962736503,0],[116.780876976801,-8.728384988836696,0],[116.78121296991307,-8.728129980787413,0],[116.78130781925589,-8.728034569236204,0],[116.78130812308221,-8.728034263684922,0],[116.78131808931482,-8.728024238347048,0],[116.78137101422107,-8.727971000996662,0],[116.78137042703406,-8.727864587984813,0],[116.78137033658224,-8.72784817458774,0],[116.78137033574787,-8.727848046146006,0],[116.78136803073693,-8.727430027327129,0],[116.78138412847073,-8.727280307561612,0],[116.7813841741749,-8.727279881560952,0],[116.78138501969141,-8.72727201818678,0],[116.78139297942896,-8.727197989954176,0],[116.78142266697915,-8.72712442468359,0],[116.78142331156924,-8.727122826775203,0],[116.78142350002955,-8.727122360153528,0],[116.78146602472826,-8.727016985924285,0],[116.78161199809762,-8.726860981248855,0],[116.78185564429829,-8.726760804210153,0],[116.78185569431216,-8.726760783435033,0],[116.78185576251272,-8.726760755434233,0],[116.78195002116838,-8.726722000434526,0],[116.78209301502771,-8.726660045422998,0],[116.78214590021827,-8.726580703599687,0],[116.78214605672385,-8.726580468515357,0],[116.78214723961368,-8.726578693629428,0],[116.78217502295978,-8.72653701138822,0],[116.78215986591853,-8.72627694168117,0],[116.78215983620643,-8.7262764432758,0],[116.78215805027358,-8.726245798153627,0],[116.78214896938059,-8.726089984634863,0],[116.78213849735201,-8.725990937740741,0],[116.7821110198369,-8.725731033716775,0],[116.78212694416524,-8.725617873431025,0],[116.78212707927105,-8.725616914721595,0],[116.7821315049247,-8.725585466335124,0],[116.78215196991121,-8.725440042757379,0],[116.78257803319006,-8.724596002674529,0],[116.78265649175292,-8.72444388899593,0],[116.78265942513059,-8.724438202173413,0],[116.78270464992457,-8.724350520751328,0],[116.7827069662269,-8.724346030250024,0],[116.78270792018681,-8.724339230643878,0],[116.7827139223698,-8.724296455893954,0],[116.7827142866087,-8.724293860141174,0],[116.78271429938758,-8.724293771505907,0],[116.78280196305238,-8.72366900996054,0],[116.78283791737417,-8.723505943549753,0],[116.78283795930533,-8.723505750007266,0],[116.78283980236709,-8.723497392427555,0],[116.78286502278362,-8.72338300726464,0],[116.78290653051396,-8.7232991977266,0],[116.78290907081886,-8.723294067858747,0],[116.78290919733374,-8.723293811953003,0],[116.7829700208134,-8.723171000762635,0],[116.78354311135601,-8.722582808928548,0],[116.78360628483355,-8.722517971219183,0],[116.78360833336852,-8.722515868481741,0],[116.78372903223612,-8.722391988665652,0],[116.78380405208895,-8.722321206855174,0],[116.78380652712946,-8.72231887189873,0],[116.78380672360403,-8.722318687489262,0],[116.78381578874742,-8.722310134117077,0],[116.78408297924523,-8.722058040054339,0],[116.78448801474215,-8.721787966277727,0],[116.78499896120735,-8.721530525706997,0],[116.78500399095287,-8.721527991385978,0],[116.78500795854134,-8.721526007314083,0],[116.78500809221899,-8.721525940455543,0],[116.78543200736941,-8.721313996928915,0],[116.78567803330951,-8.721191961003173,0],[116.78573960156344,-8.721130390936505,0],[116.78573973618857,-8.721130256239496,0],[116.78574459269741,-8.72112540082147,0],[116.78579399282515,-8.7210759995765,0],[116.78580817241685,-8.721026189521234,0],[116.78585426927528,-8.720864253703546,0],[116.78586486250917,-8.720827042441933,0],[116.78586493811622,-8.720826777461234,0],[116.78587399005197,-8.72079497795679,0],[116.78590599872318,-8.720004972310264,0],[116.78589802494962,-8.719791001722786,0],[116.78584370418156,-8.719688455913435,0],[116.78578996918782,-8.719587013936934,0],[116.78549299157443,-8.719274039215685,0],[116.7853958886837,-8.719207750245285,0],[116.785324743411,-8.719159180926718,0],[116.78532431720674,-8.719158889431535,0],[116.78528520090036,-8.719132185896292,0],[116.78528497371231,-8.71913203109557,0],[116.78522712238211,-8.719113598717719,0],[116.78522431193893,-8.719112702561945,0],[116.78451898829341,-8.718887970384944,0],[116.7841929239376,-8.7187931819182,0],[116.78418967988299,-8.718792239378203,0],[116.78416417829,-8.718784825945727,0],[116.78389996926832,-8.718708018879694,0],[116.7835949933817,-8.718599620788455,0],[116.78348734199193,-8.718561357199789,0],[116.78348408897308,-8.718560201182868,0],[116.78340201365428,-8.71853102896833,0],[116.78334001819472,-8.718497898265793,0],[116.78333201872266,-8.718493623481558,0],[116.78311199514637,-8.718376040145701,0],[116.78279898566393,-8.71805102505781,0],[116.78279258186585,-8.718041712113775,0],[116.78279230391392,-8.718041307636037,0],[116.78278887129672,-8.718036315456484,0],[116.78265802406406,-8.717846022633067,0],[116.78256896640777,-8.717589956445087,0],[116.78256830002454,-8.717583685955873,0],[116.78256331074572,-8.717536729652918,0],[116.78256181522926,-8.717522652712391,0],[116.78256076909017,-8.717512807356902,0],[116.78255156440558,-8.71742951602521,0],[116.78255282366428,-8.717427678768505,0],[116.78270226041789,-8.717209721527778,0],[116.78270368527042,-8.717207643763848,0],[116.78270376897872,-8.717207520797471,0],[116.78283197654609,-8.717020527428916,0],[116.78286380588534,-8.716971862733924,0],[116.78286691957459,-8.716967103138536,0],[116.78286695142178,-8.71696705340833,0],[116.78288041799212,-8.716946465263435,0],[116.78290999638139,-8.71690095965845,0],[116.78291897878505,-8.716792987230845,0],[116.78289405124498,-8.716753640089683,0],[116.7828940249051,-8.716753598466877,0],[116.78289391500482,-8.716753423832394,0],[116.78285521715559,-8.716692339621178,0],[116.78285229722364,-8.716692172426036,0],[116.782852110864,-8.716692162369856,0],[116.78139441150044,-8.716608850929532,0],[116.78108657156581,-8.71659125633706,0],[116.78094709389073,-8.716574093260796,0],[116.78061464659977,-8.716612467331945,0],[116.78044404255087,-8.716633793169272,0],[116.78038621778526,-8.716641021210794,0],[116.78021489745034,-8.716648159191909,0],[116.78018841778663,-8.716630041789596,0],[116.78007926769402,-8.716555359654288,0],[116.78000788390209,-8.716512531093343,0],[116.77985797780119,-8.716491113972898,0],[116.77967238012354,-8.716462562079817,0],[116.77950105859371,-8.716462562201961,0],[116.77943336173152,-8.716426722158186,0],[116.77937970609999,-8.716398315429311,0],[116.77935115281643,-8.71631979407207,0],[116.77930111559682,-8.716286435397723,0],[116.77924407743002,-8.716248409868422,0],[116.77929404618429,-8.71606994978708,0],[116.77936066066962,-8.715950045084572,0],[116.77936543028594,-8.7159414603759,0],[116.77942967509473,-8.715648785332627,0],[116.77937964945612,-8.71561751882247,0],[116.77931546074322,-8.71557740062537,0],[116.77945108997217,-8.715184790824658,0],[116.77952266113918,-8.715194333392127,0],[116.77955816583534,-8.715199067422738,0],[116.77973662639648,-8.715013470064614,0],[116.77986691136852,-8.71478546993178,0],[116.77990794719736,-8.714713657004637,0],[116.77998889174559,-8.714689373283182,0],[116.78005071375907,-8.714670826680091,0],[116.78012209779627,-8.714742211716802,0],[116.78015065166463,-8.714934947216099,0],[116.78007926771883,-8.715249036321275,0],[116.78007213033072,-8.715334697129242,0],[116.78015778977195,-8.715348973828858,0],[116.7804290492846,-8.715377527036487,0],[116.78093535718773,-8.715425477290728,0],[116.78093677802728,-8.715425611978164,0],[116.7809392579061,-8.71542584677288,0],[116.78093902779415,-8.715426036588685,0],[116.78120312620361,-8.715406607757064,0],[116.78122158165361,-8.715405249848509,0],[116.78122174711596,-8.715405238185053,0],[116.78138241225847,-8.715393417256019,0],[116.78148298081645,-8.7153860182614,0],[116.78167055157024,-8.71536635695397,0],[116.78171902936175,-8.715361276091976,0],[116.78176821447246,-8.715356120555073,0],[116.78177171470628,-8.71535575442679,0],[116.78197896402024,-8.715334032018522,0],[116.78230739413024,-8.71530273587947,0],[116.78237801299328,-8.715296006922708,0],[116.78237887663143,-8.715296012844357,0],[116.7823789993594,-8.715296012914633,0],[116.78283798222677,-8.715298983585107,0],[116.78295832065803,-8.71531084360737,0],[116.78295855700948,-8.715310867259774,0],[116.78295860337077,-8.715310871808843,0],[116.78296204046917,-8.715311210251903,0],[116.78318915258986,-8.71533359370706,0],[116.78330414677085,-8.71534492685631,0],[116.78330497309241,-8.71534500873398,0],[116.78344452303293,-8.715340297958745,0],[116.78344762583927,-8.715340193898339,0],[116.78357101990932,-8.715336028339028,0],[116.78373799727626,-8.715275984799202,0],[116.78392003564917,-8.715093955782656,0],[116.78392013576138,-8.71509376136851,0],[116.78392511770585,-8.715084092204746,0],[116.78392531611053,-8.715083706088949,0],[116.78402097322017,-8.714898044202679,0],[116.78403809727227,-8.714696327727493,0],[116.78403810917045,-8.714696188438692,0],[116.78404203024628,-8.71464999700148,0],[116.78404200042418,-8.714644935309368,0],[116.78403997973801,-8.714303998315517,0],[116.78408499477308,-8.714106970410256,0],[116.78423156817892,-8.713883006669235,0],[116.78423247988863,-8.713881614231052,0],[116.78423252174372,-8.713881550034136,0],[116.78427999435023,-8.713809012127047,0],[116.78445700040683,-8.71364199222428,0],[116.78494999019465,-8.71344503705516,0],[116.78528796968627,-8.713359044851352,0],[116.78536501691244,-8.713354486182185,0],[116.78536536783362,-8.713354465576433,0],[116.78544842072182,-8.713349551188168,0],[116.78555896729031,-8.71334301059487,0],[116.78555937178758,-8.713343095847632,0],[116.78576185674682,-8.713385847135658,0],[116.78577198463185,-8.713387985694268,0],[116.78585858156038,-8.713420716489923,0],[116.785859163254,-8.713420936615218,0],[116.78585919415643,-8.713420948391345,0],[116.78588145576035,-8.71342936208392,0],[116.78602597670157,-8.713483986732632,0],[116.78611066861224,-8.713484036206602,0],[116.78611096315801,-8.713484036372337,0],[116.78611203406831,-8.71348403697493,0],[116.7862019653427,-8.71339401578174,0],[116.78635603091159,-8.712964995992166,0],[116.7863748402961,-8.712858783720364,0],[116.78637660139458,-8.71284884045158,0],[116.78637666341145,-8.712848490438407,0],[116.78638400694655,-8.712807025180178,0],[116.78634399612721,-8.712641960928293,0],[116.78618301700563,-8.712439028893328,0],[116.78602587880165,-8.712301930596647,0],[116.78602552261566,-8.712301619242359,0],[116.78599228189131,-8.712272618001993,0],[116.78585402168706,-8.712151989756183,0],[116.78585152817296,-8.71215018655402,0],[116.78585125192323,-8.7121499874047,0],[116.78507803463862,-8.711590955842853,0],[116.7841759847883,-8.710603997797884,0],[116.78375198457162,-8.710108997043502,0],[116.78299400539882,-8.709273955804647,0],[116.78266002837428,-8.70892496530127,0],[116.78246799958065,-8.708625974204383,0],[116.78223748212098,-8.708267871606235,0],[116.78223720782549,-8.70826744542175,0],[116.78222609522399,-8.70825018178212,0],[116.78219703261908,-8.708205033367744,0],[116.78214253385148,-8.70812555301316,0],[116.78211899584059,-8.708091225778897,0],[116.78211851806823,-8.708090529027233,0],[116.78158197174962,-8.707308034020729,0],[116.7813954904606,-8.707069296355122,0],[116.78139303686848,-8.707066155367047,0],[116.78139246911753,-8.707065428713733,0],[116.7812819757628,-8.706923972027724,0],[116.78023135911837,-8.706137563896716,0],[116.78022690750862,-8.706134231798599,0],[116.78022666034875,-8.70613404622986,0],[116.77992997105312,-8.705911966891632,0],[116.77988476574987,-8.70587429655804,0],[116.77988467488694,-8.705874220526047,0],[116.77988370446835,-8.705873413135578,0],[116.77958202283816,-8.70562201796783,0],[116.77931302103043,-8.705309958395985,0],[116.77907802840315,-8.704912003762658,0],[116.77899823384023,-8.704650041007806,0],[116.77899822295207,-8.704650005725334,0],[116.77898643592094,-8.704611310884921,0],[116.7789759790285,-8.70457698020599,0],[116.77895641009536,-8.70449845858595,0],[116.77894539718962,-8.704454267445076,0],[116.77894525752093,-8.704453708372533,0],[116.77881100419812,-8.703915003236512,0],[116.77879382526885,-8.703890672601188,0],[116.77879376804482,-8.703890592065925,0],[116.77877497777081,-8.703863978397058,0],[116.77843534363123,-8.703520437053037,0],[116.77843519099942,-8.703520281387265,0],[116.77843514284704,-8.703520233419829,0],[116.77843503291531,-8.703520122100251,0],[116.7784269942663,-8.703511991240342,0],[116.77816296690544,-8.703413986784438,0],[116.77776165367752,-8.703309127167557,0],[116.77771897137288,-8.703297974872958,0],[116.77771859611398,-8.703297659881926,0],[116.77758897909887,-8.70318901590065,0],[116.77755897361713,-8.703098023870435,0],[116.77761301577242,-8.702977960042386,0],[116.77767623313383,-8.702931779786958,0],[116.77767663147657,-8.702931488765254,0],[116.77769051526575,-8.702921347292419,0],[116.77776899967891,-8.70286401510564,0],[116.7778329845925,-8.702843469278688,0],[116.7778739112205,-8.702830327925783,0],[116.77787514596581,-8.702829931563567,0],[116.77793401913196,-8.702811027147355,0],[116.77805081250807,-8.702752017665079,0],[116.7780523238252,-8.702751254229725,0],[116.77805235019609,-8.702751240677356,0],[116.77812799879906,-8.702713019201523,0],[116.77818098366569,-8.702604982029186,0],[116.77818796420543,-8.702335042982346,0],[116.77813418307353,-8.701805397992578,0],[116.7781341369776,-8.701804945707257,0],[116.77813412793864,-8.701804857963845,0],[116.77807900476958,-8.701261989039907,0],[116.77800103073082,-8.70039803309634,0],[116.77787797497753,-8.699332025122596,0],[116.77783499642595,-8.698615044569229,0],[116.77777401457088,-8.698046997594961,0],[116.77768096356016,-8.697201030756622,0],[116.77763916644103,-8.696877006514088,0],[116.77763367090027,-8.696834397835273,0],[116.77763366094445,-8.696834323659063,0],[116.7776020188328,-8.696589020941028,0],[116.7775752768539,-8.696455679497964,0],[116.77745000020654,-8.69583101099225,0],[116.77743581193924,-8.695789137124711,0],[116.77743565948549,-8.69578868568157,0],[116.77739103475102,-8.695656983611844,0],[116.77722298419542,-8.69501101125188,0],[116.77720330893476,-8.694899963023271,0],[116.77720309601901,-8.694898760795397,0],[116.77714999298313,-8.6945990441904,0],[116.77711101514711,-8.694470967980543,0],[116.77695168514762,-8.694132346492779,0],[116.77694956519234,-8.694127840755783,0],[116.77694882615918,-8.694126269176671,0],[116.77687998437958,-8.693979960288036,0],[116.77682566692859,-8.693940385691368,0],[116.77682498907329,-8.693939892332367,0],[116.77682434756481,-8.693939424321144,0],[116.77671402260374,-8.693859044875321,0],[116.77654159821013,-8.693826145979319,0],[116.77654154640052,-8.693826135999238,0],[116.77654096286022,-8.693826024401332,0],[116.77636597266329,-8.693889044351218,0],[116.77622127603266,-8.693921901895603,0],[116.77622098419033,-8.693921967753907,0],[116.77605196766004,-8.693896999636099,0],[116.77598872506273,-8.693860909302659,0],[116.77598832521876,-8.693860681129213,0],[116.77589603216052,-8.693808011987612,0],[116.77581103586957,-8.693669959793748,0],[116.77581895698997,-8.693600089599595,0],[116.77581905659827,-8.693599210467532,0],[116.77582497733572,-8.693546978989628,0],[116.7759229755942,-8.693245984380471,0],[116.77592111724562,-8.693137786749869,0],[116.77592110932056,-8.693137355290517,0],[116.77592103816313,-8.693133189042461,0],[116.77591899088823,-8.693014020410994,0],[116.77588572187513,-8.692891428811391,0],[116.77584599192684,-8.69274502922807,0],[116.7757906502379,-8.692684101852516,0],[116.77579062661842,-8.69268407560763,0],[116.77579060209045,-8.692684048457675,0],[116.77573602533118,-8.692623963630103,0],[116.77549537379689,-8.692341613440156,0],[116.77549530566678,-8.692341532897983,0],[116.77545902392428,-8.692298964837567,0],[116.77545926192568,-8.692297718553109,0],[116.77548496524734,-8.69216296787129,0],[116.77548777114556,-8.692157376894698,0],[116.7754877893479,-8.692157340724727,0],[116.77549299523108,-8.692146967170698,0],[116.77550477006406,-8.692098024350223,0],[116.77550479740147,-8.692097913110697,0],[116.77551102974165,-8.692072007791412,0],[116.77562603099982,-8.69191996558025,0],[116.77562656483289,-8.691919584188337,0],[116.77580577178446,-8.691791430936885,0],[116.77583300271803,-8.691771958229292,0],[116.77583985634294,-8.691768261881174,0],[116.77589444163728,-8.691738822103334,0],[116.77589482446567,-8.691738615194039,0],[116.77611103590844,-8.691622004391817,0],[116.77617019990986,-8.691566651938766,0],[116.77617022901572,-8.69156662391584,0],[116.77621903512009,-8.691520961795543,0],[116.77624494665349,-8.691437696295731,0],[116.77624532371307,-8.691436486273,0],[116.7762453391973,-8.691436434724594,0],[116.77627100480801,-8.69135396233964,0],[116.77628397791194,-8.691092978723402,0],[116.77633901782929,-8.690803986993743,0],[116.77632996494582,-8.690523005128473,0],[116.77612280831293,-8.690121603414616,0],[116.77609720659198,-8.69007199459256,0],[116.77609532432584,-8.69006834828179,0],[116.77565597200251,-8.689217022299928,0],[116.77522595889295,-8.688637875130276,0],[116.77522413229525,-8.688635415574932,0],[116.77517780067406,-8.688573015446428,0],[116.77466103731828,-8.68787702881883,0],[116.77460573063733,-8.687819856854988,0],[116.77460553077458,-8.687819649602336,0],[116.77460051511898,-8.687814463752193,0],[116.77454103040965,-8.687752972951943,0],[116.77432735845721,-8.68771350091897,0],[116.77432638135863,-8.687713320341583,0],[116.77423801165358,-8.687696995749894,0],[116.77399999658307,-8.687739992053661,0],[116.77387702508778,-8.687810999719648,0],[116.77378637218285,-8.688038386814256,0],[116.77378625109921,-8.68803869156474,0],[116.77378624108523,-8.68803871598076,0],[116.77378622833986,-8.688038747631296,0],[116.77375901469324,-8.688107008969734,0],[116.77373993162679,-8.688150638794099,0],[116.77373929716306,-8.688152089263253,0],[116.7737390614011,-8.688152628215619,0],[116.77370301984544,-8.688235028246112,0],[116.77352499004891,-8.688371025230097,0],[116.77327181395178,-8.688464987031569,0],[116.7732717548512,-8.68846500960934,0],[116.77327066377082,-8.688465414184087,0],[116.77321797094025,-8.688484970159227,0],[116.77321672373962,-8.688484986603033,0],[116.77321669010496,-8.68848498748754,0],[116.77304312921078,-8.688487310102241,0],[116.7730429274043,-8.68848731269565,0],[116.77304247652121,-8.688487318758797,0],[116.77302647199036,-8.688487532644924,0],[116.77291401666095,-8.688489037717222,0],[116.7729137839937,-8.688488963408204,0],[116.77291372310061,-8.68848894347255,0],[116.77291367129564,-8.688488927160368,0],[116.77271399475664,-8.688424983606177,0],[116.77248502958116,-8.688252028143761,0],[116.77238393330616,-8.688106256397816,0],[116.77238371805264,-8.688105946924402,0],[116.77238291516849,-8.688104788662939,0],[116.7721425677381,-8.687758228545706,0],[116.77204601200688,-8.687619003609083,0],[116.77195497514545,-8.68743600331644,0],[116.77192609206865,-8.687275881965382,0],[116.7719217306171,-8.687251703419458,0],[116.77192157025644,-8.68725081418307,0],[116.77192156482249,-8.687250780712688,0],[116.77189797367461,-8.687119996018668,0],[116.77188429481923,-8.687029423949847,0],[116.77188426856075,-8.68702925298038,0],[116.77188075106376,-8.687005963174721,0],[116.7718719930869,-8.68694797476076,0],[116.7724880369051,-8.685376974700372,0],[116.77283302261758,-8.684695041304524,0],[116.77305500105766,-8.684117621000857,0],[116.77305599162113,-8.684115043715597,0],[116.77305600710002,-8.684115001212492,0],[116.77316899155652,-8.68379796088936,0],[116.77331199032028,-8.683580011069292,0],[116.77358998492004,-8.683359971413841,0],[116.77372796137563,-8.683271775099506,0],[116.77372915992132,-8.683271008779705,0],[116.77372972463847,-8.683270647307715,0],[116.77377302323148,-8.683242970334247,0],[116.77377310056632,-8.683242856410917,0],[116.77377618033051,-8.683238288615069,0],[116.77377667800617,-8.683237549919426,0],[116.773919992933,-8.68302502171665,0],[116.77407400932238,-8.682429972070835,0],[116.77413397265181,-8.682055974176748,0],[116.77407401567118,-8.681541012165017,0],[116.77406498227624,-8.681430943299985,0],[116.77406496061519,-8.681430683690593,0],[116.77406203581833,-8.681395044867882,0],[116.77433600379538,-8.680884981278961,0],[116.77441099003046,-8.680710036730657,0],[116.7743520210357,-8.679920971161115,0],[116.77424397126134,-8.679360040219382,0],[116.7742394007784,-8.67933415383534,0],[116.77405997828716,-8.678317957607886,0],[116.77403713239494,-8.678071420470864,0],[116.77402514271282,-8.677942039286322,0],[116.7740250587222,-8.677941124769092,0],[116.77399697263986,-8.677638042210148,0],[116.77399787037608,-8.67753833322038,0],[116.77399787040582,-8.677538283471918,0],[116.77399898038168,-8.677415035435454,0],[116.77404590604327,-8.677261289762349,0],[116.77404655179203,-8.677259174477431,0],[116.77404668203428,-8.677258748526636,0],[116.77408902821603,-8.677120005181312,0],[116.77425499336788,-8.676718036147516,0],[116.77430999783662,-8.67648701139258,0],[116.77425500399731,-8.676198043294367,0],[116.77419731369622,-8.676074139967522,0],[116.77419569683948,-8.676070667471352,0],[116.77419507497143,-8.676069332035047,0],[116.77409899778533,-8.675862985407715,0],[116.77381001815735,-8.675412004367674,0],[116.77371938285282,-8.67521588282847,0],[116.7737193656035,-8.675215846637524,0],[116.7737180084078,-8.675212909767895,0],[116.77371214023883,-8.67520021138054,0],[116.7737121120967,-8.675200149856646,0],[116.77371202857655,-8.675199969808062,0],[116.773710255157,-8.675187759574046,0],[116.77370969842035,-8.675183921374538,0],[116.77367500407304,-8.674945015816265,0],[116.77365999316075,-8.674728961905679,0],[116.77347961436206,-8.67440274002628,0],[116.77347954535307,-8.674402615161855,0],[116.7734794590916,-8.674402459533601,0],[116.77347833315491,-8.674400423700177,0],[116.77312202845418,-8.67375603164253,0],[116.77295317669804,-8.673549260678763,0],[116.77295297959064,-8.673549019959767,0],[116.772952300159,-8.673548192826345,0],[116.77295607426939,-8.673545228251777,0],[116.7732299999881,-8.673329999988502,0],[116.77450000031388,-8.672400001247265,0],[116.77548000019979,-8.671770001105013,0],[116.77668000012461,-8.671329999909606,0],[116.7776300000206,-8.671420001151942,0],[116.77886999989107,-8.671750001119264,0],[116.77939000018793,-8.671940001085105,0],[116.7815499998587,-8.673210000936812,0],[116.78323999875724,-8.674410000176596,0],[116.7835545167913,-8.674657263230454,0],[116.78483034514645,-8.675647556693646,0],[116.78666627809552,-8.676898767559006,0],[116.78793000129501,-8.677760000098594,0],[116.79036999969308,-8.679479999762297,0],[116.79371000028925,-8.68154999968185,0],[116.79647000040535,-8.683129999717757,0],[116.79908000001019,-8.684400001231598,0],[116.80006429824144,-8.684961049850292,0],[116.80007999962152,-8.684970001061185,0],[116.80116000012791,-8.686120001316743,0],[116.80199000123082,-8.68705000016745,0],[116.80401000025034,-8.68908000129167,0],[116.80531999866496,-8.690310000785185,0],[116.80681000020073,-8.691649999806804,0],[116.80821999990964,-8.692960000629473,0],[116.80961999990679,-8.69427000130358,0],[116.81094999976452,-8.695780001105678,0],[116.81179999996868,-8.696790000955442,0],[116.8128099990464,-8.698349999844194,0],[116.81369999871079,-8.699700001263153,0],[116.81457999886246,-8.70148000043593,0],[116.81555715181815,-8.703015526093239,0],[116.81555999955756,-8.70302000031923,0],[116.81677999966938,-8.70624000017982,0],[116.81837999969365,-8.707479999805544,0],[116.82205999994312,-8.708079999727037,0],[116.82532000133627,-8.708059999630116,0],[116.82526000022577,-8.707479999844965,0],[116.82575000045257,-8.707050000046147,0],[116.82597000000399,-8.70672000010323,0],[116.82542999961215,-8.706510000108578,0],[116.82539999995235,-8.706020000157778,0],[116.82626999991292,-8.705829999862555,0],[116.82686999995998,-8.705649999975831,0],[116.82745000006878,-8.705139999702194,0],[116.82763999993902,-8.70433000099775,0],[116.82818999869262,-8.703710000871824,0],[116.82831999976445,-8.7034399998877,0],[116.82801999897137,-8.703170001049331,0],[116.82864999963171,-8.702929999635993,0],[116.82938000004741,-8.70341000064924,0],[116.82942999961391,-8.705389999873534,0],[116.82985000027351,-8.705999999550901,0],[116.83053000014225,-8.706359999694557,0],[116.8316700004161,-8.706369999672123,0],[116.833229999951,-8.706450001354984,0],[116.83477999993084,-8.70765000100032,0],[116.83503700022119,-8.707706999590851,0],[116.83612999878045,-8.707630000854017,0],[116.83803999983672,-8.707330000102179,0],[116.83952000038815,-8.707080001241057,0],[116.840800000184,-8.706609999738456,0],[116.84213000135082,-8.706159999981795,0],[116.84369999889455,-8.70545000126111,0],[116.84516999970332,-8.704760001230111,0],[116.84729999965718,-8.703619999696416,0],[116.84954000134766,-8.702330001181881,0],[116.8517700002426,-8.70103000024423,0],[116.85353000007541,-8.699930001119805,0],[116.85596999988518,-8.698510001350419,0],[116.85925999888038,-8.696810001325183,0],[116.86218999994368,-8.694930000751008,0],[116.86510999866186,-8.693020001245417,0],[116.86738000114589,-8.691709999931291,0],[116.86903400005316,-8.690573999833655,0],[116.87091999870499,-8.689280001277995,0],[116.87375617116562,-8.687689688177771,0],[116.87627199971163,-8.686278999950183,0],[116.87673000012339,-8.686040000783994,0],[116.87788999983844,-8.685429999745416,0],[116.87812000013483,-8.685399999775802,0],[116.87858999979957,-8.685379999672337,0],[116.879070000121,-8.685349999953322,0],[116.87952999989307,-8.685360001236047,0],[116.88002000125468,-8.685309999968531,0],[116.88066000134069,-8.685299999604247,0],[116.88129000020166,-8.685269999680886,0],[116.8818400003288,-8.685140000694723,0],[116.8825399998114,-8.68503000090742,0],[116.88306999983604,-8.684920000201206,0],[116.88360000011406,-8.684820000058448,0],[116.88412000025502,-8.684710000258505,0],[116.88546999871365,-8.68424999981023,0],[116.88607999971289,-8.683999999721882,0],[116.88665000127638,-8.683740000828902,0],[116.88716999897208,-8.683530000954175,0],[116.88757999984495,-8.683240000012775,0],[116.88808000023997,-8.682890000009296,0],[116.88832999975675,-8.682690001009167,0],[116.88867999973974,-8.682359999566746,0],[116.8890899996578,-8.681999999557483,0],[116.88936999865051,-8.681700000014736,0],[116.88961000002602,-8.681370000135777,0],[116.88978499979835,-8.681121000333498,0],[116.88978779089169,-8.681116492998191,0],[116.89011999964151,-8.68057999965713,0],[116.89030999992013,-8.680259999775366,0],[116.89053999889988,-8.679910000102328,0],[116.89076999992616,-8.679519999563214,0],[116.8909699988594,-8.67922000118594,0],[116.89128999994381,-8.678739999748332,0],[116.89154999863842,-8.678290000282228,0],[116.893999999983,-8.67423000113305,0],[116.89739999985014,-8.666940000098961,0],[116.89992000012447,-8.660020000382277,0],[116.90066000045155,-8.658549999709521,0],[116.90479000000222,-8.650190000387052,0],[116.90833000003546,-8.64261999978222,0],[116.90870100007538,-8.641888000995522,0],[116.9087130002634,-8.641863000065678,0],[116.9087169987307,-8.641854999588682,0],[116.90871900023615,-8.641851001159766,0],[116.9087200002941,-8.64185000099317,0],[116.90872300108319,-8.64185199980409,0],[116.90873000041994,-8.641856999877405,0],[116.90884400013482,-8.641938000107206,0],[116.90989999979853,-8.642689999837287,0],[116.9102700002687,-8.642940000637644,0],[116.91062000006133,-8.64315999964932,0],[116.91093000134265,-8.643339999988886,0],[116.91114999972986,-8.643539999975017,0],[116.91138000009138,-8.643829999686048,0],[116.91157999990116,-8.644170000814952,0],[116.91190000000996,-8.644580000803694,0],[116.91249999993501,-8.645589999897886,0],[116.91284000013322,-8.64653999968874,0],[116.91355000022281,-8.647760001258385,0],[116.91381000042107,-8.648180000069358,0],[116.91404000015653,-8.648469999968832,0],[116.914600000095,-8.648979999678263,0],[116.91496999973481,-8.649359999699577,0],[116.91525000024625,-8.649650000926453,0],[116.91588000006828,-8.65042000004609,0],[116.91630000041053,-8.651020001075649,0],[116.91678000004356,-8.651810000189746,0],[116.91726000022295,-8.652539999745413,0],[116.9176299988818,-8.653120001191825,0],[116.91789000020313,-8.653820000083456,0],[116.91814000034178,-8.65443999956591,0],[116.9183039998414,-8.654860000948066,0],[116.918439999798,-8.655209999638299,0],[116.91869000011769,-8.655990001016253,0],[116.91880000008676,-8.656449999618752,0],[116.9189099999013,-8.657120000771057,0],[116.91901999992814,-8.657710001189516,0],[116.91921000037676,-8.658550001032726,0],[116.91932999987093,-8.659170001091631,0],[116.9195000002528,-8.659820001137124,0],[116.91967999987712,-8.660440001016514,0],[116.91994000023406,-8.661190000441291,0],[116.92012999967811,-8.66159999962588,0],[116.9205300002372,-8.662409999623412,0],[116.92060400005899,-8.662526001265856,0],[116.92067799971704,-8.662642999679571,0],[116.92072999884947,-8.662723999775867,0],[116.9208800004207,-8.662959999570367,0],[116.92129999956907,-8.663739999795789,0],[116.92162999979867,-8.664549999550058,0],[116.92178999965066,-8.665339999583242,0],[116.92187999882147,-8.665930000319616,0],[116.92202000039582,-8.666640000896585,0],[116.92207999916974,-8.66696499966601,0],[116.92213999986191,-8.667290000230812,0],[116.92224999987799,-8.66779000112441,0],[116.92237999990128,-8.668399999802606,0],[116.92247999871235,-8.668870000029388,0],[116.92265100020217,-8.66941000125774,0],[116.92265999995288,-8.671019999957908,0],[116.92258999955341,-8.671280001175258,0],[116.92172999974294,-8.67286000132794,0],[116.92143000039816,-8.673120001214329,0],[116.92101999993476,-8.67354000106947,0],[116.92063999989625,-8.67397000078893,0],[116.92029000006298,-8.67442000087825,0],[116.91927000000383,-8.676399999943941,0],[116.91893999968738,-8.677330001114758,0],[116.91871999889683,-8.677940001289567,0],[116.91841000041492,-8.678739999884929,0],[116.91812000041269,-8.679420000233687,0],[116.9177799986904,-8.680079999585644,0],[116.91743000022625,-8.68068999980415,0],[116.91712999956292,-8.681200000086836,0],[116.91685999978935,-8.681699999909286,0],[116.91662000104469,-8.68232999966563,0],[116.91632999956047,-8.683010000280133,0],[116.91603000000265,-8.684060000045687,0],[116.91590000126858,-8.684410001123524,0]]]]},"properties":{"OBJECTID":5,"KABUPATEN":"Sumbawa Barat","KECAMATAN":"Kec. Taliwang","SUMBERDATA":"PERMENDAGRI NO.123 TAHUN 2017 TENTANG BATAS KSB_KS","Luas":15371.2190464,"Shape_Leng":93797.8832999,"Shape_Area":153712190.464}},{"type":"Feature","geometry":{"bbox":[116.88166943668564,-8.7771893702967,117.09033634333937,-8.60066773689057],"type":"Polygon","coordinates":[[[116.93643965131217,-8.606542323184664,0],[116.93872395922959,-8.607200834297728,0],[116.94100844278098,-8.60678237531883,0],[116.94359342076332,-8.606902422982175,0],[116.94623851105554,-8.607082296185578,0],[116.94768126013611,-8.60738164860269,0],[116.94834260479813,-8.606903090955278,0],[116.94878269629166,-8.606597613053323,0],[116.94909053599811,-8.606253028000502,0],[116.94916666717995,-8.605555555921777,0],[116.94943700419525,-8.604759696760926,0],[116.94982185669093,-8.603917328842197,0],[116.95030281802292,-8.603649348938523,0],[116.95068759069804,-8.603400501347021,0],[116.95120699254741,-8.603381421413733,0],[116.95178407229167,-8.603630390338854,0],[116.95264969598739,-8.6039751247068,0],[116.95316910088869,-8.603936895990822,0],[116.95422222169914,-8.604111110840929,0],[116.95437434799051,-8.604202624605056,0],[116.95491960245263,-8.604530628121795,0],[116.95578520794177,-8.605066813211476,0],[116.95618915734516,-8.605334899931522,0],[116.95630453811742,-8.605698685156273,0],[116.95640070797424,-8.605832718128154,0],[116.95663153798695,-8.605966763565247,0],[116.9569970421705,-8.605985950731826,0],[116.95724712494601,-8.605985978604144,0],[116.95778578017841,-8.605852017832655,0],[116.95876689101543,-8.605698957839682,0],[116.95901782736233,-8.605644986154438,0],[116.95906418105093,-8.60563501686183,0],[116.95947868209568,-8.605545865259952,0],[116.96030593408753,-8.605009867735548,0],[116.96069067796462,-8.604990761095614,0],[116.96099846828096,-8.60502908379305,0],[116.96124852513341,-8.605278006161928,0],[116.96134467229237,-8.605660934099948,0],[116.96146003394591,-8.606254466032045,0],[116.96153694410945,-8.606637391976857,0],[116.96159816803042,-8.606991017776771,0],[116.96160480326263,-8.607029343278036,0],[116.96163307363587,-8.607192632344084,0],[116.96184464290688,-8.607594715946664,0],[116.96221010336046,-8.60807339912522,0],[116.96263327834157,-8.608532942327972,0],[116.96280635932114,-8.609088188920603,0],[116.96288888878097,-8.609333332922565,0],[116.9630313492971,-8.609544588211788,0],[116.96318538159633,-8.6097730043475,0],[116.9637624780019,-8.610041099632038,0],[116.96426263275089,-8.61021345984866,0],[116.96457293712386,-8.610279667418107,0],[116.9650705865625,-8.610385846593157,0],[116.96582081876458,-8.610673103326407,0],[116.96653522658345,-8.611006202363939,0],[116.96658142219135,-8.611021511892698,0],[116.96687760562438,-8.611153425780898,0],[116.96722299796284,-8.611319620710729,0],[116.96723389738368,-8.611324865185988,0],[116.96726939617288,-8.611336535710512,0],[116.96733839467693,-8.61135526529845,0],[116.96760465240627,-8.611460023974768,0],[116.9676783464026,-8.611517846673621,0],[116.9677807750413,-8.611614983439123,0],[116.96802056729356,-8.61182747788399,0],[116.96822713303447,-8.612028661030186,0],[116.96838316807282,-8.612212764241153,0],[116.96868774318551,-8.612548811192422,0],[116.96883006041797,-8.612665878567487,0],[116.96884629140453,-8.612680334232754,0],[116.96897329199119,-8.612828251936826,0],[116.96945319940028,-8.613458899801072,0],[116.96952304112024,-8.613622588636254,0],[116.96967156817904,-8.613946954886478,0],[116.9696854165617,-8.613979990226042,0],[116.96972285227005,-8.614211099035138,0],[116.96977967264837,-8.61457390041552,0],[116.96979114255986,-8.614675841557855,0],[116.96985484397287,-8.614810241243296,0],[116.96987683890006,-8.614838551057796,0],[116.9699332798087,-8.614911193551237,0],[116.97000023788824,-8.614997869695488,0],[116.97000772619529,-8.61500691736306,0],[116.9702638987487,-8.615345644790613,0],[116.97031000734549,-8.615436480996179,0],[116.97038562730125,-8.615520138428176,0],[116.97055551863136,-8.615668783422086,0],[116.97062280344905,-8.615764884655668,0],[116.97066790592179,-8.615810467235308,0],[116.97079050266527,-8.615938991822361,0],[116.97097999078304,-8.616189405584546,0],[116.97104099475229,-8.616295919187497,0],[116.97109338471806,-8.616376064255581,0],[116.97130014516488,-8.616701023061637,0],[116.9714283287133,-8.616860347013766,0],[116.97164927676239,-8.617068105266277,0],[116.97186464777903,-8.617232981150904,0],[116.97202008602532,-8.61730472965835,0],[116.972329415762,-8.617473772033254,0],[116.97237428482205,-8.617497628551638,0],[116.97272407388223,-8.617719632684041,0],[116.97309237972819,-8.617903142921378,0],[116.97316778501354,-8.61782448236046,0],[116.97345715626099,-8.617742441934586,0],[116.97393584694687,-8.617626044855326,0],[116.97396540397828,-8.617616603594099,0],[116.97417394939752,-8.6175329850728,0],[116.97426606837226,-8.617455627031847,0],[116.97427968482556,-8.617431693246038,0],[116.9743378889371,-8.617158593200527,0],[116.97433465328851,-8.616890273992897,0],[116.97437214898463,-8.616411600615331,0],[116.9744156525869,-8.616318918403056,0],[116.97475237542368,-8.615972850404601,0],[116.97516008333592,-8.615810314405197,0],[116.97559548656383,-8.615748979162424,0],[116.97572031119458,-8.615742510652769,0],[116.97601745662129,-8.615716993597866,0],[116.97611381415727,-8.61571956755242,0],[116.97617089063388,-8.615721887590512,0],[116.97653072577273,-8.615755350112975,0],[116.9768542670628,-8.615837989270084,0],[116.97697380754825,-8.615861912156237,0],[116.97707665663495,-8.615872902885988,0],[116.97711127321604,-8.615876601752879,0],[116.97719921341825,-8.615900937863591,0],[116.97749140138636,-8.61594608196147,0],[116.9780212735788,-8.616009700909323,0],[116.97821608889136,-8.616020503918758,0],[116.9786095044431,-8.616116169843306,0],[116.97871964715135,-8.616145781140723,0],[116.97878050382339,-8.61616175936463,0],[116.9793362198112,-8.616331171452018,0],[116.97951044616826,-8.616387667613429,0],[116.97969134288815,-8.616458394073497,0],[116.97983926671259,-8.616516426391257,0],[116.97995239973243,-8.616564580303805,0],[116.98009170757342,-8.616622974790133,0],[116.98058853702301,-8.616838883762986,0],[116.98069841633044,-8.616890239318083,0],[116.9809139403345,-8.616980631364976,0],[116.98105840042683,-8.617065600770639,0],[116.98128156656931,-8.617170391254376,0],[116.98130200739426,-8.617180577227911,0],[116.98141656698103,-8.617243836385141,0],[116.98151343999919,-8.617308134863995,0],[116.98160872302992,-8.61736213429355,0],[116.98168511124794,-8.617405425908693,0],[116.98190336116441,-8.617521423794432,0],[116.98191164981938,-8.617526027324491,0],[116.98211963834031,-8.617650834700182,0],[116.98279591911263,-8.617947196880033,0],[116.9828278143222,-8.617961174159005,0],[116.9834812245997,-8.618087707289487,0],[116.98423003774276,-8.617616646433916,0],[116.98423273754958,-8.61758339250041,0],[116.98425413502483,-8.617319835808331,0],[116.98432294301328,-8.616472310915526,0],[116.98486405793867,-8.615096221618872,0],[116.98582597937012,-8.614019305218696,0],[116.98714856671081,-8.613839858171138,0],[116.98799475363639,-8.614008316703467,0],[116.9883509070997,-8.614079219104841,0],[116.98943299656571,-8.61491688357849,0],[116.98995347463888,-8.615834187010723,0],[116.99001751341795,-8.615859695449787,0],[116.99005424389826,-8.615872761396972,0],[116.99046799592875,-8.616019934883793,0],[116.99058279397343,-8.616043808194007,0],[116.99098571998483,-8.616076480343619,0],[116.99138349527877,-8.61608015913645,0],[116.99152908440847,-8.61608150469209,0],[116.99183765317235,-8.616070629000147,0],[116.99267396287787,-8.616068946246608,0],[116.99296446307481,-8.616074460247232,0],[116.99328530496473,-8.61607104958709,0],[116.993564422699,-8.616068083894623,0],[116.99376722685918,-8.616057178636149,0],[116.993881843907,-8.61604640031963,0],[116.99406673487908,-8.616000443273288,0],[116.99417748062915,-8.61595770513941,0],[116.99529939675662,-8.615531706143548,0],[116.99555622057153,-8.615762978788709,0],[116.99586890155692,-8.616088458400757,0],[116.99595693288454,-8.61629397792775,0],[116.99594709718662,-8.616461161634604,0],[116.99597206179868,-8.61664223834318,0],[116.99600988742482,-8.616858990648906,0],[116.9960909256621,-8.617292513387335,0],[116.99619063508636,-8.617532288324178,0],[116.99663181895528,-8.618314364915395,0],[116.99664915173831,-8.618345090052637,0],[116.9968411306128,-8.618547788120583,0],[116.9969568188082,-8.618784937131442,0],[116.99695990327905,-8.618814555903844,0],[116.99698505527508,-8.619056132741656,0],[116.99695666320775,-8.619148777825343,0],[116.9969398550029,-8.61920362189738,0],[116.99693371268577,-8.619223661651354,0],[116.9969086780559,-8.619305349313464,0],[116.9968510749168,-8.619493308717976,0],[116.99680918772357,-8.619600095057718,0],[116.99679913991982,-8.619625711187517,0],[116.99664834726326,-8.620010143953362,0],[116.9966473629309,-8.620012653103473,0],[116.99664229675471,-8.620025570613453,0],[116.99664225040111,-8.620025689106127,0],[116.9966414169451,-8.620027812928912,0],[116.99663959370326,-8.620032461278692,0],[116.99663949463383,-8.620032711831897,0],[116.99663889930775,-8.620034266709085,0],[116.9966396164053,-8.620034703602041,0],[116.99664519140717,-8.620038097437174,0],[116.99668237687217,-8.620060733555537,0],[116.99679127939523,-8.620127026380997,0],[116.99701643095128,-8.620264083978645,0],[116.99968302872315,-8.621887320224019,0],[117.00136634943577,-8.621408671067151,0],[117.00294130301111,-8.621002295233806,0],[117.00295408376533,-8.621020134222,0],[117.00320301391143,-8.621221516170968,0],[117.0032066349006,-8.621224445904451,0],[117.0035488562229,-8.621439422785457,0],[117.00377065998161,-8.621578754044684,0],[117.00385443893695,-8.621712613290672,0],[117.00396893490813,-8.621895553656241,0],[117.00404858861083,-8.622030117526924,0],[117.0040935171123,-8.622106016831907,0],[117.00426467161111,-8.62242213817462,0],[117.00443800707426,-8.622684023961888,0],[117.00511891362638,-8.623488997611094,0],[117.00533109656328,-8.623739839993226,0],[117.00537135399608,-8.62395370582146,0],[117.00529648222799,-8.624099136728617,0],[117.00524453224966,-8.624229813566316,0],[117.00530877402895,-8.624363882592673,0],[117.00547208355216,-8.624512032790125,0],[117.0058847239195,-8.624893501931938,0],[117.00593064065725,-8.62500027883513,0],[117.00596574491962,-8.62508191366656,0],[117.00595156768888,-8.625751237659635,0],[117.00601591176888,-8.626000098268685,0],[117.0062544581015,-8.626526909066945,0],[117.00629844958584,-8.626656753195146,0],[117.00638394066762,-8.627198935192999,0],[117.00637232042769,-8.627465861286703,0],[117.00639189769882,-8.627504884062178,0],[117.00658874088722,-8.627818479314124,0],[117.00694449133799,-8.628264746718306,0],[117.00725931868145,-8.628517620379379,0],[117.00755633034562,-8.62868183059645,0],[117.00760296777837,-8.62878473769771,0],[117.00757022334082,-8.628937268710821,0],[117.00753971501655,-8.629011115789083,0],[117.0073076294229,-8.629572902909436,0],[117.00742160541505,-8.63005677734599,0],[117.00757557505571,-8.630220954997702,0],[117.00776507317545,-8.630316326324278,0],[117.00815709256563,-8.630472338207662,0],[117.00834522157263,-8.630665361082348,0],[117.00846243867068,-8.63091044908979,0],[117.00853728185413,-8.631105200184807,0],[117.00867864735899,-8.631291276257029,0],[117.00903089122053,-8.631648438601234,0],[117.0094735536181,-8.632016172309614,0],[117.00970279415748,-8.632261293317734,0],[117.00983227276757,-8.632469050757933,0],[117.00981255581506,-8.632711148735233,0],[117.00980003511197,-8.63321831715907,0],[117.00981161704574,-8.63334953021308,0],[117.00982050965608,-8.633450273450086,0],[117.00989497391865,-8.633707291876583,0],[117.01015531011416,-8.63397681682048,0],[117.01041107431078,-8.634225825235069,0],[117.01053176510068,-8.63444310732027,0],[117.01062170914547,-8.634714003317566,0],[117.01071761464121,-8.634945070104607,0],[117.01097534658625,-8.63534600235481,0],[117.01131221036336,-8.635735129834101,0],[117.01146971041518,-8.636135061558274,0],[117.01152295555873,-8.636409698632193,0],[117.01154296114217,-8.636512880081874,0],[117.01153714001488,-8.636587899875616,0],[117.01151838646688,-8.636829615243997,0],[117.01151832377626,-8.636830421178987,0],[117.01150256845197,-8.637033502318797,0],[117.01149614856814,-8.63711625040202,0],[117.01181100548739,-8.637168463666807,0],[117.01181106456713,-8.637168473614782,0],[117.0119184270443,-8.637186277704625,0],[117.01242477064525,-8.637210985050642,0],[117.01343479482549,-8.636923762928744,0],[117.01446886824208,-8.636708334930983,0],[117.01576747932667,-8.636660418895966,0],[117.01656110665884,-8.637378355118845,0],[117.01733072036814,-8.63876639374851,0],[117.01942298617627,-8.639651790351992,0],[117.02019253093057,-8.639460291304106,0],[117.0209620832476,-8.639436317126401,0],[117.02146712591257,-8.63984313786867,0],[117.02163549083636,-8.640273909949686,0],[117.02125074176587,-8.64080044174436,0],[117.02062550691645,-8.641350919020056,0],[117.02009648200801,-8.64221251015756,0],[117.02000034089524,-8.643241603656762,0],[117.01998070467702,-8.644299861348047,0],[117.01997636140267,-8.644533950213184,0],[117.02026498194188,-8.645180106767329,0],[117.0204560928685,-8.645489119790883,0],[117.02064979843678,-8.645802326860691,0],[117.02144351368149,-8.647573273646675,0],[117.02224038887815,-8.648729595814604,0],[117.02259796956231,-8.649248467895086,0],[117.02294007786297,-8.649475401223402,0],[117.02346377573149,-8.649822789713342,0],[117.02733570303769,-8.649870397612332,0],[117.02757621799522,-8.650181500144985,0],[117.02757625720442,-8.650708011018223,0],[117.02745603586774,-8.651067003312487,0],[117.02726365879413,-8.651306341002215,0],[117.02699915409906,-8.65183286878953,0],[117.02699918819536,-8.652311514835224,0],[117.02750429791922,-8.65331663570794,0],[117.02791321810307,-8.654393558694892,0],[117.02952470958063,-8.656643072270334,0],[117.03000586586825,-8.65870121091927,0],[117.03061309243176,-8.660475753702741,0],[117.03077564224415,-8.660950783747342,0],[117.03111238012553,-8.661429404107736,0],[117.03178585332596,-8.662314842686795,0],[117.03187189224133,-8.662453945161538,0],[117.03197827959954,-8.662625945302803,0],[117.03222481835446,-8.662925079104062,0],[117.03240859432576,-8.66305290734033,0],[117.03290427291864,-8.663397681726682,0],[117.03350169239681,-8.66399757509116,0],[117.03355368334859,-8.66404978062216,0],[117.03360868475863,-8.664100914923507,0],[117.03374601108307,-8.664228585581249,0],[117.03392047787335,-8.664390784042375,0],[117.03411901680185,-8.664547039353284,0],[117.03428126770943,-8.664674734724363,0],[117.03431301157569,-8.664699717570675,0],[117.03431721318395,-8.664703024136937,0],[117.03432334560505,-8.664707851036347,0],[117.03447367390237,-8.664869380248621,0],[117.03447507261508,-8.66487706315797,0],[117.03453410368398,-8.664937070349925,0],[117.03453909536286,-8.664942145188718,0],[117.03502128889454,-8.665432314058513,0],[117.0352084515232,-8.66562257273655,0],[117.0355814873738,-8.666001776559575,0],[117.03564755832842,-8.666036696824003,0],[117.03635113389095,-8.666408553107797,0],[117.03733657894364,-8.6668987404418,0],[117.03774611830907,-8.667102455289964,0],[117.03899674924438,-8.667245923018028,0],[117.04039168279832,-8.667389372324063,0],[117.04147398228358,-8.667700374019915,0],[117.04172851712347,-8.667948408615343,0],[117.0416603691708,-8.66835116476212,0],[117.04162321299542,-8.668711676206845,0],[117.04160788704053,-8.668782594427096,0],[117.04155612726258,-8.669022098317747,0],[117.04144412610778,-8.669230993290212,0],[117.04118329821671,-8.669464109384474,0],[117.04040280130275,-8.669889390817598,0],[117.03968688706841,-8.670145346872102,0],[117.03959856585135,-8.670243160487603,0],[117.03933674668505,-8.670533116656724,0],[117.03933232500111,-8.670538642853515,0],[117.0392948202085,-8.670585510138867,0],[117.03929460753135,-8.670585776091011,0],[117.03929155915883,-8.67058958535815,0],[117.03923819081699,-8.670656276023792,0],[117.03923828222801,-8.670661206578544,0],[117.0392388480743,-8.670691840962961,0],[117.03924879798593,-8.670744901168453,0],[117.03925496984323,-8.670777817092379,0],[117.03937524692651,-8.671011144945286,0],[117.03954363142887,-8.671292329797092,0],[117.0396405408516,-8.671443625018245,0],[117.03969444410369,-8.671527778202597,0],[117.03996454872978,-8.671603406283472,0],[117.04035335000052,-8.671820710006111,0],[117.04085862728813,-8.672073322570364,0],[117.0412787551574,-8.67225446271236,0],[117.0416809180238,-8.672427858001315,0],[117.04183289810848,-8.672493384138383,0],[117.04188999730921,-8.672505303131002,0],[117.04191284280803,-8.672510070182307,0],[117.04194350315584,-8.672516470849859,0],[117.0420172328922,-8.672531859561689,0],[117.04209833815514,-8.67253001715744,0],[117.04220340309355,-8.672506174955393,0],[117.04231881607657,-8.672425575373788,0],[117.04254029875968,-8.672252329783571,0],[117.04261896929594,-8.672190794344415,0],[117.04266434976967,-8.67215529754106,0],[117.0431206081121,-8.671798408626818,0],[117.04312063537955,-8.671798386915155,0],[117.04314213307207,-8.671781572088326,0],[117.04318191143652,-8.671755264921492,0],[117.04329406323538,-8.671681098391806,0],[117.04339971978968,-8.671611227250168,0],[117.04340180668875,-8.671609847612974,0],[117.04343489077138,-8.6715959621124,0],[117.04364132673913,-8.671509324919166,0],[117.04368437591089,-8.67150135475362,0],[117.04396319015399,-8.671449735007215,0],[117.04417652476964,-8.671468321887806,0],[117.04449250764688,-8.671539076919432,0],[117.04459435470368,-8.67157255415913,0],[117.0447313049753,-8.671617568090857,0],[117.04485824319337,-8.671659291584367,0],[117.04495661780895,-8.671691626720232,0],[117.0454072474539,-8.67173441983111,0],[117.0458715814753,-8.6715168460771,0],[117.04589610572536,-8.67150535476384,0],[117.0459324418881,-8.67147478379597,0],[117.04624525276077,-8.671211607178936,0],[117.04624666883105,-8.671210415748577,0],[117.04645694426294,-8.671033505015942,0],[117.04648050642002,-8.67100456731164,0],[117.04650026954565,-8.670980294701792,0],[117.04655119780037,-8.670957811061342,0],[117.04652660088443,-8.670880625546795,0],[117.04651354539948,-8.670839656694833,0],[117.04650914143608,-8.670825837904154,0],[117.0465095495203,-8.670825393732871,0],[117.04658445613232,-8.670743838091957,0],[117.04677153483918,-8.670540154274684,0],[117.04677164208599,-8.670540036673346,0],[117.04677166299017,-8.6705400149622,0],[117.04701135603885,-8.67027904465323,0],[117.0471027947872,-8.670208676748548,0],[117.04730534181427,-8.670052805740566,0],[117.0475052864533,-8.669971105064446,0],[117.04758309953802,-8.669939309478586,0],[117.0475841902736,-8.669938863412064,0],[117.04760790286484,-8.66992917299843,0],[117.04799169327266,-8.670000122013676,0],[117.04799212414554,-8.670000201557707,0],[117.04846328375359,-8.670087299347394,0],[117.04855892485601,-8.670104979702064,0],[117.04862828088666,-8.67011780065568,0],[117.04876855861815,-8.670125159169107,0],[117.04876866497096,-8.670125163678165,0],[117.04885195024622,-8.670129531838889,0],[117.04885467633625,-8.67012967530964,0],[117.0488990172824,-8.670117492925282,0],[117.04894393359808,-8.670105153074779,0],[117.04895791614702,-8.670101311575838,0],[117.04895985223426,-8.67010078037172,0],[117.04898924572902,-8.670145072077744,0],[117.04904200797523,-8.670262055615206,0],[117.04904202161437,-8.67026208817635,0],[117.04908095775106,-8.670348418239346,0],[117.04912416104433,-8.670444208171826,0],[117.0491722169671,-8.67054303577222,0],[117.04917273341403,-8.670544097617595,0],[117.04925000864316,-8.67070302167599,0],[117.04942661983537,-8.670903576281358,0],[117.04973819998605,-8.671257395788198,0],[117.04994141201993,-8.671488158705532,0],[117.05016436651502,-8.671723515711397,0],[117.05016439287955,-8.671723542843674,0],[117.05016751845005,-8.671726842138536,0],[117.05047571833497,-8.67205218612911,0],[117.05051551533924,-8.672094196029802,0],[117.05064562472522,-8.672263323972228,0],[117.0507605499091,-8.672429478905899,0],[117.05127733899785,-8.673176629371929,0],[117.05130994559792,-8.673215582859163,0],[117.05131076292216,-8.673216558731188,0],[117.05131078474173,-8.673216584959473,0],[117.05144588878228,-8.673377990018865,0],[117.05156522100766,-8.673520554106126,0],[117.05223012890842,-8.674182041011303,0],[117.052397684079,-8.674303179996473,0],[117.05262271913884,-8.674475388574255,0],[117.05265382584105,-8.674499193175446,0],[117.05266442322997,-8.674507302583622,0],[117.05287641471621,-8.674779823652793,0],[117.0529171718196,-8.674832218909462,0],[117.0529365769513,-8.674875500422178,0],[117.05293758808047,-8.674877755261127,0],[117.05303326987715,-8.67509116811445,0],[117.05312796913034,-8.675272125840674,0],[117.05330764710006,-8.675615468167122,0],[117.05332699415918,-8.675652437895312,0],[117.05344685928159,-8.675747873770456,0],[117.05348278819321,-8.675776480650326,0],[117.05364326129539,-8.675819413990816,0],[117.0537058630662,-8.675834098280559,0],[117.0537071993513,-8.675834411962478,0],[117.05384033698756,-8.675865640902565,0],[117.05394594443784,-8.675890412670867,0],[117.05444868158015,-8.676166356867876,0],[117.05482122857114,-8.676505353600046,0],[117.05500792369857,-8.676675234378981,0],[117.05504503370662,-8.676710683664679,0],[117.05517674115319,-8.676836495724213,0],[117.05529792033776,-8.676954744726562,0],[117.05529795124862,-8.676954775475908,0],[117.05554665201187,-8.677197464811128,0],[117.05586181041632,-8.677406219174067,0],[117.05688534802613,-8.677783466215898,0],[117.0570755066085,-8.677853552916874,0],[117.05710519458583,-8.677857229888899,0],[117.05710556092448,-8.677857275060298,0],[117.05753774790678,-8.677910804103975,0],[117.05757753601016,-8.677915031275994,0],[117.05797016914195,-8.677878827052453,0],[117.05826521768665,-8.677829132791409,0],[117.05857467317934,-8.677774216987533,0],[117.05932773125686,-8.677519629990451,0],[117.0596952249454,-8.677338597310222,0],[117.06022740332378,-8.676984310196367,0],[117.06034971731111,-8.67685559789639,0],[117.06056671673404,-8.676627246255313,0],[117.06067300555723,-8.676515397627936,0],[117.06084769248045,-8.676278247006547,0],[117.06091754265063,-8.676183420025604,0],[117.06095145667278,-8.676137378854836,0],[117.06100915371417,-8.676033482324442,0],[117.06133750944429,-8.675442190193559,0],[117.06142656449745,-8.675351009785967,0],[117.06167062816385,-8.67510112185991,0],[117.06167560231867,-8.67509602858511,0],[117.06189859558916,-8.67496120029808,0],[117.0622672399959,-8.674835410580094,0],[117.06239320266,-8.674824856829849,0],[117.0625349108751,-8.6748129807584,0],[117.0625372470766,-8.674813342185375,0],[117.06263021516746,-8.674827684457165,0],[117.06274194287411,-8.674844920814547,0],[117.06274260555557,-8.674845023821389,0],[117.06278932959123,-8.67485223243333,0],[117.06289399025523,-8.674855811593204,0],[117.06289618369591,-8.674855886307347,0],[117.06303274579447,-8.67488620604742,0],[117.06351099374766,-8.674992385760124,0],[117.06388087660952,-8.675044090866876,0],[117.06391720192819,-8.675052814349229,0],[117.0639251424104,-8.675054721565633,0],[117.06441834786646,-8.675173166597892,0],[117.06472223889718,-8.675287737399088,0],[117.06501208625325,-8.675435671006946,0],[117.06501216261628,-8.675435708983958,0],[117.0652743539689,-8.675569528382198,0],[117.06571206644664,-8.675870297092954,0],[117.06585605702831,-8.675949865874568,0],[117.06632348660558,-8.676208167670381,0],[117.06672890025183,-8.676443760802211,0],[117.06691139567502,-8.676598737137837,0],[117.06701094439894,-8.676683274579537,0],[117.06724736372742,-8.676911626217237,0],[117.06773723804245,-8.677368006718588,0],[117.06839174424857,-8.677822169060054,0],[117.06851095496425,-8.677878393690253,0],[117.06863297116668,-8.67793594290582,0],[117.06882656680911,-8.677974375633749,0],[117.06904807744785,-8.678018350658645,0],[117.06925900268328,-8.67800773855255,0],[117.06932443993487,-8.677988985839958,0],[117.06933418039618,-8.677986194518638,0],[117.06936654315952,-8.677976919980942,0],[117.0693688510198,-8.677976259258978,0],[117.0694070658898,-8.678104947069233,0],[117.06940718504433,-8.678105349560706,0],[117.06941915141302,-8.678145640306397,0],[117.06950676454662,-8.67836684919777,0],[117.06950923366358,-8.678373082726747,0],[117.06951706026491,-8.678392842434718,0],[117.06951917924962,-8.67839819230756,0],[117.06953988169221,-8.678421095603271,0],[117.06954821085748,-8.678430310279353,0],[117.06999843643956,-8.67892839991209,0],[117.07006120986782,-8.678985206962667,0],[117.07017808786769,-8.679090973168313,0],[117.07019284870108,-8.67910701037478,0],[117.07019289961599,-8.679107064636852,0],[117.07020018774962,-8.679114983306949,0],[117.07020032049266,-8.67911512800635,0],[117.0702191927229,-8.679135630994116,0],[117.07026476364365,-8.679195303993351,0],[117.07047688187825,-8.679480625863132,0],[117.07047732831695,-8.679481226384484,0],[117.07058844522771,-8.679630691069526,0],[117.07075192461937,-8.679835272217787,0],[117.07090670285221,-8.680028965347592,0],[117.07096747957587,-8.680124943017173,0],[117.07110155369864,-8.680373649431871,0],[117.07110194744088,-8.680374380213708,0],[117.07112158544719,-8.680410807152963,0],[117.0711691571528,-8.680526994309977,0],[117.07115823328574,-8.680757582972284,0],[117.07115008904107,-8.68092948289887,0],[117.07112235762335,-8.681021364164911,0],[117.07112222408064,-8.681021805597403,0],[117.07108508925134,-8.681144843124574,0],[117.07100174677237,-8.68131935031931,0],[117.07086440495904,-8.681562728921039,0],[117.07086435861426,-8.681562810336782,0],[117.0708632218074,-8.681564824922308,0],[117.07074513376796,-8.681774084885689,0],[117.07067765699942,-8.681875415808713,0],[117.07059029819912,-8.6820066023953,0],[117.07056710702834,-8.68248226856324,0],[117.0705949111387,-8.682695320353288,0],[117.07062244582602,-8.682906317110826,0],[117.07068087321346,-8.683036795584973,0],[117.0707507364091,-8.683192810248524,0],[117.07085918747289,-8.683327852681366,0],[117.0709022507781,-8.68338147478938,0],[117.07103308346471,-8.683479989249447,0],[117.07110190097971,-8.683531807439113,0],[117.07092235126194,-8.683769328070326,0],[117.07082923374918,-8.683892508929247,0],[117.07062378862115,-8.68420496043957,0],[117.07061799112986,-8.684216194791782,0],[117.0705625050454,-8.68451300729493,0],[117.07056673481128,-8.684581421058423,0],[117.07057553444362,-8.684723748929448,0],[117.07059021388636,-8.684774800236749,0],[117.07059735894988,-8.684799645272172,0],[117.0706000396001,-8.684808968604909,0],[117.07071980177564,-8.684937295594532,0],[117.07076327935434,-8.684983883155855,0],[117.0710230400386,-8.68520736976936,0],[117.07113411912964,-8.68533408999842,0],[117.07113413913306,-8.685334115321337,0],[117.07113670314799,-8.685337040072143,0],[117.07118917363177,-8.685396898883724,0],[117.07130377661693,-8.685597834558703,0],[117.07130848696295,-8.685610952887039,0],[117.07131110725769,-8.685618249188279,0],[117.07133805315442,-8.685707050267235,0],[117.07133904643439,-8.685710323552014,0],[117.07134233371889,-8.685721160033228,0],[117.07134643377577,-8.685732519176945,0],[117.07134869844761,-8.685738791623773,0],[117.07141161088168,-8.685913050773346,0],[117.0714152884417,-8.685939874633709,0],[117.07142507403317,-8.686011261413856,0],[117.07143081598004,-8.686090796898709,0],[117.07143084150034,-8.686091153276188,0],[117.07144486097573,-8.686285346416625,0],[117.07144215172688,-8.68642768274018,0],[117.07145203008238,-8.686460777403255,0],[117.07145938025444,-8.6865842344353,0],[117.07152610264896,-8.686772925419044,0],[117.07157332343283,-8.68685519834291,0],[117.07157336162545,-8.686855267984047,0],[117.071661420637,-8.687008698419245,0],[117.07184906101249,-8.68726845761202,0],[117.07188244682908,-8.687314675179508,0],[117.07195152929137,-8.687373930140671,0],[117.07195157565974,-8.687373969930952,0],[117.07212401688386,-8.687521883910353,0],[117.07219031158752,-8.687567802156659,0],[117.07266513957688,-8.687812702106854,0],[117.07287301185444,-8.687988795742298,0],[117.07290076381284,-8.688012305330352,0],[117.07306932571754,-8.688243630236146,0],[117.07326696166751,-8.688676814664571,0],[117.07347641956493,-8.688967063018564,0],[117.0734953281218,-8.68899326431826,0],[117.07355154341083,-8.689051022665463,0],[117.07355216259023,-8.689051659330413,0],[117.07365149588901,-8.6891537219366,0],[117.07389425017494,-8.689283708316399,0],[117.07389436563496,-8.689283769801591,0],[117.07404493288728,-8.689364390591317,0],[117.07416356237486,-8.689409877711379,0],[117.07437518457832,-8.689491022866207,0],[117.0745505047282,-8.689629222383282,0],[117.07458197786947,-8.689654031821643,0],[117.07470524064458,-8.689877357087331,0],[117.07472246587156,-8.689908565190006,0],[117.07474859570992,-8.69034179956442,0],[117.07475722293907,-8.690467816048724,0],[117.07475725120072,-8.690468226696716,0],[117.07476500595803,-8.69058150314152,0],[117.07479398104017,-8.690651642327087,0],[117.07480646454827,-8.690681860902027,0],[117.07482500428043,-8.690726739704198,0],[117.07523377763677,-8.690929923676933,0],[117.07561631768259,-8.691139346385574,0],[117.07633380923365,-8.691461799710503,0],[117.07633866573306,-8.691463699140742,0],[117.07635778263165,-8.691471175716881,0],[117.07677922780505,-8.69160700467826,0],[117.07700604665747,-8.69168010769296,0],[117.0770366124433,-8.691693758004742,0],[117.07704809381899,-8.691698886138495,0],[117.0770498457846,-8.691700041764795,0],[117.08102647105807,-8.694324625606091,0],[117.08271067402538,-8.69565203715261,0],[117.082710732215,-8.695652083270623,0],[117.08271841505247,-8.695658138286927,0],[117.08421392634193,-8.696836817976408,0],[117.08501243077653,-8.698673016045301,0],[117.08501248625805,-8.698673143570606,0],[117.08504728046067,-8.698753154393764,0],[117.0851765143818,-8.699050332638551,0],[117.08579086932117,-8.699987176057036,0],[117.08588651162162,-8.700133022318356,0],[117.08607879040079,-8.700426231422934,0],[117.08770256484294,-8.701442980004206,0],[117.09010815520834,-8.702878350949529,0],[117.09007232291827,-8.7039074425722,0],[117.09036145914175,-8.706013408337105,0],[117.08882244396912,-8.707545430693125,0],[117.08858030844218,-8.707756336690585,0],[117.08854958589724,-8.707783095990086,0],[117.08805290930064,-8.708215711255074,0],[117.08776489892746,-8.710896184175224,0],[117.08709198755939,-8.713385286587512,0],[117.08704699915837,-8.713452462164318,0],[117.08593782608897,-8.715108667037665,0],[117.08555314679839,-8.715874582596756,0],[117.08391760125207,-8.716257863935997,0],[117.08199330624059,-8.716162553944036,0],[117.08093499692619,-8.716354238252382,0],[117.08122391234743,-8.717622583960669,0],[117.08136859041612,-8.719273872359127,0],[117.08057511304598,-8.720638176009132,0],[117.08028674511468,-8.721930576004006,0],[117.08007073464229,-8.724156313625421,0],[117.08009395436605,-8.724867800819762,0],[117.08014337096468,-8.726381990955616,0],[117.07956625585614,-8.727243670816337,0],[117.07891698986967,-8.72817716117677,0],[117.07870066804797,-8.728966968103041,0],[117.0795668945878,-8.730259124036822,0],[117.0805774532578,-8.731551249032613,0],[117.08180464965028,-8.733489491755256,0],[117.08245498992696,-8.73743815916609,0],[117.0839710041561,-8.739950701719106,0],[117.0843025171097,-8.742806455668468,0],[117.08367850938421,-8.743295161724047,0],[117.08361240107489,-8.743365077666125,0],[117.08356281130612,-8.743430277401616,0],[117.08343808839246,-8.743580257208144,0],[117.08314987419746,-8.743834616570227,0],[117.08293380224748,-8.744047335701755,0],[117.08283718499072,-8.744254834850874,0],[117.08275224655426,-8.744568071677808,0],[117.08273895378252,-8.744606244441615,0],[117.08272937157298,-8.744649583015608,0],[117.08274312042082,-8.744865335283489,0],[117.08270663725393,-8.74503907540301,0],[117.08252137471197,-8.745451203573566,0],[117.08247773803959,-8.745592074952516,0],[117.08243155371001,-8.745889545599336,0],[117.08246511122226,-8.746219426843984,0],[117.08257139655113,-8.74644165339744,0],[117.08274554020608,-8.74660166032533,0],[117.08303855498104,-8.746747521562021,0],[117.08314663936613,-8.746835436223432,0],[117.08328375879015,-8.747068274862508,0],[117.08326469018536,-8.747258834359116,0],[117.08317989964311,-8.747543378913115,0],[117.08298571660298,-8.748116389920296,0],[117.08295099969402,-8.74826095796382,0],[117.0829368591457,-8.748453840971601,0],[117.0829238792778,-8.74867398596445,0],[117.08293885506326,-8.749009632975909,0],[117.08301858359776,-8.749224963688409,0],[117.08315948071257,-8.749433803680786,0],[117.08317447197182,-8.749510358981592,0],[117.08315842595425,-8.749761087376584,0],[117.08313533110854,-8.75000001513587,0],[117.08311153776522,-8.750246173778944,0],[117.08313625606368,-8.750357930868665,0],[117.08325138379068,-8.75063276212094,0],[117.0834692753472,-8.751021684047421,0],[117.08397679701214,-8.751565468804962,0],[117.08399434678121,-8.751576220559878,0],[117.08429251936877,-8.751714617312272,0],[117.08445890958697,-8.751792488347652,0],[117.08478374698709,-8.751961850429979,0],[117.08578091691724,-8.752465226339854,0],[117.08580031996617,-8.752469146654217,0],[117.08610867797283,-8.7525727789424,0],[117.08634031168238,-8.752698069129622,0],[117.08641412457409,-8.752737994078585,0],[117.08658674541394,-8.752831362598206,0],[117.08695250944889,-8.753044627872356,0],[117.08704699933683,-8.753080606951036,0],[117.08744004302046,-8.753230267766982,0],[117.08773116882509,-8.753471879078893,0],[117.08787778022477,-8.753604547183974,0],[117.08809505290135,-8.753731084232708,0],[117.08846838242373,-8.753945043638504,0],[117.08874112220201,-8.754095971285505,0],[117.08960727093628,-8.754604858091833,0],[117.08964301688638,-8.754741467399155,0],[117.08964408637424,-8.754917323894144,0],[117.08958125657452,-8.755313854038299,0],[117.0895657771982,-8.755411554888868,0],[117.08941129234586,-8.755780236618614,0],[117.08939539036194,-8.75600839645082,0],[117.0894560693122,-8.756156135415925,0],[117.08962752544541,-8.756338446023047,0],[117.08992353766052,-8.756508822578276,0],[117.09010024315779,-8.756669099424126,0],[117.09012653259104,-8.756766735163723,0],[117.09015772840264,-8.757107298404618,0],[117.09022600736225,-8.757852795407093,0],[117.0902340318269,-8.75796145706071,0],[117.08455290081706,-8.755542384846812,0],[117.07923999995205,-8.753280001354197,0],[117.07715000022007,-8.751530001108652,0],[117.07530999977578,-8.74721999991474,0],[117.0686405199744,-8.74063027133882,0],[117.06507071762226,-8.741450155616397,0],[117.0621808525693,-8.743489981087922,0],[117.05458122287176,-8.748059566371785,0],[117.05292133881113,-8.747149589864062,0],[117.04881158202248,-8.747259508411023,0],[117.04473181728706,-8.747719404934223,0],[117.0412020115805,-8.748539290620007,0],[117.03721227135932,-8.747459282291624,0],[117.0329525202592,-8.747799181683659,0],[117.0308226171698,-8.749439046097242,0],[117.02416296156544,-8.752228755037407,0],[117.01908324365554,-8.753368594210729,0],[117.01173368521306,-8.753278463064305,0],[117.00365408142079,-8.757928035549465,0],[116.9845752827521,-8.754537885052082,0],[116.98055548611079,-8.756587688646599,0],[116.97726559157806,-8.761457336732985,0],[116.97276574255623,-8.767806875311418,0],[116.97014588205037,-8.768856762868971,0],[116.9670460408428,-8.770226625151313,0],[116.96553607669692,-8.773136423333193,0],[116.96552604935498,-8.77466633089428,0],[116.96509604860658,-8.776086238173464,0],[116.96335613084483,-8.7772061400174,0],[116.96090628309473,-8.776956109318254,0],[116.95944637612713,-8.776706097116714,0],[116.95791647060994,-8.77641608537692,0],[116.95584660405518,-8.775956075281679,0],[116.95416670770386,-8.775746056353745,0],[116.95405674635047,-8.774056156021935,0],[116.95226687193154,-8.773006184590136,0],[116.95094698172471,-8.771326260736888,0],[116.9491470924182,-8.771176236923562,0],[116.94942715500406,-8.766806501833313,0],[116.9452874032327,-8.76681642478913,0],[116.9410476777122,-8.765636417104787,0],[116.93737786405886,-8.767446242276934,0],[116.93725787712714,-8.767146258282455,0],[116.93709789593747,-8.766626284753553,0],[116.93683791897885,-8.766206306300274,0],[116.93677792465407,-8.766136308141188,0],[116.93630795861972,-8.765806319182142,0],[116.93593799034811,-8.76526634603463,0],[116.93590799758682,-8.764986361295035,0],[116.93573801410217,-8.764646378582514,0],[116.93073832465659,-8.763936329320783,0],[116.92875844699623,-8.763776300949496,0],[116.91495129036753,-8.7628281033728,0],[116.91481229793179,-8.762818100654522,0],[116.91266948715742,-8.759496259181635,0],[116.91259949170154,-8.759426262133431,0],[116.91243950621383,-8.759256270401307,0],[116.91235951269523,-8.759126276012017,0],[116.9122795197567,-8.75898628304491,0],[116.91222952377623,-8.758926284604124,0],[116.91218952583571,-8.758876287038834,0],[116.91184955367926,-8.75854630067605,0],[116.91168956618,-8.758376307720711,0],[116.91164956945339,-8.75830631116762,0],[116.91158957457415,-8.758206316967136,0],[116.91153958260811,-8.75797633023584,0],[116.91145959095475,-8.757756341367532,0],[116.91128960680044,-8.757446356094361,0],[116.91115962093735,-8.75714637236795,0],[116.91111962615486,-8.756996380934082,0],[116.91112962808275,-8.756836389114467,0],[116.91121962632207,-8.756656401766078,0],[116.91140961899839,-8.756416420221099,0],[116.91147961694713,-8.756326426031961,0],[116.91148961615735,-8.756296428163227,0],[116.91155961621615,-8.756066444141146,0],[116.9115496231373,-8.75576646142415,0],[116.91143963637894,-8.755416479684445,0],[116.91121965541241,-8.755076496004422,0],[116.91110966402054,-8.754966501369857,0],[116.91103967031148,-8.754836508129921,0],[116.91099967637275,-8.754676516296508,0],[116.91096968542683,-8.754256540662103,0],[116.91102968704529,-8.753976559736268,0],[116.91105968908704,-8.753756573074975,0],[116.91105968969607,-8.753696576269165,0],[116.9110696920514,-8.75357658319831,0],[116.91106969154677,-8.753536586231725,0],[116.91106969801564,-8.75325660203841,0],[116.91105970062775,-8.753156607723254,0],[116.91096970781379,-8.752976616943464,0],[116.9108597196429,-8.752756628082594,0],[116.91079972494109,-8.752656632833823,0],[116.91072973097913,-8.752556637930525,0],[116.91071973190769,-8.752536639349092,0],[116.91055974702125,-8.752246653177934,0],[116.91038976615381,-8.751776678660981,0],[116.91034977261674,-8.751556690832007,0],[116.91033977407233,-8.751496694365551,0],[116.91029978262152,-8.751146715243975,0],[116.91026979319072,-8.750686740706069,0],[116.91026979978727,-8.750256767151564,0],[116.91026980315502,-8.75016677192863,0],[116.91025980490178,-8.75008677742201,0],[116.91025980514576,-8.750066777578814,0],[116.91023980800605,-8.74999678288398,0],[116.9102298092733,-8.749956784444565,0],[116.91009982142276,-8.749686797773057,0],[116.91004982771184,-8.749536805613737,0],[116.91001983238387,-8.749356817077768,0],[116.91002983705728,-8.74910683180691,0],[116.91003983734876,-8.749056835024884,0],[116.91003983895041,-8.748966839796383,0],[116.91008984118665,-8.748686858373144,0],[116.91012984159794,-8.748466871385899,0],[116.91016984518316,-8.748206888319922,0],[116.91018885376542,-8.747681920176618,0],[116.91017930281816,-8.747674379640092,0],[116.90978988320167,-8.747366930209969,0],[116.90917992000874,-8.747326922212626,0],[116.90795999422315,-8.747286901155311,0],[116.9076800156385,-8.746956915612046,0],[116.9068900815602,-8.745946962044878,0],[116.9058601499218,-8.745646961228687,0],[116.90572015788938,-8.745646958971331,0],[116.90556016813733,-8.745626957258315,0],[116.90540017920004,-8.745556957221428,0],[116.90528018763882,-8.745486959885438,0],[116.90514019669736,-8.745446958628426,0],[116.90500020474224,-8.745446957010309,0],[116.90486021365645,-8.745396957084312,0],[116.90466022711173,-8.745346957387344,0],[116.90430024888965,-8.745306951943208,0],[116.90364029101073,-8.745176947093828,0],[116.90334031495401,-8.744836961944417,0],[116.90318033477833,-8.744316991142718,0],[116.90308034284517,-8.744166997938168,0],[116.90302034919887,-8.744027005373775,0],[116.90288036274563,-8.743727019765092,0],[116.902710380904,-8.743337040208498,0],[116.9025304023529,-8.742747072196591,0],[116.90223043014753,-8.742257096802062,0],[116.90167046141217,-8.74231708169051,0],[116.90108049343739,-8.742557057439054,0],[116.90033053892691,-8.74247704785155,0],[116.89948059093892,-8.742397035595115,0],[116.89924059714207,-8.74281700658545,0],[116.8980306614352,-8.743286957355622,0],[116.89691071761125,-8.743866902069076,0],[116.89568076797792,-8.745086805322176,0],[116.89531076997342,-8.746196732773951,0],[116.89432082039085,-8.746656686580737,0],[116.89340086705643,-8.747106642626987,0],[116.89283089320112,-8.747526607664566,0],[116.89258089429033,-8.748256559315205,0],[116.89227191273586,-8.748272552991029,0],[116.89225091437171,-8.748316550089974,0],[116.8922309137633,-8.748346547315947,0],[116.89215091509278,-8.748516535343411,0],[116.89213091311552,-8.748696525441188,0],[116.89210091344464,-8.748776519848267,0],[116.8920909141073,-8.74878651917698,0],[116.89179092902299,-8.748926504762084,0],[116.89161093832998,-8.749026494959729,0],[116.89160093913782,-8.74902649481067,0],[116.89141094518287,-8.749306475119482,0],[116.89138093875971,-8.74971644997127,0],[116.89139093683096,-8.749836442790203,0],[116.89119094519475,-8.749996430153493,0],[116.89124093502468,-8.750406406251717,0],[116.89124093485003,-8.750416404810824,0],[116.89139092117324,-8.750646393927406,0],[116.8914909129876,-8.75078638795698,0],[116.89151090928335,-8.750916381287055,0],[116.8914609083318,-8.751196362783274,0],[116.89144090739406,-8.75128635674005,0],[116.89140090668548,-8.751396350215876,0],[116.89128091101664,-8.751556337933602,0],[116.8911909137428,-8.75167632914736,0],[116.89117591440514,-8.751737324725232,0],[116.89117213328323,-8.751752297053725,0],[116.89115091384748,-8.75183631990792,0],[116.89121090436646,-8.752176299896137,0],[116.89122090205792,-8.752266295220508,0],[116.89121090225039,-8.752296293447987,0],[116.89104090617137,-8.752656268615256,0],[116.89102090504915,-8.75269626613331,0],[116.89094090797464,-8.752846255828947,0],[116.89080091304315,-8.75300624213331,0],[116.89076091490779,-8.753056238755157,0],[116.89066091909189,-8.753156230730392,0],[116.89059092223906,-8.753246223749294,0],[116.89040092915822,-8.75342621064569,0],[116.89038093014213,-8.753446209204006,0],[116.89021093721158,-8.753586196710764,0],[116.89005094438,-8.753726186139646,0],[116.88998094811231,-8.753776182098727,0],[116.88997094858398,-8.753786181366502,0],[116.88985095393288,-8.753876174173847,0],[116.88976095784152,-8.753936168253095,0],[116.88961096467823,-8.754046159305279,0],[116.88957096558433,-8.754086156333884,0],[116.88956096694628,-8.754096154686168,0],[116.88939097387359,-8.75425614163912,0],[116.88938097522595,-8.754266140890946,0],[116.88909098558482,-8.75453612014396,0],[116.88879100065843,-8.754696104875215,0],[116.88876100420696,-8.754706102754714,0],[116.88823103181191,-8.754846084653773,0],[116.88813103756969,-8.754876082429009,0],[116.88796104682145,-8.754946073580086,0],[116.8879410475945,-8.754966072005223,0],[116.88776105617272,-8.75511606121109,0],[116.88752106258833,-8.755446037245672,0],[116.88739106934624,-8.75556602737152,0],[116.88738106942154,-8.75558602602806,0],[116.88735107139199,-8.75561602271287,0],[116.88715107977148,-8.755766011088307,0],[116.8870210847711,-8.75587600162223,0],[116.88690109144336,-8.755935995089668,0],[116.88640311864675,-8.756090976358763,0],[116.88639199973119,-8.75609499993924,0],[116.88642000007832,-8.756000001273632,0],[116.88648999968237,-8.75559999958886,0],[116.88652999985855,-8.75529999976264,0],[116.88659000135343,-8.754820001173584,0],[116.88665999995443,-8.75447000125011,0],[116.88674000022765,-8.75329999969624,0],[116.88676000022838,-8.752730000232127,0],[116.8867600002484,-8.752360000272143,0],[116.88675999903603,-8.751969999572747,0],[116.88672000029364,-8.751750001261042,0],[116.88650999964639,-8.751320001306283,0],[116.88640999989985,-8.750959999734397,0],[116.88637000000087,-8.75049000126016,0],[116.88626000012748,-8.74958000088,0],[116.88618999985073,-8.749239999925898,0],[116.88599999997803,-8.748970000690193,0],[116.88571000130914,-8.74853000112375,0],[116.88524000025573,-8.74805999999236,0],[116.8849299999573,-8.74779000001388,0],[116.88464999985557,-8.747740000726475,0],[116.88443000005304,-8.74771999984744,0],[116.88427999888265,-8.747650001215517,0],[116.88409999996124,-8.747490000892657,0],[116.88386000007247,-8.747180000998755,0],[116.88378000126211,-8.747040001160682,0],[116.88360000021851,-8.746420000874316,0],[116.88345999881422,-8.746159999815024,0],[116.88329999963715,-8.7458699995786,0],[116.88316000033745,-8.745730000109585,0],[116.88298000135816,-8.745629999655051,0],[116.88281000003862,-8.745500001105093,0],[116.88263999995391,-8.74541000123826,0],[116.8824999999504,-8.745319999748947,0],[116.88233999981723,-8.745080000043846,0],[116.88222999973483,-8.744930000137444,0],[116.88208999978512,-8.744780000811863,0],[116.88195999868057,-8.74452999996426,0],[116.88183000108191,-8.744330000913537,0],[116.88168000031811,-8.744060001133041,0],[116.88167999957213,-8.743779999861712,0],[116.88174000025927,-8.743310000364936,0],[116.88181999997674,-8.742619999867655,0],[116.8818600000581,-8.742309999990141,0],[116.88189000000064,-8.742090001215558,0],[116.88194999998764,-8.741580001062081,0],[116.88200999996762,-8.741239999937275,0],[116.88214999965646,-8.740639999583111,0],[116.8822600002012,-8.740350001322767,0],[116.8824400001881,-8.740089999624225,0],[116.88281999868751,-8.739810001089433,0],[116.88309999973902,-8.73963000127682,0],[116.88339999877255,-8.739439999797213,0],[116.88371999994816,-8.739199999639524,0],[116.88396000133305,-8.739029999936635,0],[116.88423000124071,-8.738830000888774,0],[116.8844399997605,-8.73864000091359,0],[116.88455000010819,-8.738470000064089,0],[116.88479999995583,-8.737969999608158,0],[116.8849100000507,-8.737770000238813,0],[116.88494000032304,-8.73760999976207,0],[116.88507999998676,-8.737290001346246,0],[116.88501000121448,-8.73719000081243,0],[116.88488148658385,-8.737051601909501,0],[116.88487999970017,-8.737049999553088,0],[116.8848899999136,-8.73684999964802,0],[116.88496000021013,-8.736660000233487,0],[116.88508999978411,-8.73641999993854,0],[116.88519999885271,-8.736149999653811,0],[116.88532000008682,-8.735940000077374,0],[116.8854399999518,-8.735739999928038,0],[116.88593000133201,-8.735119999619489,0],[116.88612999993349,-8.734840001298824,0],[116.88633999976796,-8.73456000133984,0],[116.8865699995841,-8.734249999781824,0],[116.8868500002333,-8.733940001236634,0],[116.88718999986693,-8.733550001037518,0],[116.88742000017629,-8.733239999835806,0],[116.88763999967519,-8.732890001253631,0],[116.88763999963804,-8.732720000283662,0],[116.88762999997812,-8.73248000004648,0],[116.88753000008731,-8.732229999891018,0],[116.8873200002278,-8.73195999976275,0],[116.8871399998065,-8.731780000075888,0],[116.88687999997863,-8.731560001181764,0],[116.88660999966,-8.731379999724085,0],[116.88625999986807,-8.73113999987936,0],[116.88596000038817,-8.73095999982179,0],[116.88562000010961,-8.73071999968343,0],[116.88535000042079,-8.730529999673212,0],[116.88511000022743,-8.730299999814603,0],[116.88481999983614,-8.72993000015817,0],[116.88470000000918,-8.729750001249199,0],[116.88458999865817,-8.7294999999907,0],[116.88454999874142,-8.72930999965322,0],[116.88450000036198,-8.728879999876156,0],[116.88450999980337,-8.72814999978332,0],[116.8845500000766,-8.727799999635364,0],[116.88460000121465,-8.727619999898575,0],[116.88469000039085,-8.72752000085993,0],[116.88481000024657,-8.727409999672936,0],[116.88495999988565,-8.727370001143598,0],[116.88520000038547,-8.727310000991329,0],[116.88524000035851,-8.727280000194234,0],[116.88522999996812,-8.727140000012836,0],[116.88518999998895,-8.726700001106838,0],[116.88518000026443,-8.726429999614187,0],[116.88517999998874,-8.726300000115964,0],[116.88531000009876,-8.726150000265898,0],[116.88555999965989,-8.726219999680314,0],[116.88572000027048,-8.726259999652983,0],[116.88614000108717,-8.7261000013094,0],[116.88626999865274,-8.726020001064983,0],[116.88631999997497,-8.725919999584887,0],[116.88602999982541,-8.725789999954165,0],[116.88586999999904,-8.72573000116371,0],[116.88576000039639,-8.725609999703341,0],[116.88583000004328,-8.725240001291231,0],[116.88582999975623,-8.725219999627257,0],[116.88583999866732,-8.725149999976296,0],[116.88565000003675,-8.724939999944421,0],[116.89140400013616,-8.720083001286152,0],[116.891680000227,-8.719850000405145,0],[116.89563999963381,-8.716700001350699,0],[116.90109999987357,-8.711299999942431,0],[116.90132999970346,-8.710150001038054,0],[116.9015200004518,-8.709030000874273,0],[116.9015699997793,-8.70843000107815,0],[116.90152999999853,-8.708020000822055,0],[116.90151999994679,-8.707439999817614,0],[116.90149999983171,-8.70667999996414,0],[116.90145000004745,-8.705989999595424,0],[116.90147999886162,-8.705429999728992,0],[116.9015999987231,-8.704779999672196,0],[116.9018099999273,-8.703960000681102,0],[116.90194999990192,-8.703509999967467,0],[116.90216999966684,-8.702919999739683,0],[116.90250999976256,-8.70233999975966,0],[116.902623000232,-8.702190999618416,0],[116.90276000012022,-8.702010000865977,0],[116.90319000011664,-8.701620000916943,0],[116.90350000019167,-8.701429999722869,0],[116.9038600003389,-8.701180001280036,0],[116.90431999989391,-8.700920001008035,0],[116.90474999963615,-8.700659999900653,0],[116.90508999899286,-8.700420001088665,0],[116.90537999995185,-8.70024999956906,0],[116.9057599996541,-8.700030000029068,0],[116.90819000035772,-8.69850000075785,0],[116.91189000034277,-8.695719999736951,0],[116.91320999957239,-8.694470000011052,0],[116.91391000126023,-8.693269999981677,0],[116.9143400000217,-8.691710000229937,0],[116.9145100001026,-8.691130001305016,0],[116.91461000011475,-8.690420000316392,0],[116.91467999999732,-8.68965999956837,0],[116.91478000024658,-8.688680001046661,0],[116.91501599955436,-8.687588001263007,0],[116.91501999972427,-8.687570001239557,0],[116.91526999998707,-8.68635000074064,0],[116.91528000024681,-8.686350001153823,0],[116.91555999996675,-8.685509999973704,0],[116.91590000126858,-8.684410001123524,0],[116.91603000000265,-8.684060000045687,0],[116.91632999956047,-8.683010000280133,0],[116.91662000104469,-8.68232999966563,0],[116.91685999978935,-8.681699999909286,0],[116.91712999956292,-8.681200000086836,0],[116.91743000022625,-8.68068999980415,0],[116.9177799986904,-8.680079999585644,0],[116.91812000041269,-8.679420000233687,0],[116.91841000041492,-8.678739999884929,0],[116.91871999889683,-8.677940001289567,0],[116.91893999968738,-8.677330001114758,0],[116.91927000000383,-8.676399999943941,0],[116.92029000006298,-8.67442000087825,0],[116.92063999989625,-8.67397000078893,0],[116.92101999993476,-8.67354000106947,0],[116.92143000039816,-8.673120001214329,0],[116.92172999974294,-8.67286000132794,0],[116.92258999955341,-8.671280001175258,0],[116.92265999995288,-8.671019999957908,0],[116.92265100020217,-8.66941000125774,0],[116.92247999871235,-8.668870000029388,0],[116.92237999990128,-8.668399999802606,0],[116.92224999987799,-8.66779000112441,0],[116.92213999986191,-8.667290000230812,0],[116.92207999916974,-8.66696499966601,0],[116.92202000039582,-8.666640000896585,0],[116.92187999882147,-8.665930000319616,0],[116.92178999965066,-8.665339999583242,0],[116.92162999979867,-8.664549999550058,0],[116.92129999956907,-8.663739999795789,0],[116.9208800004207,-8.662959999570367,0],[116.92072999884947,-8.662723999775867,0],[116.92067799971704,-8.662642999679571,0],[116.92060400005899,-8.662526001265856,0],[116.9205300002372,-8.662409999623412,0],[116.92012999967811,-8.66159999962588,0],[116.91994000023406,-8.661190000441291,0],[116.91967999987712,-8.660440001016514,0],[116.9195000002528,-8.659820001137124,0],[116.91932999987093,-8.659170001091631,0],[116.91921000037676,-8.658550001032726,0],[116.91901999992814,-8.657710001189516,0],[116.9189099999013,-8.657120000771057,0],[116.91880000008676,-8.656449999618752,0],[116.91869000011769,-8.655990001016253,0],[116.918439999798,-8.655209999638299,0],[116.9183039998414,-8.654860000948066,0],[116.91814000034178,-8.65443999956591,0],[116.91789000020313,-8.653820000083456,0],[116.9176299988818,-8.653120001191825,0],[116.91726000022295,-8.652539999745413,0],[116.91678000004356,-8.651810000189746,0],[116.91630000041053,-8.651020001075649,0],[116.91588000006828,-8.65042000004609,0],[116.91525000024625,-8.649650000926453,0],[116.91496999973481,-8.649359999699577,0],[116.914600000095,-8.648979999678263,0],[116.91404000015653,-8.648469999968832,0],[116.91381000042107,-8.648180000069358,0],[116.91355000022281,-8.647760001258385,0],[116.91284000013322,-8.64653999968874,0],[116.91249999993501,-8.645589999897886,0],[116.91190000000996,-8.644580000803694,0],[116.91157999990116,-8.644170000814952,0],[116.91138000009138,-8.643829999686048,0],[116.91114999972986,-8.643539999975017,0],[116.91093000134265,-8.643339999988886,0],[116.91062000006133,-8.64315999964932,0],[116.9102700002687,-8.642940000637644,0],[116.90989999979853,-8.642689999837287,0],[116.90884400013482,-8.641938000107206,0],[116.90873000041994,-8.641856999877405,0],[116.90872300108319,-8.64185199980409,0],[116.9087200002941,-8.64185000099317,0],[116.9087341612914,-8.64183132139916,0],[116.91291700042018,-8.636313999821631,0],[116.9151099987459,-8.633419999647787,0],[116.91657999983768,-8.631660000150891,0],[116.92228999879183,-8.624999999599247,0],[116.92267000023683,-8.624479999954398,0],[116.92323999868039,-8.623290001010217,0],[116.9238600003345,-8.621390001193296,0],[116.92504999956704,-8.620239999562678,0],[116.92776999881596,-8.61768000021296,0],[116.9294499996197,-8.616879999756494,0],[116.93050999981777,-8.615430001225766,0],[116.93152999989104,-8.614230000106632,0],[116.93255999961477,-8.612160000288966,0],[116.93339000029823,-8.60930000122983,0],[116.93376999967337,-8.605549999783577,0],[116.93424000021074,-8.602120000045415,0],[116.93466100763523,-8.600672791405762,0],[116.93463712980977,-8.600917921575432,0],[116.93451654043102,-8.603011980999868,0],[116.93415565966289,-8.60408887518174,0],[116.93463641169946,-8.605106081074686,0],[116.93541666700017,-8.60619444524352,0],[116.93643965131217,-8.606542323184664,0]]]},"properties":{"OBJECTID":6,"KABUPATEN":"Sumbawa Barat","KECAMATAN":"Kec. Brang Rea","SUMBERDATA":"PERMENDAGRI NO.123 TAHUN 2017 TENTANG BATAS KSB_KS","Luas":25822.6247602,"Shape_Leng":84146.0962622,"Shape_Area":258226247.602}},{"type":"Feature","geometry":{"bbox":[116.8000677515238,-8.708069075142669,116.93618068951724,-8.568714567936977],"type":"Polygon","coordinates":[[[116.91480264473812,-8.573203520059696,0],[116.91558168107689,-8.574229646295297,0],[116.91664359538761,-8.576471674833135,0],[116.91702368567483,-8.57727415572962,0],[116.91667706842404,-8.578997211152947,0],[116.91581102829285,-8.58094990415364,0],[116.9149243172638,-8.582893758558926,0],[116.91511779639823,-8.584281136450278,0],[116.91667566486306,-8.585430227672385,0],[116.91713582123239,-8.585813987805894,0],[116.91749644606914,-8.586053387863824,0],[116.9185783311299,-8.586747656735767,0],[116.919445143332,-8.587900635284075,0],[116.92031030519517,-8.59014088206883,0],[116.92082942417746,-8.591404618056515,0],[116.92134859390866,-8.592438602347375,0],[116.92290664294663,-8.592955855770093,0],[116.92394543563977,-8.592841187195999,0],[116.92619082621567,-8.592704798669507,0],[116.92652219401182,-8.592553298412534,0],[116.9266881435801,-8.592366658084044,0],[116.92677475565971,-8.592115384044149,0],[116.92681807977141,-8.591900000665175,0],[116.92687586596969,-8.591497948978986,0],[116.92705631442222,-8.590937967319608,0],[116.92715735454685,-8.590679514853592,0],[116.92738105655971,-8.59026313500314,0],[116.92751818978239,-8.589868277360535,0],[116.92777075574146,-8.589401642585889,0],[116.92792950734909,-8.589128844935145,0],[116.92824999986024,-8.58880555584272,0],[116.92928914418856,-8.58865164884224,0],[116.93157336470142,-8.589130708432698,0],[116.9333165806731,-8.58954983128587,0],[116.9350596885819,-8.590627083634708,0],[116.93617691929536,-8.591295843187202,0],[116.93617538065577,-8.591703703693181,0],[116.93617430409608,-8.5919895253407,0],[116.93617199417295,-8.59210752154851,0],[116.93611820984053,-8.592223029913661,0],[116.93596890231953,-8.592383368004164,0],[116.93572413393251,-8.592595194852372,0],[116.93542899376769,-8.592946085188709,0],[116.93520397733433,-8.593240281324457,0],[116.93512497458612,-8.593448518412039,0],[116.93511488828887,-8.593498544346918,0],[116.93511211907344,-8.59375018537133,0],[116.93531921961328,-8.594442544988567,0],[116.93487826620765,-8.596969126387638,0],[116.93481779276335,-8.599063197421522,0],[116.93466100763523,-8.600672791405762,0],[116.93424000021074,-8.602120000045415,0],[116.93376999967337,-8.605549999783577,0],[116.93339000029823,-8.60930000122983,0],[116.93255999961477,-8.612160000288966,0],[116.93152999989104,-8.614230000106632,0],[116.93050999981777,-8.615430001225766,0],[116.9294499996197,-8.616879999756494,0],[116.92776999881596,-8.61768000021296,0],[116.92504999956704,-8.620239999562678,0],[116.9238600003345,-8.621390001193296,0],[116.92323999868039,-8.623290001010217,0],[116.92267000023683,-8.624479999954398,0],[116.92228999879183,-8.624999999599247,0],[116.91657999983768,-8.631660000150891,0],[116.9151099987459,-8.633419999647787,0],[116.91291700042018,-8.636313999821631,0],[116.9087341612914,-8.64183132139916,0],[116.9087200002941,-8.64185000099317,0],[116.90871900023615,-8.641851001159766,0],[116.9087169987307,-8.641854999588682,0],[116.9087130002634,-8.641863000065678,0],[116.90870100007538,-8.641888000995522,0],[116.90833000003546,-8.64261999978222,0],[116.90479000000222,-8.650190000387052,0],[116.90066000045155,-8.658549999709521,0],[116.89992000012447,-8.660020000382277,0],[116.89739999985014,-8.666940000098961,0],[116.893999999983,-8.67423000113305,0],[116.89154999863842,-8.678290000282228,0],[116.89128999994381,-8.678739999748332,0],[116.8909699988594,-8.67922000118594,0],[116.89076999992616,-8.679519999563214,0],[116.89053999889988,-8.679910000102328,0],[116.89030999992013,-8.680259999775366,0],[116.89011999964151,-8.68057999965713,0],[116.88978779089169,-8.681116492998191,0],[116.88978499979835,-8.681121000333498,0],[116.88961000002602,-8.681370000135777,0],[116.88936999865051,-8.681700000014736,0],[116.8890899996578,-8.681999999557483,0],[116.88867999973974,-8.682359999566746,0],[116.88832999975675,-8.682690001009167,0],[116.88808000023997,-8.682890000009296,0],[116.88757999984495,-8.683240000012775,0],[116.88716999897208,-8.683530000954175,0],[116.88665000127638,-8.683740000828902,0],[116.88607999971289,-8.683999999721882,0],[116.88546999871365,-8.68424999981023,0],[116.88412000025502,-8.684710000258505,0],[116.88360000011406,-8.684820000058448,0],[116.88306999983604,-8.684920000201206,0],[116.8825399998114,-8.68503000090742,0],[116.8818400003288,-8.685140000694723,0],[116.88129000020166,-8.685269999680886,0],[116.88066000134069,-8.685299999604247,0],[116.88002000125468,-8.685309999968531,0],[116.87952999989307,-8.685360001236047,0],[116.879070000121,-8.685349999953322,0],[116.87858999979957,-8.685379999672337,0],[116.87812000013483,-8.685399999775802,0],[116.87788999983844,-8.685429999745416,0],[116.87673000012339,-8.686040000783994,0],[116.87627199971163,-8.686278999950183,0],[116.87375617116562,-8.687689688177771,0],[116.87091999870499,-8.689280001277995,0],[116.86903400005316,-8.690573999833655,0],[116.86738000114589,-8.691709999931291,0],[116.86510999866186,-8.693020001245417,0],[116.86218999994368,-8.694930000751008,0],[116.85925999888038,-8.696810001325183,0],[116.85596999988518,-8.698510001350419,0],[116.85353000007541,-8.699930001119805,0],[116.8517700002426,-8.70103000024423,0],[116.84954000134766,-8.702330001181881,0],[116.84729999965718,-8.703619999696416,0],[116.84516999970332,-8.704760001230111,0],[116.84369999889455,-8.70545000126111,0],[116.84213000135082,-8.706159999981795,0],[116.840800000184,-8.706609999738456,0],[116.83952000038815,-8.707080001241057,0],[116.83803999983672,-8.707330000102179,0],[116.83612999878045,-8.707630000854017,0],[116.83503700022119,-8.707706999590851,0],[116.83477999993084,-8.70765000100032,0],[116.833229999951,-8.706450001354984,0],[116.8316700004161,-8.706369999672123,0],[116.83053000014225,-8.706359999694557,0],[116.82985000027351,-8.705999999550901,0],[116.82942999961391,-8.705389999873534,0],[116.82938000004741,-8.70341000064924,0],[116.82864999963171,-8.702929999635993,0],[116.82801999897137,-8.703170001049331,0],[116.82831999976445,-8.7034399998877,0],[116.82818999869262,-8.703710000871824,0],[116.82763999993902,-8.70433000099775,0],[116.82745000006878,-8.705139999702194,0],[116.82686999995998,-8.705649999975831,0],[116.82626999991292,-8.705829999862555,0],[116.82539999995235,-8.706020000157778,0],[116.82542999961215,-8.706510000108578,0],[116.82597000000399,-8.70672000010323,0],[116.82575000045257,-8.707050000046147,0],[116.82526000022577,-8.707479999844965,0],[116.82532000133627,-8.708059999630116,0],[116.82205999994312,-8.708079999727037,0],[116.81837999969365,-8.707479999805544,0],[116.81677999966938,-8.70624000017982,0],[116.81555999955756,-8.70302000031923,0],[116.81555715181815,-8.703015526093239,0],[116.81457999886246,-8.70148000043593,0],[116.81369999871079,-8.699700001263153,0],[116.8128099990464,-8.698349999844194,0],[116.81179999996868,-8.696790000955442,0],[116.81094999976452,-8.695780001105678,0],[116.80961999990679,-8.69427000130358,0],[116.80821999990964,-8.692960000629473,0],[116.80681000020073,-8.691649999806804,0],[116.80531999866496,-8.690310000785185,0],[116.80401000025034,-8.68908000129167,0],[116.80199000123082,-8.68705000016745,0],[116.80116000012791,-8.686120001316743,0],[116.80007999962152,-8.684970001061185,0],[116.80119000004088,-8.684199999934144,0],[116.80191999994798,-8.683649999835257,0],[116.80249000017095,-8.683340000163103,0],[116.80333999995484,-8.682869999867505,0],[116.80415000025145,-8.682310000029466,0],[116.8049399999663,-8.681850000879828,0],[116.80565000040382,-8.681320001049269,0],[116.80616000034225,-8.680850000877223,0],[116.80658999960934,-8.680330001016541,0],[116.80719000022057,-8.679680001289107,0],[116.80779999959103,-8.678730000850598,0],[116.80802000012925,-8.677639999867289,0],[116.80824000005909,-8.676329999561931,0],[116.80839000121765,-8.674889999755733,0],[116.80847000038884,-8.673689999811941,0],[116.80858999976446,-8.672989999555364,0],[116.80875000034915,-8.672440001338206,0],[116.80909000020445,-8.671240000936994,0],[116.8094799999342,-8.670159999700067,0],[116.81053999991875,-8.668640000438716,0],[116.81163999866702,-8.667280001079884,0],[116.81256999877891,-8.66636000124293,0],[116.81377000012036,-8.665410001094093,0],[116.81495000007179,-8.664689999689523,0],[116.81646999873043,-8.663840000104969,0],[116.81772000041633,-8.663360001011256,0],[116.8194699997543,-8.662850000596013,0],[116.82104000030523,-8.662230001297177,0],[116.82211999976342,-8.661720000851371,0],[116.82320999960511,-8.661059999727469,0],[116.82417000033657,-8.660260000770652,0],[116.82490000025184,-8.659199999728724,0],[116.82538000040293,-8.658349999813758,0],[116.82638000028278,-8.656839999996766,0],[116.8272699997021,-8.655229999810208,0],[116.8281899999223,-8.653970000074937,0],[116.82894999980866,-8.652930001143876,0],[116.83007000027705,-8.651639999642882,0],[116.83046800028907,-8.651262000008238,0],[116.83102999980673,-8.650729999696145,0],[116.83194000042438,-8.64999999959497,0],[116.83323000002873,-8.649090001118768,0],[116.83410000026059,-8.648419999631605,0],[116.83478000024549,-8.647730000189515,0],[116.83545999974197,-8.646960000791623,0],[116.83602999982185,-8.645970001192993,0],[116.83602000119528,-8.645830001249374,0],[116.83598000000961,-8.645499999832625,0],[116.83586000033165,-8.645129999614324,0],[116.83581000021148,-8.645009999600903,0],[116.83580999978194,-8.644570000030704,0],[116.83583000131922,-8.64447000006566,0],[116.83587999875193,-8.64421999969038,0],[116.83602000039573,-8.643949999952357,0],[116.83621000030824,-8.6436500013342,0],[116.83624999897941,-8.643549999938967,0],[116.8364499997339,-8.642720001310058,0],[116.83655999892186,-8.64249999958802,0],[116.83675000033122,-8.642309999666551,0],[116.83686000111234,-8.642130001271196,0],[116.8368800000952,-8.641980000118025,0],[116.83686047540202,-8.641908406067229,0],[116.83679862140346,-8.641908405958167,0],[116.83653762899417,-8.64181519489533,0],[116.83642577628979,-8.641721984035279,0],[116.83629527934055,-8.641684699959022,0],[116.83629031871406,-8.641677753818726,0],[116.83624999864465,-8.641670000207366,0],[116.83616000128175,-8.641649999824885,0],[116.83587999903413,-8.641330000063974,0],[116.83584000042737,-8.64126000000771,0],[116.83584000037462,-8.641049999679515,0],[116.83585000025649,-8.64084000091905,0],[116.83583000004423,-8.64070000117513,0],[116.8357899999858,-8.640560001000841,0],[116.8357000002014,-8.640330001083266,0],[116.83569999864604,-8.640299999871651,0],[116.83558999999246,-8.640110000204164,0],[116.8354899990545,-8.639940001081706,0],[116.83548000011913,-8.639899999697194,0],[116.83545000010591,-8.639800000870627,0],[116.83534999996934,-8.639530001291364,0],[116.83527000044134,-8.639160000814018,0],[116.8352300000942,-8.638810001134733,0],[116.83495999990105,-8.638409999963145,0],[116.83475999993522,-8.638090001265278,0],[116.83466999869002,-8.63795999971471,0],[116.83464999893049,-8.637910000825386,0],[116.83451000001949,-8.637519999715389,0],[116.83445999962565,-8.637310001290192,0],[116.83446999870046,-8.637170000847073,0],[116.83448000128125,-8.636680000706288,0],[116.83445999974775,-8.636480000252169,0],[116.83449000024862,-8.63634000120118,0],[116.83442000002782,-8.636159999865285,0],[116.83424999961738,-8.635910001307808,0],[116.83422999964604,-8.635889999991802,0],[116.83410000014464,-8.635309999855028,0],[116.83407000104476,-8.635170000192758,0],[116.83380000005897,-8.634770000911859,0],[116.83365000020754,-8.634519999902624,0],[116.83363999994477,-8.634489999774665,0],[116.83363000044045,-8.634340001109711,0],[116.83364000029314,-8.634289999800826,0],[116.83359999969561,-8.634139999877055,0],[116.83352000024865,-8.633829999610029,0],[116.83351000030397,-8.633480000956682,0],[116.83351999895412,-8.633299999794472,0],[116.8335300002837,-8.633230001291697,0],[116.833530000353,-8.63301000139745,0],[116.83352999990056,-8.632870000229786,0],[116.83356000003695,-8.632649999782604,0],[116.83357000026766,-8.632570000868851,0],[116.83357999965926,-8.6325499998715,0],[116.83360999972976,-8.632440001176512,0],[116.83364000003071,-8.632289999946561,0],[116.83362999982407,-8.632259999815988,0],[116.83357000019694,-8.632009999797027,0],[116.83356000016606,-8.631990000071452,0],[116.83346999967213,-8.63184999963466,0],[116.83345999890248,-8.631840000313131,0],[116.83340999973055,-8.63157000108068,0],[116.83339000124602,-8.631169999625817,0],[116.83338999955575,-8.630949999708754,0],[116.83330000032552,-8.630640001348972,0],[116.83331000110724,-8.630480000982267,0],[116.83334999999168,-8.630380000714267,0],[116.83340000033073,-8.63028000026161,0],[116.83340999982882,-8.630269999673173,0],[116.83386000027066,-8.629870000285905,0],[116.83394000042578,-8.629779999585828,0],[116.83369999974867,-8.629449999755126,0],[116.83364999996775,-8.62929999999667,0],[116.8335299996185,-8.629010000331737,0],[116.83340999987404,-8.628690001211853,0],[116.83328000000786,-8.628439999664641,0],[116.8332599996867,-8.628369999873135,0],[116.83323000017442,-8.628210000197393,0],[116.83322000016754,-8.628010001243547,0],[116.83322000001162,-8.6279999999301,0],[116.83323000001631,-8.627909999691402,0],[116.83324000001508,-8.627820001260995,0],[116.83324999965929,-8.62764999955744,0],[116.83323999968609,-8.62751000033958,0],[116.83324000008757,-8.62742000118013,0],[116.83322908941118,-8.627294517354168,0],[116.83322000004033,-8.62719000116807,0],[116.8331899346181,-8.62709550883738,0],[116.8331499986812,-8.626969999728306,0],[116.83297000005321,-8.626850000646472,0],[116.83284000024577,-8.626790000389255,0],[116.83276174063917,-8.626746522949741,0],[116.8327499997917,-8.62673999983915,0],[116.83246031979557,-8.62641169617992,0],[116.83245000001367,-8.626399999807512,0],[116.8323399999239,-8.626300000144694,0],[116.83220000020214,-8.6261899995916,0],[116.83178790890393,-8.625993320589862,0],[116.83176000023595,-8.625980001012497,0],[116.831640000117,-8.625889999892305,0],[116.83158923665256,-8.625765912309047,0],[116.83154999901151,-8.625670001154024,0],[116.83154999866485,-8.625400000052236,0],[116.83150999999017,-8.625270000693792,0],[116.83141999965393,-8.625100001256328,0],[116.83137000004744,-8.624999999623933,0],[116.83136000121927,-8.62498000074439,0],[116.831030001206,-8.624209999581513,0],[116.83093000114673,-8.623970000899691,0],[116.83085000027805,-8.623739999653498,0],[116.83081999967148,-8.623610000101584,0],[116.83069000010106,-8.623319999653688,0],[116.83080000136152,-8.62262999993456,0],[116.83075000002377,-8.622200000045384,0],[116.83064999880537,-8.621760001203596,0],[116.83065999980738,-8.621340001017483,0],[116.83070000130131,-8.620679999651998,0],[116.83069000024368,-8.620309999917405,0],[116.83060999986866,-8.619940000067151,0],[116.83093999875939,-8.619950001139078,0],[116.83162000024338,-8.619920000096219,0],[116.83223000039723,-8.619949999604163,0],[116.8328100002661,-8.619769999935661,0],[116.83354000002299,-8.619630000033371,0],[116.833879999806,-8.619580001333134,0],[116.83465000045248,-8.619509999600544,0],[116.8368300001467,-8.619450001262635,0],[116.83798999987168,-8.619400000820423,0],[116.83841999965794,-8.61934999985242,0],[116.83946999994754,-8.619230000908427,0],[116.84024999990176,-8.619150000724657,0],[116.84105999966765,-8.619099999952615,0],[116.84199000007101,-8.618939999738824,0],[116.84231000004466,-8.61888000118108,0],[116.84277000014274,-8.618910000125892,0],[116.84346000030052,-8.618920001023085,0],[116.84418000037599,-8.619030000756792,0],[116.84515000135762,-8.619059999867073,0],[116.84516999966071,-8.619070001110693,0],[116.84546000135707,-8.619070001200749,0],[116.84622999993601,-8.619140000161948,0],[116.84721000006131,-8.619189999824878,0],[116.84889999969144,-8.619160001292268,0],[116.84974999978397,-8.61910999971794,0],[116.85041999982379,-8.619100001165709,0],[116.8513299997811,-8.619139999726318,0],[116.85287000129767,-8.619110000714521,0],[116.85495000016708,-8.619210000880528,0],[116.85535999883211,-8.619229999837447,0],[116.85583000003851,-8.619199999767632,0],[116.85651000040284,-8.61920000019777,0],[116.85731000012072,-8.619320000263599,0],[116.85781799995479,-8.619353999756116,0],[116.85819999992117,-8.61938000041138,0],[116.85821000021308,-8.619379999580095,0],[116.85861000014657,-8.619370000058362,0],[116.85907000009671,-8.619080001189825,0],[116.85958000134303,-8.619010001354146,0],[116.86024000029454,-8.618689999567877,0],[116.86090000006654,-8.618319999921244,0],[116.86163999879122,-8.617989999789335,0],[116.862100000375,-8.617799999672211,0],[116.86340999972134,-8.617400000969042,0],[116.86416999988602,-8.61711999971137,0],[116.86471999990468,-8.616649999934895,0],[116.86503000001285,-8.616500001207744,0],[116.86559999873349,-8.616140000114283,0],[116.86634999970026,-8.615829999627776,0],[116.86695999877516,-8.615470001334396,0],[116.86753000038625,-8.615160001271702,0],[116.8682700004106,-8.614900001105324,0],[116.86880000019985,-8.614629999798053,0],[116.86954999965063,-8.614249999886745,0],[116.87028999996116,-8.613820000183258,0],[116.87080000025061,-8.613590000991428,0],[116.87082999976856,-8.613440000965422,0],[116.8709100001507,-8.61314999991127,0],[116.87093000022037,-8.612920000287113,0],[116.87097799983006,-8.612828000838066,0],[116.87270000033818,-8.605470000032078,0],[116.87545000040984,-8.598060000234323,0],[116.8723800001342,-8.596749999961162,0],[116.873400000221,-8.58709000098368,0],[116.87794803506003,-8.581063854328317,0],[116.8830000011047,-8.574369999586743,0],[116.88312600043963,-8.574167001145886,0],[116.88323000901734,-8.574260010819668,0],[116.88840000010138,-8.579779999706904,0],[116.89022000000278,-8.581677999870987,0],[116.89021999971541,-8.581679000278314,0],[116.89155999987618,-8.580409999668202,0],[116.89279999996415,-8.579939999954544,0],[116.89329000023497,-8.579710001327184,0],[116.89371000029983,-8.579529999555607,0],[116.89401999998877,-8.579349999687915,0],[116.89419000033809,-8.579279999714219,0],[116.89435999880833,-8.57920999966414,0],[116.89486999890003,-8.579169999622488,0],[116.89531000133317,-8.579200001224141,0],[116.89563000009436,-8.579220000181012,0],[116.89586000015355,-8.579190001244905,0],[116.89592000019837,-8.579170001137651,0],[116.89641000040653,-8.578960001232993,0],[116.89664000004944,-8.578840001312459,0],[116.89668999980094,-8.578800001104593,0],[116.89701999964215,-8.578069999665814,0],[116.89705999979343,-8.577960000754755,0],[116.89720999891593,-8.577699999826464,0],[116.8974100000947,-8.577409999892538,0],[116.89743239741527,-8.577363483261912,0],[116.8975400003161,-8.577140001187427,0],[116.89757999993107,-8.576970001259312,0],[116.89758999984119,-8.576930001165387,0],[116.89754437765394,-8.576594704072985,0],[116.89753000009298,-8.576530000277685,0],[116.89770000031159,-8.576269999915915,0],[116.89777999965084,-8.57619000113846,0],[116.89786999983444,-8.576090001353789,0],[116.89812000002145,-8.575799999764678,0],[116.89828000004542,-8.575629999739967,0],[116.89829999997937,-8.575600000911011,0],[116.89837999863782,-8.57546000013769,0],[116.8984400003981,-8.575270000822307,0],[116.89866000128978,-8.575100001033846,0],[116.8987300004453,-8.57506000127255,0],[116.8989700004464,-8.574910001140797,0],[116.89918920806355,-8.574672524850188,0],[116.8992351441618,-8.574607448810905,0],[116.89934000045405,-8.574429999613077,0],[116.8993600002419,-8.574399999821127,0],[116.89942400977027,-8.574289984276502,0],[116.89954189688927,-8.574087363586857,0],[116.89960264391692,-8.573959796601814,0],[116.89972241987914,-8.573765160612297,0],[116.8997447753337,-8.57372045016493,0],[116.89979645958395,-8.573591237264765,0],[116.89980999960125,-8.573509999678965,0],[116.89982000030743,-8.573490001347462,0],[116.89994999982392,-8.573349999623366,0],[116.9001400002994,-8.57322000117475,0],[116.90026999977258,-8.573169999891604,0],[116.90029999966464,-8.573159999938827,0],[116.90078000006255,-8.573450001335152,0],[116.90096000004849,-8.573500001018306,0],[116.90096784993135,-8.573500001222595,0],[116.90101099292042,-8.573396455567952,0],[116.9010441302769,-8.573181063338012,0],[116.90104413030896,-8.573068515608767,0],[116.90104412964911,-8.572965668039114,0],[116.90114354306559,-8.572766842021093,0],[116.90118999901101,-8.572702965274072,0],[116.90118999867539,-8.572560000970997,0],[116.90152000022924,-8.57215000110834,0],[116.90183999998865,-8.57184000124221,0],[116.90185043940825,-8.571834432001245,0],[116.90199000003504,-8.57176000124872,0],[116.90209370101086,-8.571600460621056,0],[116.90216557835053,-8.57148988125633,0],[116.90224999960324,-8.57135999970449,0],[116.90228000025802,-8.571299999983747,0],[116.90241999904666,-8.571059999795315,0],[116.90255999981723,-8.570939999707917,0],[116.9029299996882,-8.570749999908815,0],[116.90350000131261,-8.570370000214659,0],[116.90354000133178,-8.570339999762849,0],[116.90410000113549,-8.569969999844174,0],[116.90496000016046,-8.569160000019822,0],[116.9050200001583,-8.569109999778133,0],[116.90528999957706,-8.568869999679851,0],[116.90564999987734,-8.56882000130905,0],[116.90583251717214,-8.568800788427636,0],[116.90594000014863,-8.568709999947517,0],[116.90594033405588,-8.568708389063522,0],[116.90642273191115,-8.56888872356789,0],[116.90663420834534,-8.56892174570298,0],[116.90674372191259,-8.5689590568199,0],[116.90701237643285,-8.569069357373987,0],[116.90720513429316,-8.569133469669284,0],[116.90736911976181,-8.56920329430491,0],[116.90739191841631,-8.569211240626856,0],[116.9077126583065,-8.56941622113532,0],[116.90783215559068,-8.569506710658192,0],[116.90787327517329,-8.5695505267834,0],[116.90817800126175,-8.569915847955247,0],[116.90835676700131,-8.570237017026097,0],[116.90838315132656,-8.5702995904264,0],[116.90849790583667,-8.570502050202311,0],[116.90862721837897,-8.570705960632973,0],[116.9087483688194,-8.570954743654191,0],[116.90876570071417,-8.570984797089388,0],[116.90892575269082,-8.571205918809742,0],[116.90907591181687,-8.571374792569651,0],[116.90929238056566,-8.571703804193412,0],[116.90931760669682,-8.571750112929426,0],[116.90938304711868,-8.571861927102804,0],[116.90951196714045,-8.572000323953405,0],[116.90960814468886,-8.572061763958512,0],[116.90966315479812,-8.572087708756433,0],[116.90969140523491,-8.572099845090216,0],[116.90978061790987,-8.572139014837793,0],[116.90996896308091,-8.572233844328869,0],[116.91010226567771,-8.572286300947283,0],[116.91053494034657,-8.572484582706165,0],[116.91083545857542,-8.57263423136799,0],[116.91096274394403,-8.572677506242147,0],[116.91135335180549,-8.572810304903724,0],[116.91223501362818,-8.572850395995571,0],[116.91333142176711,-8.572908081185965,0],[116.91480264473812,-8.573203520059696,0]]]},"properties":{"OBJECTID":7,"KABUPATEN":"Sumbawa Barat","KECAMATAN":"Kec. Seteluk","SUMBERDATA":"PERMENDAGRI NO.123 TAHUN 2017 TENTANG BATAS KSB_KS","Luas":10736.5894581,"Shape_Leng":52418.9372242,"Shape_Area":107365894.581}},{"type":"Feature","geometry":{"bbox":[116.74615120487972,-8.684937914158972,116.90595931968868,-8.491084672489471],"type":"MultiPolygon","coordinates":[[[[116.78810259121383,-8.529149414447604,0],[116.78810296978264,-8.529150029731708,0],[116.78813243018547,-8.529136668787526,0],[116.78813245563421,-8.529136657042592,0],[116.78818900607786,-8.529111010239081,0],[116.78838903326978,-8.52888602816302,0],[116.7885228012718,-8.52879680450004,0],[116.78855972603584,-8.528772176295675,0],[116.78856000054931,-8.52877199282654,0],[116.78871002170828,-8.528736986172778,0],[116.78871065033003,-8.528737285913,0],[116.78883803710887,-8.528798010020783,0],[116.78898403335866,-8.52899903342047,0],[116.78902041834857,-8.529105297879969,0],[116.7890569693758,-8.529212046347427,0],[116.78900289696287,-8.529525671162602,0],[116.78900288146565,-8.529525762511259,0],[116.78892197184652,-8.529995040665174,0],[116.78873398811986,-8.531347018634738,0],[116.78871869146185,-8.53160058317809,0],[116.78871867861885,-8.531600804779856,0],[116.78869701235757,-8.531959961964523,0],[116.78872001803819,-8.533044007559928,0],[116.78872944929353,-8.533336144562305,0],[116.78875501272718,-8.53412797098311,0],[116.78874162274496,-8.534648524376975,0],[116.78874162181195,-8.534648568698199,0],[116.78874161437507,-8.534648873519203,0],[116.78872898107758,-8.535140004909714,0],[116.78872101904352,-8.53626599619818,0],[116.78877250495073,-8.537029926596155,0],[116.78877251215843,-8.53703003876122,0],[116.78880202945383,-8.537467999734659,0],[116.7888255028277,-8.537711620161174,0],[116.7888500089503,-8.537965957056675,0],[116.78869702896071,-8.538605966389074,0],[116.78868487840491,-8.538810356224133,0],[116.78863198920025,-8.539700002041855,0],[116.78862440323168,-8.539913599703098,0],[116.78861600688566,-8.540149993665873,0],[116.78858001612357,-8.540331288805008,0],[116.78856498943826,-8.540406979408262,0],[116.78844100014481,-8.540648009290312,0],[116.78829377869859,-8.540794689900174,0],[116.78829375505997,-8.540794713404928,0],[116.78816503712082,-8.54092295899465,0],[116.78795365457297,-8.541102372620697,0],[116.78795360820882,-8.541102411489891,0],[116.78779501821381,-8.541237015696094,0],[116.78763996485723,-8.541418974559571,0],[116.78759576095032,-8.541531077060627,0],[116.78756898271266,-8.541598988590524,0],[116.78756715248838,-8.541840690227488,0],[116.78756397129544,-8.542260964245502,0],[116.78759242245721,-8.542444387651187,0],[116.78762400018113,-8.542647964678308,0],[116.7876531804565,-8.542809494451072,0],[116.78766500983976,-8.542874975874902,0],[116.78765121657212,-8.543074398874365,0],[116.78765103703212,-8.543076998380569,0],[116.78764716037419,-8.54308723276439,0],[116.78755596330105,-8.54332799172335,0],[116.78722300081918,-8.543829990365227,0],[116.7859860178613,-8.545276975576755,0],[116.7857349846767,-8.545581962832971,0],[116.78561577705635,-8.545818090880928,0],[116.78521297389204,-8.546615966896649,0],[116.78514241164483,-8.546741684719168,0],[116.78511696829271,-8.546787015326183,0],[116.78511002933035,-8.54680518608896,0],[116.78509100519257,-8.546855007602025,0],[116.78480603015248,-8.547287033013347,0],[116.784532266692,-8.547606077556273,0],[116.78371201471091,-8.548561996634392,0],[116.78348387470442,-8.548841601452905,0],[116.78345497810439,-8.548877016419247,0],[116.78289901409777,-8.549644036627791,0],[116.78257898473352,-8.550046016694141,0],[116.78238102438546,-8.550302016096,0],[116.78227898068464,-8.550644885579343,0],[116.78213996379455,-8.551111986903516,0],[116.78190202378272,-8.551569991715512,0],[116.78143598251933,-8.552186048091475,0],[116.78143586884555,-8.552186198178305,0],[116.7814329806198,-8.55219001544829,0],[116.78138591129722,-8.552241323324301,0],[116.78138508113268,-8.552242228284067,0],[116.78035600779266,-8.55336396193511,0],[116.77988300902783,-8.553819028763323,0],[116.77860301331424,-8.55464504517868,0],[116.77838876009122,-8.554762806412784,0],[116.77838852011504,-8.554762938335823,0],[116.77812997385504,-8.554905043733243,0],[116.77734501737639,-8.555257013398839,0],[116.77704156939866,-8.555387607468312,0],[116.7765479997173,-8.555600023297687,0],[116.77609390810154,-8.555881736082561,0],[116.77609372265626,-8.555881851754256,0],[116.77584196831596,-8.55603803660619,0],[116.77546800575132,-8.556260016886865,0],[116.77536739120544,-8.556327854735292,0],[116.77498300873637,-8.55658701525168,0],[116.77481680762517,-8.556739593075582,0],[116.77475097104364,-8.556800033904905,0],[116.77473318171356,-8.556812905770753,0],[116.77469302480634,-8.556841961007715,0],[116.77451103638086,-8.55706396072146,0],[116.77444614023807,-8.557181501897864,0],[116.77444612477338,-8.557181529929077,0],[116.77437796644939,-8.557304981155703,0],[116.77436092385918,-8.557362939411446,0],[116.77434297709684,-8.557423971613986,0],[116.77381962486808,-8.55832121370178,0],[116.77381102512666,-8.55833595692695,0],[116.7738055712727,-8.558347792139852,0],[116.7737759872475,-8.558411992381053,0],[116.77373890891378,-8.558436312322062,0],[116.77368603362196,-8.55847099337734,0],[116.77327641455994,-8.558505812813442,0],[116.77327396361747,-8.558506021226178,0],[116.77301177528747,-8.558441165084421,0],[116.77254746284041,-8.558326310927121,0],[116.77254659695721,-8.558326096950445,0],[116.77252198607182,-8.558320008603218,0],[116.7723869700483,-8.558302023231862,0],[116.77238661464276,-8.55830218493239,0],[116.77226397333106,-8.558358020424572,0],[116.7721512846405,-8.558532478210674,0],[116.77201399592323,-8.558745019980268,0],[116.77191499455617,-8.558898971168668,0],[116.77173748307906,-8.559019544319382,0],[116.77172818491175,-8.559025860544553,0],[116.77172796400305,-8.559026010565027,0],[116.77137399883169,-8.55913097673533,0],[116.77137102438856,-8.559131306032521,0],[116.77048237818751,-8.559229666691575,0],[116.77048195560371,-8.559229713475984,0],[116.77048183927977,-8.55922972607029,0],[116.77038902988589,-8.55923999882714,0],[116.77038814201815,-8.559240076089017,0],[116.77035555264526,-8.559242897846904,0],[116.76991603636858,-8.559280955841672,0],[116.76951002466745,-8.559330995621494,0],[116.76950877524013,-8.559330886334102,0],[116.76923496529558,-8.559306955806754,0],[116.76909936440207,-8.559250423588637,0],[116.76898797671971,-8.559203984887798,0],[116.76887194426122,-8.559106863857162,0],[116.76865702115491,-8.558926968638644,0],[116.76815301872384,-8.558325010680434,0],[116.76786901003133,-8.557867676300702,0],[116.76786898007266,-8.557867628342997,0],[116.7677898333839,-8.557740178765698,0],[116.76764502872078,-8.557507002551652,0],[116.7675345439962,-8.557318375676672,0],[116.76743425824729,-8.55714716154461,0],[116.76743424190795,-8.55714713259004,0],[116.76725900758441,-8.556847960219791,0],[116.76713124385526,-8.55661470542814,0],[116.76713119846949,-8.55661462308923,0],[116.76703498681947,-8.556438972814501,0],[116.76676599058078,-8.555688028547811,0],[116.76656800571335,-8.554855013425282,0],[116.76649761704252,-8.554490762911247,0],[116.76649760164459,-8.55449068059034,0],[116.76646646467987,-8.554329551757897,0],[116.76640703701632,-8.554022021438477,0],[116.76635796668022,-8.553515018344859,0],[116.76638097495751,-8.55313801340603,0],[116.76668897277092,-8.552467992719535,0],[116.76679876440413,-8.551988318745579,0],[116.76691098206865,-8.55149804155118,0],[116.76718567830046,-8.550714057495549,0],[116.76721197441934,-8.550639009629306,0],[116.76722951599034,-8.550601577432548,0],[116.76736097803213,-8.55032104435908,0],[116.7674706606202,-8.550176158570524,0],[116.76757297493874,-8.55004100732775,0],[116.76794382648924,-8.549749358165693,0],[116.76794384739864,-8.549749342801336,0],[116.76802696658791,-8.549683974761674,0],[116.7683789928231,-8.549426990597068,0],[116.76842326935366,-8.549384529804309,0],[116.7686470222037,-8.549169956821556,0],[116.768856035686,-8.548864957824929,0],[116.76899367242832,-8.548549557523485,0],[116.76908601158726,-8.548337956796956,0],[116.76928597574565,-8.547628981942776,0],[116.76938503527981,-8.547002967669393,0],[116.76941331395973,-8.546685131272435,0],[116.76941332311021,-8.546685025448626,0],[116.76944900668175,-8.5462839646079,0],[116.76954102475607,-8.545902027248605,0],[116.7695957771115,-8.54570353043111,0],[116.76966597893487,-8.545449027442853,0],[116.76971869058197,-8.544987935283103,0],[116.76974303578065,-8.54477497691736,0],[116.76958933559115,-8.544265143864573,0],[116.76945824337623,-8.543830299275697,0],[116.7693589656048,-8.543500987188505,0],[116.769297974386,-8.543251985217351,0],[116.76931802170007,-8.543057021614269,0],[116.7697460132149,-8.542309026897875,0],[116.77096599826478,-8.540803028181164,0],[116.7710149847663,-8.540751804985483,0],[116.77120801742439,-8.540549955948835,0],[116.77183997898244,-8.540142019068094,0],[116.77190502463567,-8.540093338778053,0],[116.77190505008988,-8.540093319798025,0],[116.77194949777689,-8.540060054941538,0],[116.77199102639868,-8.540028974597389,0],[116.7720345629949,-8.539944639761435,0],[116.77205501264298,-8.539905027298788,0],[116.77204601263132,-8.53966700009256,0],[116.77203845292435,-8.539632516994699,0],[116.77198441672658,-8.539386047603049,0],[116.771984401321,-8.539385977041087,0],[116.77196598237789,-8.539301962141725,0],[116.77195996495266,-8.539087989789497,0],[116.77204398493227,-8.538791960398434,0],[116.77224033128402,-8.538353434927162,0],[116.77226201366408,-8.538305008583192,0],[116.77244956264389,-8.538007637871234,0],[116.7726360289953,-8.537711983208757,0],[116.77266492257114,-8.537677259183171,0],[116.77305202324166,-8.537212034940868,0],[116.77348000984856,-8.536702961114061,0],[116.77437813356741,-8.535666283740857,0],[116.77437826359483,-8.535666133665448,0],[116.77491899042187,-8.53504198405194,0],[116.77556701577129,-8.534302968635775,0],[116.77558865095186,-8.534282897994338,0],[116.77605100614308,-8.533853972808979,0],[116.77637207110944,-8.533557164604835,0],[116.77656700472694,-8.533376959034275,0],[116.77710899513939,-8.532784023810073,0],[116.77744601605096,-8.532394989429232,0],[116.77763236155829,-8.532232398502078,0],[116.77763240064996,-8.53223236505705,0],[116.77782998268125,-8.53205996999351,0],[116.7783399939682,-8.531694998294986,0],[116.77870101868041,-8.53151397558823,0],[116.77924296980447,-8.531370040644244,0],[116.77954199736135,-8.531337517521505,0],[116.77973099607198,-8.531316961898673,0],[116.77994401972263,-8.531328015773814,0],[116.77994536449454,-8.53132808528045,0],[116.77994543355034,-8.531328088937727,0],[116.77998296631182,-8.531330036861926,0],[116.77998315073903,-8.531330089428955,0],[116.78005575060172,-8.531350701300182,0],[116.78011073448019,-8.53136631200538,0],[116.78011175382758,-8.531366601126576,0],[116.78011227894612,-8.53136674976629,0],[116.78011318836367,-8.531367008071337,0],[116.78034203004336,-8.531431978576563,0],[116.78036952012877,-8.531447025536476,0],[116.78062898329475,-8.531589046179013,0],[116.78084401608294,-8.531730968289587,0],[116.78084560280065,-8.531730614612075,0],[116.78109497734953,-8.531675040273338,0],[116.78124865739088,-8.531640405855155,0],[116.78124875190306,-8.531640385104371,0],[116.78145002439773,-8.531595025347315,0],[116.78167902601115,-8.531547041685103,0],[116.78180668563688,-8.531467600316144,0],[116.78193296719985,-8.531389017427891,0],[116.7822066183879,-8.531143424318978,0],[116.78226498469326,-8.531091041653688,0],[116.78247202505304,-8.53092502997816,0],[116.78278684414994,-8.530806251336346,0],[116.78278705318507,-8.530806172759675,0],[116.78307898273877,-8.530696030131041,0],[116.78331497727679,-8.530605003035866,0],[116.783445037425,-8.530494022557367,0],[116.78346138382278,-8.53045422171424,0],[116.78348900390317,-8.53038697301012,0],[116.78346597015042,-8.530310001338238,0],[116.78320700305943,-8.530215986011672,0],[116.78294455966608,-8.530155637713639,0],[116.78267202525358,-8.530092968003787,0],[116.7825437155935,-8.530031146896405,0],[116.78247696955115,-8.529998987986538,0],[116.78240801027748,-8.52991502566474,0],[116.78284897588071,-8.529472960732795,0],[116.78381297720047,-8.528935957647938,0],[116.78412531201917,-8.528790945238404,0],[116.78412539472819,-8.528790906389817,0],[116.78463999934279,-8.528551982407963,0],[116.78484181260866,-8.528463875976794,0],[116.78484186623216,-8.528463852488851,0],[116.7851919627002,-8.528311009754129,0],[116.78617137819475,-8.52788589715922,0],[116.7866550175516,-8.527675974172963,0],[116.78720703175176,-8.527474969596572,0],[116.78731092437218,-8.527459187390605,0],[116.78748997482671,-8.527431987781327,0],[116.78757315690865,-8.52744364832736,0],[116.78757631421557,-8.527444090559241,0],[116.78768686356726,-8.527459587678127,0],[116.78773998264651,-8.527467033840017,0],[116.78786200701059,-8.527520997614808,0],[116.78792352585278,-8.527607169209777,0],[116.78794196625743,-8.527632998969468,0],[116.78796498526336,-8.527683698448623,0],[116.78804501274921,-8.527859956417148,0],[116.78804779820487,-8.528093283944443,0],[116.78805002689005,-8.52828002357279,0],[116.78804060458698,-8.528872835466016,0],[116.78804001438853,-8.528909983105297,0],[116.78804151339097,-8.52892036878233,0],[116.78806598895278,-8.529089960797785,0],[116.78810259121383,-8.529149414447604,0]]],[[[116.79010692149302,-8.526354647100572,0],[116.79010599358227,-8.526354983987,0],[116.79000201584435,-8.526321015271959,0],[116.79000186151195,-8.526320763730284,0],[116.79000149111364,-8.52632016111573,0],[116.78998228578247,-8.526288912022302,0],[116.78994302720885,-8.526225033067462,0],[116.78978300575329,-8.525914032882103,0],[116.78964601526035,-8.525826962290001,0],[116.78956102118914,-8.52574299341746,0],[116.78958378823243,-8.525671443292193,0],[116.78958901555764,-8.525655016318096,0],[116.7895898522531,-8.525647011717954,0],[116.78960596315295,-8.525492966131427,0],[116.78965202470684,-8.524974983605874,0],[116.78967281254609,-8.524936889906245,0],[116.78970155078345,-8.52488422679073,0],[116.78971377699239,-8.524861822879613,0],[116.78974097625533,-8.52481198014343,0],[116.78976986446531,-8.52475919680135,0],[116.78978480290701,-8.524731902680191,0],[116.78979540188706,-8.524712536187543,0],[116.7898980262944,-8.52452502833851,0],[116.78996158827785,-8.524427155938389,0],[116.78996161192227,-8.524427119770154,0],[116.78996396091581,-8.52442350293716,0],[116.79001298330176,-8.52434801872391,0],[116.79015083505753,-8.524221272382979,0],[116.79019178710989,-8.524183619198668,0],[116.7901920571116,-8.524183370599927,0],[116.790198965332,-8.524177019133354,0],[116.79026603835395,-8.524115476146338,0],[116.79028388206494,-8.524099103914565,0],[116.79028397297476,-8.52409901984276,0],[116.79029534323335,-8.524094867877752,0],[116.79046021604536,-8.524034663896822,0],[116.79046137660917,-8.524034240300436,0],[116.79046203005113,-8.5240340018582,0],[116.79072799880575,-8.52406100518867,0],[116.79173802266081,-8.524274973845124,0],[116.79173869754311,-8.52427541290221,0],[116.79173941148323,-8.52427587730698,0],[116.79182125029017,-8.524329108226832,0],[116.79182182979919,-8.524329484820353,0],[116.79182185886542,-8.524329503830987,0],[116.79182191336476,-8.524329539136728,0],[116.7918780076449,-8.524366025223681,0],[116.79188077314866,-8.524370122399771,0],[116.79198596401888,-8.524525969805888,0],[116.79217801938765,-8.524902008133669,0],[116.79217145384698,-8.524931719203295,0],[116.79214001429222,-8.525073993358731,0],[116.79200096895036,-8.52531998976125,0],[116.79185801413506,-8.525454027214085,0],[116.79173397678439,-8.525519978427605,0],[116.79167309993701,-8.525554386496346,0],[116.79167305358197,-8.525554412702713,0],[116.79155702424602,-8.52561999368115,0],[116.79154394133961,-8.525625493410647,0],[116.79153600525477,-8.525628829563713,0],[116.79150696292737,-8.52564103863626,0],[116.79141093633218,-8.525711818671846,0],[116.79141076089383,-8.525711947924796,0],[116.79140316977471,-8.525717542861653,0],[116.79136597228685,-8.525744960763024,0],[116.79116216386004,-8.52593332724683,0],[116.7911257907437,-8.525966944283457,0],[116.79108798760534,-8.526001882963804,0],[116.79097099174456,-8.526110013042215,0],[116.79097008469067,-8.526110429540276,0],[116.79092803392064,-8.526129747468552,0],[116.7907729894507,-8.526200973139913,0],[116.79077159546709,-8.526201197615563,0],[116.79070833097563,-8.526211364756197,0],[116.790696681127,-8.526213237175545,0],[116.79052398982962,-8.526240991667741,0],[116.79043714692102,-8.526254443036947,0],[116.79043615823211,-8.526254595368092,0],[116.79039212702342,-8.526261415238961,0],[116.79039202797276,-8.526261430562428,0],[116.79034302968849,-8.526269020210805,0],[116.79018808139594,-8.526325214285817,0],[116.7901070805375,-8.52635458929691,0],[116.79010692149302,-8.526354647100572,0]]],[[[116.82293959238656,-8.515438949590605,0],[116.82294002122786,-8.515439010389334,0],[116.8229837247665,-8.515437550487572,0],[116.8229845134621,-8.515437523710915,0],[116.82298465430046,-8.515437519252425,0],[116.82298546571201,-8.515437491581585,0],[116.82298550296588,-8.515437490694024,0],[116.82298563017491,-8.515437486229315,0],[116.82298566561155,-8.515437485340922,0],[116.82338896971652,-8.515424021284753,0],[116.82345198218215,-8.51542097542044,0],[116.823454054739,-8.515420993547863,0],[116.8234543236896,-8.515420996383606,0],[116.82345600008851,-8.515421012522028,0],[116.823508089299,-8.515421516482231,0],[116.82386163955304,-8.51542493587388,0],[116.82386398378563,-8.515424958644864,0],[116.82417399706782,-8.515471040891786,0],[116.82425127942997,-8.515501865075041,0],[116.82428316260965,-8.51551458177801,0],[116.82434696440507,-8.51554002966469,0],[116.82437726541787,-8.515569265945905,0],[116.82438671365283,-8.515578382430794,0],[116.82443398662387,-8.515623992002157,0],[116.82473880057286,-8.515710969691714,0],[116.82473903587545,-8.515711036732878,0],[116.82485353294165,-8.515723496661616,0],[116.82529898655434,-8.515771970900982,0],[116.82546185285716,-8.515785311691102,0],[116.82548070879486,-8.51578685604695,0],[116.82570114056094,-8.515804910750019,0],[116.82570198554839,-8.515804979873092,0],[116.82614975950911,-8.51578610301556,0],[116.82614993578507,-8.515786095858175,0],[116.82615198476746,-8.515786009035438,0],[116.82630092213611,-8.515772705794364,0],[116.82637267529009,-8.515766296709614,0],[116.82656602879415,-8.515749026045514,0],[116.82693391412619,-8.515703309646783,0],[116.82724466749154,-8.515664694286416,0],[116.82767698300401,-8.515610973602266,0],[116.8279036828846,-8.515573195116055,0],[116.82790438075816,-8.515573078740907,0],[116.82790450524904,-8.515573057087353,0],[116.82790454341358,-8.515573051677077,0],[116.82801903465226,-8.515553971581047,0],[116.8284756957865,-8.515469133243725,0],[116.8291010198611,-8.515352960623911,0],[116.82991886127232,-8.51531920506604,0],[116.83009335155025,-8.515312003544318,0],[116.8300939994091,-8.51531197669166,0],[116.83028665554112,-8.515313494535969,0],[116.83028950405935,-8.51531351658387,0],[116.83048300066663,-8.515315041029567,0],[116.8308020257916,-8.515313009164801,0],[116.8310319997189,-8.515314991528575,0],[116.83103398777499,-8.515315008674296,0],[116.8311507596829,-8.515347193694144,0],[116.83115081964475,-8.515347210001707,0],[116.8312659980431,-8.515378955598743,0],[116.83138097259346,-8.515452982349327,0],[116.83140299328329,-8.51550847838768,0],[116.83140830467929,-8.515521864998327,0],[116.8314309670651,-8.515578977705635,0],[116.83141204476529,-8.515627287596688,0],[116.83140866000004,-8.515635928897376,0],[116.83138003730657,-8.515709000566282,0],[116.83123698908425,-8.515922997835856,0],[116.83119182113292,-8.515983828557975,0],[116.83119092197379,-8.515985040235455,0],[116.83113300940326,-8.516063036076572,0],[116.83112497593115,-8.516440958101443,0],[116.83126564506308,-8.51681727495199,0],[116.83126698643916,-8.516820861989238,0],[116.83144198169605,-8.517289008728934,0],[116.83172297530199,-8.51773795565515,0],[116.83259502012339,-8.518647338065549,0],[116.83264863947902,-8.518703252872854,0],[116.83265700416509,-8.518711976128499,0],[116.83265888705822,-8.518713577050047,0],[116.83266924523937,-8.518722388903257,0],[116.8327769879764,-8.518814037776265,0],[116.83280276223692,-8.518872466020401,0],[116.83280449419732,-8.518876393323108,0],[116.83281800585394,-8.518907021943214,0],[116.83275897758254,-8.519222975410077,0],[116.83273696537414,-8.51953396898931,0],[116.83273897930914,-8.51955603672819,0],[116.83273399388095,-8.51981901713075,0],[116.8327253075751,-8.519906350116942,0],[116.83272529753496,-8.519906454133379,0],[116.83272501736104,-8.51990927071374,0],[116.83269997962925,-8.520161025421153,0],[116.83270578515528,-8.520221039752213,0],[116.8327070144659,-8.520233746189835,0],[116.83271400316825,-8.520305998392677,0],[116.83281798063743,-8.520344025199844,0],[116.83282361755036,-8.520361335773632,0],[116.8328258534428,-8.520368198487084,0],[116.8328310012575,-8.520384001906223,0],[116.83266900784032,-8.520571041966733,0],[116.83235386072188,-8.520828096923358,0],[116.83224942059113,-8.520913284622026,0],[116.83224899610784,-8.520913630873006,0],[116.8322289690402,-8.52092996795261,0],[116.83222535703538,-8.520932470126574,0],[116.83220713613487,-8.520945089469732,0],[116.83217403275404,-8.520968015812674,0],[116.83213073087632,-8.521134650991462,0],[116.83213039593574,-8.521135941608415,0],[116.83213026669377,-8.52113643632947,0],[116.8320869738778,-8.521303038037603,0],[116.83206981091064,-8.521379525660013,0],[116.8320499640582,-8.521467975410156,0],[116.83204887031751,-8.521481963465163,0],[116.83204869671052,-8.521484177675019,0],[116.83204800501323,-8.521493023661284,0],[116.83205436758598,-8.521525648220297,0],[116.83205437574594,-8.521525688927591,0],[116.83205549631265,-8.52153143587946,0],[116.83206497490193,-8.521580029421036,0],[116.83207319326,-8.52160769254059,0],[116.83212497674583,-8.521781994886386,0],[116.83212299956357,-8.521800718668926,0],[116.83212279518274,-8.521802658793463,0],[116.8321200114345,-8.521829019158453,0],[116.83200187495953,-8.522106027758127,0],[116.83198992595841,-8.522134046679703,0],[116.83198974495399,-8.522134471729627,0],[116.83198972221516,-8.522134524182416,0],[116.83197132982768,-8.52217765136276,0],[116.83188803057078,-8.52237297167927,0],[116.83181941990108,-8.522594107235532,0],[116.83181040168135,-8.52262317395851,0],[116.8317000045881,-8.522978981951859,0],[116.83159597713392,-8.523222024249012,0],[116.83159239825112,-8.523225604628104,0],[116.8313743626373,-8.523443698458237,0],[116.8313743308202,-8.523443731911952,0],[116.83137402720152,-8.523444034797011,0],[116.83124384793629,-8.523529319561865,0],[116.83122600710031,-8.523541007355664,0],[116.831113244911,-8.52356554430679,0],[116.83098759694825,-8.523592885080731,0],[116.83097798169956,-8.523594977591637,0],[116.83097724201113,-8.523595102094552,0],[116.83093602029582,-8.523602014643718,0],[116.83091504192883,-8.523619863606243,0],[116.83091491921583,-8.523619969382594,0],[116.83091439927934,-8.52362041056586,0],[116.83090903720124,-8.52362497338389,0],[116.83089888831205,-8.52364628326242,0],[116.83089870095914,-8.523646676650504,0],[116.8308968792709,-8.52365050020162,0],[116.83086746394693,-8.523712263939817,0],[116.83085999074446,-8.523727956959132,0],[116.83086118053791,-8.52385939172673,0],[116.83086129578449,-8.52387213838538,0],[116.83086199164866,-8.523948979245727,0],[116.83094404637893,-8.524216149228026,0],[116.83102599324228,-8.52448297542391,0],[116.83114797682447,-8.524812027924815,0],[116.83123799889044,-8.525070981859836,0],[116.83132371968105,-8.525257094982225,0],[116.83143097313665,-8.525489958012166,0],[116.83144160821116,-8.525545296221887,0],[116.83146999501861,-8.525692999866948,0],[116.83156264427161,-8.525991665448451,0],[116.83156276404303,-8.525992053542893,0],[116.83156624651461,-8.52600327753179,0],[116.83156625558762,-8.52600330828967,0],[116.83159501909692,-8.526096030357532,0],[116.83170203166834,-8.526344534302318,0],[116.83170336276022,-8.526344709453264,0],[116.8317038334126,-8.5263447711652,0],[116.83170418776487,-8.526344817449749,0],[116.8318612311968,-8.526365436374675,0],[116.8319678058033,-8.526379429435917,0],[116.83212712763924,-8.526428295838162,0],[116.83231341111401,-8.52651214015939,0],[116.83246363055578,-8.526601952281792,0],[116.83258979603782,-8.52672166671305,0],[116.83272190375057,-8.526996946187689,0],[116.83416875132141,-8.530814776957698,0],[116.83421675480035,-8.531000272708319,0],[116.83422271140053,-8.5311259195929,0],[116.83420627178081,-8.531275905890714,0],[116.83420615890466,-8.531276375292403,0],[116.8342084266889,-8.53127901386452,0],[116.83420871822256,-8.531279352282487,0],[116.83420885808584,-8.531279515157266,0],[116.83420888079101,-8.53127954139827,0],[116.8343640087485,-8.531398031148617,0],[116.83442183810014,-8.531508823402275,0],[116.83443116506646,-8.531526692711145,0],[116.83443125313437,-8.531526860086375,0],[116.83443173523493,-8.531527783814987,0],[116.834457964779,-8.531578036099376,0],[116.83450850370541,-8.531685298475404,0],[116.8345347372955,-8.531740976113987,0],[116.83453628333679,-8.531744245736782,0],[116.83453898322672,-8.531749975262745,0],[116.83456396401901,-8.531802992148794,0],[116.8345713671963,-8.531808582573765,0],[116.83457562924687,-8.53181179998738,0],[116.83465001802209,-8.531867970311858,0],[116.83490297163124,-8.532058975916858,0],[116.83499024679725,-8.53207571424921,0],[116.83506538325697,-8.532090123669613,0],[116.83507498974134,-8.532091965754137,0],[116.83508263413356,-8.53209025401914,0],[116.83512605413492,-8.532080530710168,0],[116.83518242198177,-8.532067906649482,0],[116.83525901129298,-8.532050753151973,0],[116.83528900180433,-8.53204403619922,0],[116.8354732642799,-8.532006666030936,0],[116.83564813944083,-8.531971197637832,0],[116.83564848657943,-8.531971127231724,0],[116.8356489809338,-8.531971027038564,0],[116.83580556789097,-8.531998343148139,0],[116.83586100843799,-8.532008015206827,0],[116.83599978124118,-8.532069141283374,0],[116.83612200411378,-8.53212297706202,0],[116.83627135763457,-8.532219951236845,0],[116.83628550158345,-8.532229135449946,0],[116.83633275437,-8.532259815263833,0],[116.83633305323683,-8.532260009863412,0],[116.83639451175718,-8.532299913706087,0],[116.83655845631796,-8.532406359809197,0],[116.83656102893872,-8.532408029746952,0],[116.83658085253936,-8.532433136936891,0],[116.83662065595406,-8.532483549471182,0],[116.8366220908681,-8.532485366367426,0],[116.83662211357235,-8.532485395321864,0],[116.83662237875903,-8.53248573101338,0],[116.83671102558304,-8.532598004865653,0],[116.83673128761971,-8.532664860715148,0],[116.83673408238488,-8.532674079934619,0],[116.83673412775464,-8.532674229200808,0],[116.83676497270511,-8.532776003372398,0],[116.83678440963935,-8.533082666385384,0],[116.83678573377725,-8.533103559726214,0],[116.83679399994489,-8.533233975311802,0],[116.83680239188928,-8.53335066383526,0],[116.83680327083326,-8.533362878948639,0],[116.83680327263907,-8.53336290608524,0],[116.8368032753497,-8.53336294226748,0],[116.8368190276463,-8.533581977589614,0],[116.8368867833503,-8.533664998323282,0],[116.83688681513706,-8.533665037231346,0],[116.83690778894129,-8.533690736449413,0],[116.83690799510116,-8.533690988899364,0],[116.83691855734584,-8.533695455375993,0],[116.83691859096066,-8.533695468958035,0],[116.83691896708038,-8.533695628313065,0],[116.83705699763647,-8.533753993994019,0],[116.83715856536112,-8.533760771762424,0],[116.83715887611574,-8.533760792697025,0],[116.83715890791825,-8.533760794519429,0],[116.83724422553692,-8.533766488150258,0],[116.8372661182986,-8.533767949103161,0],[116.83726701330845,-8.533768009177498,0],[116.83751048381988,-8.533757217115967,0],[116.8376510224337,-8.533750985878608,0],[116.83770403559541,-8.533831043400204,0],[116.83780502722192,-8.534036009137782,0],[116.83811802792722,-8.53431902012545,0],[116.83833896992074,-8.534540042297321,0],[116.83836719803624,-8.53461693802284,0],[116.8383685513091,-8.534620623633153,0],[116.83841201578434,-8.534739028154712,0],[116.83840942301946,-8.534839236092955,0],[116.83840899997774,-8.534855578925189,0],[116.83840797931299,-8.534895025862294,0],[116.83841438136558,-8.534941411811248,0],[116.83841521933026,-8.534947484255566,0],[116.83842702784945,-8.535033035797163,0],[116.83846775730186,-8.535136291044555,0],[116.83846779633316,-8.53513638965435,0],[116.83852799691877,-8.535289008564257,0],[116.83880297905374,-8.535648961306206,0],[116.83889794310394,-8.535692589059014,0],[116.83893065528022,-8.535707617808837,0],[116.83897497984287,-8.53572798085579,0],[116.83907999551847,-8.535741523621049,0],[116.83926201228904,-8.535764997434883,0],[116.83926385844066,-8.53576563317863,0],[116.839263904776,-8.535765649479325,0],[116.8392692442613,-8.535767486979397,0],[116.8393966505422,-8.535811364138489,0],[116.83947102903325,-8.535836978600253,0],[116.8395219626446,-8.535867633325061,0],[116.83955514076362,-8.535887601841992,0],[116.83955707483676,-8.535888765864975,0],[116.83969702945268,-8.535972996390335,0],[116.83978599184353,-8.536066926761606,0],[116.83978686105851,-8.53606784521647,0],[116.83982873053696,-8.53611205231492,0],[116.83987602694694,-8.536161988215525,0],[116.839921095625,-8.536250421703569,0],[116.83994121714927,-8.536289905412426,0],[116.84003197379188,-8.536467991022432,0],[116.84033802156404,-8.537084969847191,0],[116.84048925228501,-8.537272620302387,0],[116.84053441464056,-8.537328658999371,0],[116.84060799660439,-8.537419959728018,0],[116.84067085232603,-8.537503186742757,0],[116.84068863985273,-8.537526738910355,0],[116.8408549741284,-8.537746981948661,0],[116.84085838062002,-8.537747296313583,0],[116.8408785324403,-8.537749154344205,0],[116.840883398208,-8.537749603177927,0],[116.84098496872672,-8.537758972340903,0],[116.84098581750037,-8.53775879992421,0],[116.84098638001755,-8.537758685279904,0],[116.84098642727275,-8.53775867534948,0],[116.84108173078405,-8.537739203761715,0],[116.84109622809815,-8.537736241948192,0],[116.84120497566732,-8.537714026075376,0],[116.84156503083516,-8.537649964568388,0],[116.84174415641809,-8.537701995613658,0],[116.84175802204477,-8.53770602189937,0],[116.84175864799042,-8.537706340548642,0],[116.84175872521136,-8.537706380379381,0],[116.8420330248623,-8.53784603736468,0],[116.84231503327376,-8.538078026067573,0],[116.84273640900246,-8.538475069668761,0],[116.84281921112857,-8.538553090734705,0],[116.84282169449342,-8.538555430850552,0],[116.84283400867719,-8.538567034603467,0],[116.84284056041194,-8.538568828224687,0],[116.84301155062771,-8.538615637173333,0],[116.8430118749891,-8.538615725948413,0],[116.84301299162793,-8.538616032131,0],[116.84308347838973,-8.538598770619265,0],[116.84308414996913,-8.538598606267042,0],[116.843084558006,-8.538598506029603,0],[116.84308461707589,-8.538598491581075,0],[116.84308465978776,-8.538598481648558,0],[116.84315199766196,-8.538581994029995,0],[116.84320352434507,-8.538532624940428,0],[116.84320736409701,-8.538528946874179,0],[116.84327200537139,-8.538467010142025,0],[116.84347323087458,-8.538266366759569,0],[116.8434735026789,-8.538266096415482,0],[116.84351027629214,-8.538229429038042,0],[116.84362603408577,-8.538114007336608,0],[116.8437457349113,-8.538080362840748,0],[116.84375203002763,-8.53807859340777,0],[116.84376806816996,-8.538074085372568,0],[116.84379696372469,-8.538065964405744,0],[116.84391710790831,-8.53804808957433,0],[116.84395963013718,-8.538041764141859,0],[116.84396055522502,-8.538041626121428,0],[116.84396066427306,-8.538041608979283,0],[116.84396095415818,-8.538041565678629,0],[116.84438803109535,-8.53797802781706,0],[116.84528096386047,-8.537565009584975,0],[116.8454578021291,-8.537415416913474,0],[116.84546019184678,-8.537413395341423,0],[116.84552801109696,-8.537356024639378,0],[116.8456969889457,-8.537130006055108,0],[116.84591699492663,-8.536826997060384,0],[116.84591702402012,-8.536826957272712,0],[116.84592286888942,-8.53682171333274,0],[116.84592307068729,-8.536821532507307,0],[116.84616791330731,-8.536601845688686,0],[116.84616999582381,-8.536599976855394,0],[116.84628925507081,-8.536514564338754,0],[116.84629831076549,-8.536508078844106,0],[116.84654002035172,-8.536334970116133,0],[116.846561030548,-8.53633297218721,0],[116.846580225149,-8.536331147208209,0],[116.84666553357654,-8.536323034771488,0],[116.84666597793391,-8.536322992434386,0],[116.84674486270661,-8.536354239788903,0],[116.84682000526401,-8.536384004936759,0],[116.84698096996918,-8.536518997851022,0],[116.84724503507951,-8.536847016921053,0],[116.84740500838114,-8.53703102293481,0],[116.84741989254316,-8.53703307935748,0],[116.84744382387035,-8.537036384874543,0],[116.84744387111887,-8.537036391224836,0],[116.8475349997044,-8.53704898011026,0],[116.84761401277669,-8.537025357762383,0],[116.84761404458419,-8.537025347825079,0],[116.84761408275276,-8.537025336985744,0],[116.84761988622921,-8.537023601668107,0],[116.84770900311833,-8.536996959433916,0],[116.84779824798223,-8.536927078976762,0],[116.8478122077141,-8.536916148711434,0],[116.84794899632215,-8.536809039313306,0],[116.84829803481325,-8.536555959709592,0],[116.84851400557199,-8.536470044321218,0],[116.8486469975751,-8.536493968562038,0],[116.84864727648112,-8.536494111586363,0],[116.84864731736316,-8.536494132406467,0],[116.8488980302066,-8.536623025047504,0],[116.84917420502545,-8.53679387673641,0],[116.84918791992982,-8.536802361118111,0],[116.84919812639183,-8.536808675076271,0],[116.84920407039549,-8.536812352485944,0],[116.8492042202903,-8.536812444806108,0],[116.85000197331722,-8.537305961800742,0],[116.8501139933373,-8.537491035405903,0],[116.85022100046888,-8.53768500940843,0],[116.8502277480648,-8.537697240331413,0],[116.85033300189573,-8.537888036018147,0],[116.85033413030955,-8.537888449823123,0],[116.8503787862187,-8.537904886959351,0],[116.85045731633969,-8.537933792510927,0],[116.8504579641327,-8.537934030651705,0],[116.85062579791172,-8.53790709337787,0],[116.85063900088306,-8.537904974632463,0],[116.85066931713831,-8.537897674105002,0],[116.85093845291735,-8.537832861497556,0],[116.85118131635537,-8.537774375742341,0],[116.85118135088818,-8.53777436761484,0],[116.85118302936817,-8.537773963030485,0],[116.85120817084336,-8.53779913213209,0],[116.8512600252033,-8.537851043003364,0],[116.85134908544107,-8.537963644791448,0],[116.85134920714377,-8.53796379951244,0],[116.85135087374834,-8.537965906797627,0],[116.85143796680879,-8.538076021263253,0],[116.85152665565548,-8.538134151276093,0],[116.85173700368497,-8.538272017654037,0],[116.85185338520988,-8.538335487663078,0],[116.85187594835843,-8.538347792441135,0],[116.85187647618858,-8.53834808028278,0],[116.8521989878297,-8.538523964060571,0],[116.85241000954906,-8.53865499210174,0],[116.85248929234079,-8.53866503631002,0],[116.85254296076424,-8.538671836166964,0],[116.85258398464866,-8.538677033811503,0],[116.85271611715648,-8.538679671890542,0],[116.85281000644889,-8.53868154736108,0],[116.85281017818755,-8.538681551044395,0],[116.85281078881422,-8.538681563035107,0],[116.85298102642663,-8.53868496263037,0],[116.85298108548305,-8.538684982552386,0],[116.85303624222186,-8.538703947905839,0],[116.85306311282673,-8.538713186993293,0],[116.85324301462697,-8.538775042560504,0],[116.85352326925921,-8.538888788962945,0],[116.85466700296693,-8.539352991895713,0],[116.85466703113154,-8.539353003665136,0],[116.8546692630403,-8.539352494348,0],[116.85473910014846,-8.53933656826463,0],[116.85482499408597,-8.539316980320349,0],[116.85517154923411,-8.53917858054484,0],[116.8552091951019,-8.539163546875525,0],[116.85521175887058,-8.539162523002565,0],[116.85544601692723,-8.539068970042228,0],[116.8556724653196,-8.538920781424304,0],[116.85571298597078,-8.53889426488382,0],[116.85625896262302,-8.538536973689078,0],[116.85672497378079,-8.538248028172893,0],[116.85696939818887,-8.5381420416685,0],[116.85696977444147,-8.538141878992208,0],[116.85704796593994,-8.538107974448607,0],[116.85706248739965,-8.538098465068481,0],[116.8574740351061,-8.537828960377439,0],[116.85764722556374,-8.537704972452936,0],[116.85778889288687,-8.537603551726633,0],[116.8577889746894,-8.537603492962289,0],[116.85778928099391,-8.537603274178752,0],[116.85798802722343,-8.537460989622856,0],[116.85812833793041,-8.537346685976726,0],[116.85818612429158,-8.537299611032262,0],[116.85847902707496,-8.53706099760398,0],[116.85876059997156,-8.536803112456424,0],[116.8587675236672,-8.53679677061524,0],[116.85905001878962,-8.536538040754069,0],[116.85925534467665,-8.536348442026313,0],[116.85925594369432,-8.536347888672246,0],[116.8595319670089,-8.536093009386333,0],[116.85975613171001,-8.53585165012779,0],[116.85977154701095,-8.535835053079667,0],[116.85989603383699,-8.53570101708366,0],[116.86012090311883,-8.535417466117702,0],[116.8601708465506,-8.535354489135129,0],[116.86017315017702,-8.53535158461968,0],[116.86017320199457,-8.53535152041682,0],[116.86017600379384,-8.535348006428661,0],[116.8601760256121,-8.535347978396132,0],[116.86017606924669,-8.535347927758265,0],[116.86051958045039,-8.534996450307384,0],[116.86051998677645,-8.53499603437032,0],[116.86052644379993,-8.534975947110349,0],[116.8605330363673,-8.534955438388629,0],[116.86059297438894,-8.534768977779807,0],[116.86055663401764,-8.534698830273527,0],[116.8605501742754,-8.534686360831799,0],[116.86053599444345,-8.534658989217121,0],[116.86034132358519,-8.534457802635945,0],[116.86032897215972,-8.53444503709716,0],[116.86032156804107,-8.534435844419054,0],[116.86019199238729,-8.534274971623816,0],[116.86019270139565,-8.53425430701648,0],[116.86019298977129,-8.534245911284945,0],[116.86019600579795,-8.534158041930274,0],[116.8602720308946,-8.53402404530559,0],[116.86037018623595,-8.533940825115744,0],[116.86037387383209,-8.533937698582875,0],[116.86042897689073,-8.533890981415427,0],[116.86065763339845,-8.533761539633678,0],[116.86093752083303,-8.53360309608801,0],[116.86111877676491,-8.533500487967437,0],[116.8614569629563,-8.533309042370258,0],[116.86145747902877,-8.533309179138433,0],[116.86145761804116,-8.533309216273766,0],[116.86153706502351,-8.53333032830309,0],[116.8615507718346,-8.533333970305952,0],[116.86161099876247,-8.533349973012681,0],[116.86229702117922,-8.533587970750743,0],[116.86229944853511,-8.533587106882926,0],[116.862340058354,-8.533572648836355,0],[116.86241197387795,-8.533547043623713,0],[116.86243371557075,-8.53352659903387,0],[116.862436224332,-8.533524240912442,0],[116.8624362470564,-8.533524219211795,0],[116.86253002381694,-8.533436032856827,0],[116.86263985721533,-8.53335134907287,0],[116.86264037711497,-8.533350948550703,0],[116.86264850554807,-8.533344681235096,0],[116.86269603274438,-8.53330803660269,0],[116.86286200217123,-8.533292992397335,0],[116.8630485828472,-8.533283019855395,0],[116.86304892723768,-8.53328300188642,0],[116.86364702923863,-8.533251035785486,0],[116.86408896734086,-8.532987033165533,0],[116.86426710481987,-8.532850163427446,0],[116.86432922068124,-8.532802436883943,0],[116.86433060767877,-8.532801370929416,0],[116.86461097460172,-8.532585956721109,0],[116.8652529773533,-8.532080017592035,0],[116.86540387761569,-8.531940977836424,0],[116.86541413335767,-8.531931528161701,0],[116.86541438877433,-8.531931292168247,0],[116.86550698584027,-8.53184597111316,0],[116.86568786968766,-8.531676417398996,0],[116.86569076472225,-8.531673703909604,0],[116.86595399637388,-8.531426963443531,0],[116.86627317400665,-8.53122955428878,0],[116.86635389312455,-8.531179630388001,0],[116.8663539412939,-8.531179600555134,0],[116.86635575991403,-8.531178475947389,0],[116.86636303439475,-8.531173976611832,0],[116.86636309981607,-8.53117398296606,0],[116.86636390031862,-8.531174061031281,0],[116.86652801698723,-8.531190041758075,0],[116.86672092071242,-8.531238130424617,0],[116.86675317809647,-8.53124617191339,0],[116.86697701365159,-8.531301972235815,0],[116.86701022025025,-8.531313642999505,0],[116.8670214853637,-8.531317602366434,0],[116.86705402963285,-8.53132903772184,0],[116.86705502034404,-8.53132825383459,0],[116.86705521030633,-8.53132810284331,0],[116.86709904611233,-8.531293354999182,0],[116.86710247179253,-8.531290639871738,0],[116.86713602237093,-8.531264043734456,0],[116.86758497841429,-8.530843044838374,0],[116.86772495245475,-8.530778222465809,0],[116.86784160108778,-8.530724203030198,0],[116.86801140288483,-8.530645567696277,0],[116.86805774913692,-8.530624103604886,0],[116.86805785637576,-8.530624053892247,0],[116.86805798996971,-8.530623992429677,0],[116.86805935959462,-8.530623188768985,0],[116.86809426911407,-8.530602732047619,0],[116.86824399529368,-8.530514992030264,0],[116.86856796801003,-8.530325007857908,0],[116.86872702662995,-8.530133972670745,0],[116.86876528988482,-8.530031102651682,0],[116.86876696971699,-8.530026586000892,0],[116.86880697189865,-8.529919039244305,0],[116.86887470029419,-8.529759743785526,0],[116.86888527918538,-8.529734861047293,0],[116.86896301893972,-8.529552016820588,0],[116.86911668546108,-8.529271745112645,0],[116.86913109841986,-8.529245457116719,0],[116.86938796461493,-8.52877695587621,0],[116.86945399243068,-8.528508025348945,0],[116.86955500608784,-8.52824697506612,0],[116.86968941371025,-8.528065779673955,0],[116.869690010059,-8.528064975747593,0],[116.86969080714988,-8.528064379025832,0],[116.86987699825373,-8.527924954926428,0],[116.8700071706271,-8.527888217668092,0],[116.8700072260601,-8.527888202309649,0],[116.87001704317082,-8.527885431405906,0],[116.870053989783,-8.527875004603889,0],[116.87005576527193,-8.527875058565549,0],[116.87035099440189,-8.527883967409307,0],[116.87051903155847,-8.5279459692921,0],[116.87061040677193,-8.528029161290164,0],[116.87061959952477,-8.528037530346788,0],[116.87065198490544,-8.528067015230507,0],[116.87069337924632,-8.52815697271047,0],[116.8706967696804,-8.528164341231715,0],[116.87077896732004,-8.52834297335785,0],[116.87083540174628,-8.528432970201665,0],[116.87084183793009,-8.528443233324666,0],[116.87090500100233,-8.52854396102022,0],[116.87120880640748,-8.528851771989773,0],[116.87120902259403,-8.528851990957616,0],[116.8713430037659,-8.52881396375625,0],[116.87134526194909,-8.52881343806877,0],[116.8713455300231,-8.528813375745116,0],[116.8713549380577,-8.528811190807266,0],[116.87142639022873,-8.528794593758526,0],[116.87164003517385,-8.528744968730773,0],[116.87164104916991,-8.528745156303728,0],[116.87164175060809,-8.528745285883417,0],[116.8716890331731,-8.528754029322585,0],[116.87180304789257,-8.528774759919484,0],[116.87181293254896,-8.528776556866244,0],[116.87181458165743,-8.528776856810156,0],[116.8718429972053,-8.528782023821096,0],[116.87198545987496,-8.528800724948463,0],[116.87198593689794,-8.528800787518334,0],[116.87217797817391,-8.528825995828603,0],[116.87258389614657,-8.528828700886,0],[116.87263874042331,-8.529301573387018,0],[116.87266587206874,-8.529424806327754,0],[116.87272515818175,-8.529694092411706,0],[116.87273961726802,-8.529717182552233,0],[116.87274684544792,-8.52972873033543,0],[116.87278569999273,-8.529790788362199,0],[116.87292717321647,-8.53001674725555,0],[116.8729739589437,-8.530091473080617,0],[116.87331171939388,-8.530335459089509,0],[116.87365130897226,-8.530580763302352,0],[116.8737706257812,-8.53066695313099,0],[116.87402404268146,-8.530850010925816,0],[116.87407769158867,-8.530889409739798,0],[116.87407891616814,-8.530890307430333,0],[116.87430800065414,-8.531058536430578,0],[116.87463198766973,-8.531296458302267,0],[116.87495664128474,-8.531505987849025,0],[116.87526651428169,-8.531762424885596,0],[116.87558786738781,-8.532028361107969,0],[116.87566126313612,-8.532089102980203,0],[116.87574490511552,-8.532183192690603,0],[116.8763342587199,-8.532846181223661,0],[116.8766069955661,-8.533173689605722,0],[116.87675400190565,-8.533350218154961,0],[116.87685725657954,-8.533474208552402,0],[116.8774759162475,-8.534460971885446,0],[116.87757680351021,-8.534621886038726,0],[116.87800131489536,-8.53529898128945,0],[116.87802627978924,-8.535338798380362,0],[116.87805049218059,-8.535444876525162,0],[116.87804832742523,-8.535537450797342,0],[116.87799420298573,-8.53563017244502,0],[116.87788354237402,-8.535844331950539,0],[116.87773925101442,-8.535966340043117,0],[116.87757600990159,-8.53607760081321,0],[116.8773857927517,-8.536095464864248,0],[116.8770230835488,-8.536359339567715,0],[116.8767004575473,-8.536526029582062,0],[116.87653452361235,-8.536662390635739,0],[116.87639019778044,-8.536892095963964,0],[116.8763179793283,-8.537179260937506,0],[116.87626739814293,-8.537466434606714,0],[116.87622577059872,-8.537988857433431,0],[116.87619768558963,-8.538486766400109,0],[116.87620545494065,-8.538669559733524,0],[116.87620545674693,-8.538669594106215,0],[116.87622292618653,-8.539343235030652,0],[116.87624012743464,-8.539529557221577,0],[116.87624487139678,-8.539730589406616,0],[116.87619673736641,-8.53988374064673,0],[116.87613840543574,-8.540168474976028,0],[116.87603299217379,-8.54068303142847,0],[116.87597036611248,-8.541041996321002,0],[116.87597749344927,-8.541307648801904,0],[116.87606520033133,-8.541454859999137,0],[116.87622744457916,-8.541580558156053,0],[116.87652650398182,-8.541755158896692,0],[116.87699069332218,-8.54187995513049,0],[116.87713938964339,-8.541957064550273,0],[116.87742939425104,-8.54210745201241,0],[116.87778995680534,-8.542334922862072,0],[116.87782070393996,-8.542366677001306,0],[116.87803332240254,-8.542586265017041,0],[116.87829427436134,-8.54294590727138,0],[116.8784268459342,-8.543077025986722,0],[116.87847328479931,-8.543193704887194,0],[116.87856498043926,-8.54342409001801,0],[116.87862829358576,-8.543739636677792,0],[116.87868052178624,-8.543816287438311,0],[116.87875505954008,-8.543935253609055,0],[116.87876882744537,-8.543957228019956,0],[116.87916054514585,-8.544340755776354,0],[116.87972364055594,-8.544601848700884,0],[116.88013843085068,-8.544690947627926,0],[116.88071056996094,-8.544735352074104,0],[116.88128438841544,-8.54502676224031,0],[116.88188358065196,-8.54547060780392,0],[116.88228735634773,-8.54571660881621,0],[116.88246323040285,-8.545833197208271,0],[116.88255937344299,-8.545924168613569,0],[116.88268915413877,-8.546082163114496,0],[116.88277086004592,-8.546211422422283,0],[116.88281347136633,-8.546292358996787,0],[116.8828345963986,-8.546397667026298,0],[116.88283648997485,-8.546493398416768,0],[116.88283261394166,-8.546590083243927,0],[116.88283689914721,-8.54663244362894,0],[116.88283628735518,-8.546668942089703,0],[116.88283597680856,-8.546697959282985,0],[116.88283563781415,-8.546721934623504,0],[116.88284657070145,-8.546845816781486,0],[116.88287538569992,-8.546964290741338,0],[116.88291141943981,-8.547064818314313,0],[116.88300875233224,-8.547197670559429,0],[116.88310609203731,-8.547305395874302,0],[116.8832863578357,-8.54748494314521,0],[116.88342539159721,-8.547649371386516,0],[116.8834738198002,-8.547718340911189,0],[116.88354044502917,-8.547849233617477,0],[116.88374082433347,-8.54806820971233,0],[116.88379650659468,-8.548122872632247,0],[116.88383432729994,-8.548160001321584,0],[116.88398334291662,-8.548308739686176,0],[116.88403930968181,-8.54836637312944,0],[116.88425000028168,-8.548583334046091,0],[116.88438921817344,-8.54879076691751,0],[116.88439094938327,-8.548793346246157,0],[116.88457910212529,-8.549190632552348,0],[116.88469325040664,-8.549376142009937,0],[116.88477736407864,-8.549495828978868,0],[116.88487953526922,-8.549531758311039,0],[116.88499875354594,-8.549510852088089,0],[116.88510695914783,-8.549471993994658,0],[116.88523319970754,-8.549418183927783,0],[116.88531434871761,-8.549403249779145,0],[116.88545560038341,-8.549403293401422,0],[116.88559083294498,-8.549430255781564,0],[116.88575611109567,-8.549487144273323,0],[116.88587059207123,-8.54951872981141,0],[116.88603257233238,-8.549594920764303,0],[116.8861377469808,-8.549636835013185,0],[116.88620778672617,-8.549653766676059,0],[116.88624534917457,-8.549738785336872,0],[116.88622216024011,-8.549829674628466,0],[116.88617885562876,-8.549919408348728,0],[116.88615596886399,-8.549984094427737,0],[116.88615715788106,-8.55012043441061,0],[116.8861643243132,-8.550278389866744,0],[116.88620032620396,-8.550490201304514,0],[116.88622552625955,-8.550640982812212,0],[116.88627598177361,-8.550755873702116,0],[116.88635888054917,-8.550921030635806,0],[116.88645623686045,-8.550982086857559,0],[116.88659326906034,-8.551025205210431,0],[116.88670866844015,-8.55105036771485,0],[116.8868384885795,-8.551086303720947,0],[116.886946672554,-8.551118644195281,0],[116.88706927700356,-8.5511689392212,0],[116.88724465228341,-8.551246085144227,0],[116.88735679604798,-8.551335626347422,0],[116.8874603384136,-8.55145791619742,0],[116.88756322827096,-8.551617815233984,0],[116.88764614881875,-8.551711174021275,0],[116.88774349818256,-8.551797360443992,0],[116.8878156123135,-8.551847637876339,0],[116.88788317877365,-8.55198357104757,0],[116.88790691023867,-8.552072030888334,0],[116.88792491992223,-8.55214682525859,0],[116.88794292789903,-8.552230594362072,0],[116.88797596411044,-8.552311373823926,0],[116.88802704411779,-8.552350278819933,0],[116.88809915908747,-8.552398164625902,0],[116.88815796627017,-8.55242642191663,0],[116.88822034835115,-8.552457731206548,0],[116.888258207973,-8.552485863938738,0],[116.8883002752833,-8.552512799380935,0],[116.88833573032981,-8.552544519677394,0],[116.88842091815415,-8.552592222862271,0],[116.88854520020068,-8.552672560023845,0],[116.88861792808406,-8.552741259118035,0],[116.88867200585672,-8.552805890595751,0],[116.8887068506709,-8.552864535791537,0],[116.88872727580417,-8.552905225560329,0],[116.88874835472562,-8.552966394952284,0],[116.88877683232167,-8.553121799373576,0],[116.88875674182468,-8.55332458804689,0],[116.88872862998846,-8.553521455174353,0],[116.8886904892421,-8.55362234348493,0],[116.88867937895003,-8.553651731142116,0],[116.88867623785706,-8.553659977731751,0],[116.88863238440155,-8.553775109815447,0],[116.88860110079663,-8.553869634015237,0],[116.88863053389125,-8.553935935398215,0],[116.88867066599155,-8.55399045837009,0],[116.88884329502879,-8.554020248899084,0],[116.88899113940772,-8.554079632945697,0],[116.88911615070376,-8.554122747872066,0],[116.88939792934185,-8.554303526217641,0],[116.88953641564768,-8.554433390071626,0],[116.88967763992022,-8.554535142808167,0],[116.889770794968,-8.554580043930867,0],[116.88985315620621,-8.554606303239716,0],[116.88992105110391,-8.55462795074671,0],[116.88994551694705,-8.55463265220998,0],[116.89017048460553,-8.55467588566669,0],[116.89038386162933,-8.554696886915728,0],[116.89058823866611,-8.554664038905486,0],[116.89075655984962,-8.554595279862493,0],[116.89087866361878,-8.554558598587013,0],[116.89097898292245,-8.554511578703552,0],[116.89105111828145,-8.554493649550633,0],[116.891099207364,-8.554484690161432,0],[116.89116832733922,-8.554499665990733,0],[116.89120137794528,-8.554529590765263,0],[116.89124343805116,-8.554583450996438,0],[116.89127776290196,-8.554622245027346,0],[116.89133055070553,-8.554736045053826,0],[116.89147776725957,-8.55490660542159,0],[116.8915528747342,-8.555002354568483,0],[116.89167005690751,-8.555104099844991,0],[116.89177171898444,-8.55518389597286,0],[116.89210399007088,-8.55528650806088,0],[116.89218692491345,-8.555319635122828,0],[116.89231012692886,-8.555391467308587,0],[116.89235819166947,-8.555466268931617,0],[116.8924122651532,-8.555553039135177,0],[116.89246332170967,-8.555678698707148,0],[116.89251437662176,-8.555810340824756,0],[116.89254740319849,-8.555930011917656,0],[116.89299597068144,-8.556064162978087,0],[116.8940296646539,-8.556148221325675,0],[116.89547211478158,-8.5566870923967,0],[116.89592291794982,-8.556717127609101,0],[116.89653046369384,-8.556825286797439,0],[116.89684223372086,-8.556739932785574,0],[116.89694324721137,-8.556625083639279,0],[116.89702984626513,-8.55646715334652,0],[116.89707314723877,-8.556381007590053,0],[116.89728968168144,-8.555835408086743,0],[116.8974628435938,-8.555648780958883,0],[116.89770811189227,-8.555548330104147,0],[116.89788121136242,-8.555591454923407,0],[116.8981264137389,-8.555735112624847,0],[116.89848701700238,-8.555907521069699,0],[116.89877550609741,-8.556022472732952,0],[116.89920824716587,-8.556166178773886,0],[116.89949379572612,-8.556282391860996,0],[116.8994857776539,-8.556339477312633,0],[116.89958856893574,-8.556698675255902,0],[116.899636228443,-8.556817515586944,0],[116.89969127810514,-8.556920952796093,0],[116.89973814025004,-8.557409826634444,0],[116.89973837587425,-8.55741228791864,0],[116.89973763654785,-8.557421277839646,0],[116.89974006555457,-8.557435215450331,0],[116.89977630564185,-8.557549145732072,0],[116.89977331762469,-8.557553131216691,0],[116.89976061821052,-8.557553130639699,0],[116.89980274071189,-8.557794802724361,0],[116.89991287713585,-8.55811166056432,0],[116.89995826863425,-8.55821348607544,0],[116.90003507321262,-8.558338812124175,0],[116.90014424198463,-8.55851694838573,0],[116.90026642340649,-8.558679217108478,0],[116.90026930513677,-8.558682098775916,0],[116.90071064822102,-8.559123635968586,0],[116.90075518829559,-8.559145826447415,0],[116.90081398407274,-8.559317095069845,0],[116.90082408273895,-8.559373378347848,0],[116.90084418298699,-8.559485400351447,0],[116.90086942399512,-8.559569047697652,0],[116.9008831730279,-8.559639425372701,0],[116.90095794375749,-8.559883467406992,0],[116.90098915264515,-8.560005013315847,0],[116.90099812368348,-8.560039951228473,0],[116.90102207588058,-8.560188082995538,0],[116.90102951208465,-8.560244114125805,0],[116.90102548022685,-8.56035599516442,0],[116.90112576299204,-8.560575017186483,0],[116.9014862235604,-8.56132180039848,0],[116.90157671102399,-8.561744675254065,0],[116.90161876854202,-8.561941220151846,0],[116.90162862556626,-8.561987283976269,0],[116.9016918848425,-8.562282913620157,0],[116.90193208413426,-8.563210355334027,0],[116.90226238006345,-8.564407057129895,0],[116.90259281499829,-8.56506528009105,0],[116.90282670978876,-8.56584535558357,0],[116.90315844573209,-8.566118269094778,0],[116.90370454115023,-8.566262177659437,0],[116.90481637928805,-8.567040253625125,0],[116.9049063881378,-8.567668501625024,0],[116.90497761693908,-8.567726134903323,0],[116.90538717137827,-8.568057520796065,0],[116.90552219192071,-8.568283928383774,0],[116.90554677341589,-8.568325147427462,0],[116.90593609512489,-8.56870680420203,0],[116.90594033405588,-8.568708389063522,0],[116.90594000014863,-8.568709999947517,0],[116.90583251717214,-8.568800788427636,0],[116.90564999987734,-8.56882000130905,0],[116.90528999957706,-8.568869999679851,0],[116.9050200001583,-8.569109999778133,0],[116.90496000016046,-8.569160000019822,0],[116.90410000113549,-8.569969999844174,0],[116.90354000133178,-8.570339999762849,0],[116.90350000131261,-8.570370000214659,0],[116.9029299996882,-8.570749999908815,0],[116.90255999981723,-8.570939999707917,0],[116.90241999904666,-8.571059999795315,0],[116.90228000025802,-8.571299999983747,0],[116.90224999960324,-8.57135999970449,0],[116.90216557835053,-8.57148988125633,0],[116.90209370101086,-8.571600460621056,0],[116.90199000003504,-8.57176000124872,0],[116.90185043940825,-8.571834432001245,0],[116.90183999998865,-8.57184000124221,0],[116.90152000022924,-8.57215000110834,0],[116.90118999867539,-8.572560000970997,0],[116.90118999901101,-8.572702965274072,0],[116.90114354306559,-8.572766842021093,0],[116.90104412964911,-8.572965668039114,0],[116.90104413030896,-8.573068515608767,0],[116.9010441302769,-8.573181063338012,0],[116.90101099292042,-8.573396455567952,0],[116.90096784993135,-8.573500001222595,0],[116.90096000004849,-8.573500001018306,0],[116.90078000006255,-8.573450001335152,0],[116.90029999966464,-8.573159999938827,0],[116.90026999977258,-8.573169999891604,0],[116.9001400002994,-8.57322000117475,0],[116.89994999982392,-8.573349999623366,0],[116.89982000030743,-8.573490001347462,0],[116.89980999960125,-8.573509999678965,0],[116.89979645958395,-8.573591237264765,0],[116.8997447753337,-8.57372045016493,0],[116.89972241987914,-8.573765160612297,0],[116.89960264391692,-8.573959796601814,0],[116.89954189688927,-8.574087363586857,0],[116.89942400977027,-8.574289984276502,0],[116.8993600002419,-8.574399999821127,0],[116.89934000045405,-8.574429999613077,0],[116.8992351441618,-8.574607448810905,0],[116.89918920806355,-8.574672524850188,0],[116.8989700004464,-8.574910001140797,0],[116.8987300004453,-8.57506000127255,0],[116.89866000128978,-8.575100001033846,0],[116.8984400003981,-8.575270000822307,0],[116.89837999863782,-8.57546000013769,0],[116.89829999997937,-8.575600000911011,0],[116.89828000004542,-8.575629999739967,0],[116.89812000002145,-8.575799999764678,0],[116.89786999983444,-8.576090001353789,0],[116.89777999965084,-8.57619000113846,0],[116.89770000031159,-8.576269999915915,0],[116.89753000009298,-8.576530000277685,0],[116.89754437765394,-8.576594704072985,0],[116.89758999984119,-8.576930001165387,0],[116.89757999993107,-8.576970001259312,0],[116.8975400003161,-8.577140001187427,0],[116.89743239741527,-8.577363483261912,0],[116.8974100000947,-8.577409999892538,0],[116.89720999891593,-8.577699999826464,0],[116.89705999979343,-8.577960000754755,0],[116.89701999964215,-8.578069999665814,0],[116.89668999980094,-8.578800001104593,0],[116.89664000004944,-8.578840001312459,0],[116.89641000040653,-8.578960001232993,0],[116.89592000019837,-8.579170001137651,0],[116.89586000015355,-8.579190001244905,0],[116.89563000009436,-8.579220000181012,0],[116.89531000133317,-8.579200001224141,0],[116.89486999890003,-8.579169999622488,0],[116.89435999880833,-8.57920999966414,0],[116.89419000033809,-8.579279999714219,0],[116.89401999998877,-8.579349999687915,0],[116.89371000029983,-8.579529999555607,0],[116.89329000023497,-8.579710001327184,0],[116.89279999996415,-8.579939999954544,0],[116.89155999987618,-8.580409999668202,0],[116.89021999971541,-8.581679000278314,0],[116.89022000000278,-8.581677999870987,0],[116.88840000010138,-8.579779999706904,0],[116.88323000901734,-8.574260010819668,0],[116.88312600043963,-8.574167001145886,0],[116.8830000011047,-8.574369999586743,0],[116.87794803506003,-8.581063854328317,0],[116.873400000221,-8.58709000098368,0],[116.8723800001342,-8.596749999961162,0],[116.87545000040984,-8.598060000234323,0],[116.87270000033818,-8.605470000032078,0],[116.87097799983006,-8.612828000838066,0],[116.87093000022037,-8.612920000287113,0],[116.8709100001507,-8.61314999991127,0],[116.87082999976856,-8.613440000965422,0],[116.87080000025061,-8.613590000991428,0],[116.87028999996116,-8.613820000183258,0],[116.86954999965063,-8.614249999886745,0],[116.86880000019985,-8.614629999798053,0],[116.8682700004106,-8.614900001105324,0],[116.86753000038625,-8.615160001271702,0],[116.86695999877516,-8.615470001334396,0],[116.86634999970026,-8.615829999627776,0],[116.86559999873349,-8.616140000114283,0],[116.86503000001285,-8.616500001207744,0],[116.86471999990468,-8.616649999934895,0],[116.86416999988602,-8.61711999971137,0],[116.86340999972134,-8.617400000969042,0],[116.862100000375,-8.617799999672211,0],[116.86163999879122,-8.617989999789335,0],[116.86090000006654,-8.618319999921244,0],[116.86024000029454,-8.618689999567877,0],[116.85958000134303,-8.619010001354146,0],[116.85907000009671,-8.619080001189825,0],[116.85861000014657,-8.619370000058362,0],[116.85821000021308,-8.619379999580095,0],[116.85819999992117,-8.61938000041138,0],[116.85781799995479,-8.619353999756116,0],[116.85731000012072,-8.619320000263599,0],[116.85651000040284,-8.61920000019777,0],[116.85583000003851,-8.619199999767632,0],[116.85535999883211,-8.619229999837447,0],[116.85495000016708,-8.619210000880528,0],[116.85287000129767,-8.619110000714521,0],[116.8513299997811,-8.619139999726318,0],[116.85041999982379,-8.619100001165709,0],[116.84974999978397,-8.61910999971794,0],[116.84889999969144,-8.619160001292268,0],[116.84721000006131,-8.619189999824878,0],[116.84622999993601,-8.619140000161948,0],[116.84546000135707,-8.619070001200749,0],[116.84516999966071,-8.619070001110693,0],[116.84515000135762,-8.619059999867073,0],[116.84418000037599,-8.619030000756792,0],[116.84346000030052,-8.618920001023085,0],[116.84277000014274,-8.618910000125892,0],[116.84231000004466,-8.61888000118108,0],[116.84199000007101,-8.618939999738824,0],[116.84105999966765,-8.619099999952615,0],[116.84024999990176,-8.619150000724657,0],[116.83946999994754,-8.619230000908427,0],[116.83841999965794,-8.61934999985242,0],[116.83798999987168,-8.619400000820423,0],[116.8368300001467,-8.619450001262635,0],[116.83465000045248,-8.619509999600544,0],[116.833879999806,-8.619580001333134,0],[116.83354000002299,-8.619630000033371,0],[116.8328100002661,-8.619769999935661,0],[116.83223000039723,-8.619949999604163,0],[116.83162000024338,-8.619920000096219,0],[116.83093999875939,-8.619950001139078,0],[116.83060999986866,-8.619940000067151,0],[116.83069000024368,-8.620309999917405,0],[116.83070000130131,-8.620679999651998,0],[116.83065999980738,-8.621340001017483,0],[116.83064999880537,-8.621760001203596,0],[116.83075000002377,-8.622200000045384,0],[116.83080000136152,-8.62262999993456,0],[116.83069000010106,-8.623319999653688,0],[116.83081999967148,-8.623610000101584,0],[116.83085000027805,-8.623739999653498,0],[116.83093000114673,-8.623970000899691,0],[116.831030001206,-8.624209999581513,0],[116.83136000121927,-8.62498000074439,0],[116.83137000004744,-8.624999999623933,0],[116.83141999965393,-8.625100001256328,0],[116.83150999999017,-8.625270000693792,0],[116.83154999866485,-8.625400000052236,0],[116.83154999901151,-8.625670001154024,0],[116.83158923665256,-8.625765912309047,0],[116.831640000117,-8.625889999892305,0],[116.83176000023595,-8.625980001012497,0],[116.83178790890393,-8.625993320589862,0],[116.83220000020214,-8.6261899995916,0],[116.8323399999239,-8.626300000144694,0],[116.83245000001367,-8.626399999807512,0],[116.83246031979557,-8.62641169617992,0],[116.8327499997917,-8.62673999983915,0],[116.83276174063917,-8.626746522949741,0],[116.83284000024577,-8.626790000389255,0],[116.83297000005321,-8.626850000646472,0],[116.8331499986812,-8.626969999728306,0],[116.8331899346181,-8.62709550883738,0],[116.83322000004033,-8.62719000116807,0],[116.83322908941118,-8.627294517354168,0],[116.83324000008757,-8.62742000118013,0],[116.83323999968609,-8.62751000033958,0],[116.83324999965929,-8.62764999955744,0],[116.83324000001508,-8.627820001260995,0],[116.83323000001631,-8.627909999691402,0],[116.83322000001162,-8.6279999999301,0],[116.83322000016754,-8.628010001243547,0],[116.83323000017442,-8.628210000197393,0],[116.8332599996867,-8.628369999873135,0],[116.83328000000786,-8.628439999664641,0],[116.83340999987404,-8.628690001211853,0],[116.8335299996185,-8.629010000331737,0],[116.83364999996775,-8.62929999999667,0],[116.83369999974867,-8.629449999755126,0],[116.83394000042578,-8.629779999585828,0],[116.83386000027066,-8.629870000285905,0],[116.83340999982882,-8.630269999673173,0],[116.83340000033073,-8.63028000026161,0],[116.83334999999168,-8.630380000714267,0],[116.83331000110724,-8.630480000982267,0],[116.83330000032552,-8.630640001348972,0],[116.83338999955575,-8.630949999708754,0],[116.83339000124602,-8.631169999625817,0],[116.83340999973055,-8.63157000108068,0],[116.83345999890248,-8.631840000313131,0],[116.83346999967213,-8.63184999963466,0],[116.83356000016606,-8.631990000071452,0],[116.83357000019694,-8.632009999797027,0],[116.83362999982407,-8.632259999815988,0],[116.83364000003071,-8.632289999946561,0],[116.83360999972976,-8.632440001176512,0],[116.83357999965926,-8.6325499998715,0],[116.83357000026766,-8.632570000868851,0],[116.83356000003695,-8.632649999782604,0],[116.83352999990056,-8.632870000229786,0],[116.833530000353,-8.63301000139745,0],[116.8335300002837,-8.633230001291697,0],[116.83351999895412,-8.633299999794472,0],[116.83351000030397,-8.633480000956682,0],[116.83352000024865,-8.633829999610029,0],[116.83359999969561,-8.634139999877055,0],[116.83364000029314,-8.634289999800826,0],[116.83363000044045,-8.634340001109711,0],[116.83363999994477,-8.634489999774665,0],[116.83365000020754,-8.634519999902624,0],[116.83380000005897,-8.634770000911859,0],[116.83407000104476,-8.635170000192758,0],[116.83410000014464,-8.635309999855028,0],[116.83422999964604,-8.635889999991802,0],[116.83424999961738,-8.635910001307808,0],[116.83442000002782,-8.636159999865285,0],[116.83449000024862,-8.63634000120118,0],[116.83445999974775,-8.636480000252169,0],[116.83448000128125,-8.636680000706288,0],[116.83446999870046,-8.637170000847073,0],[116.83445999962565,-8.637310001290192,0],[116.83451000001949,-8.637519999715389,0],[116.83464999893049,-8.637910000825386,0],[116.83466999869002,-8.63795999971471,0],[116.83475999993522,-8.638090001265278,0],[116.83495999990105,-8.638409999963145,0],[116.8352300000942,-8.638810001134733,0],[116.83527000044134,-8.639160000814018,0],[116.83534999996934,-8.639530001291364,0],[116.83545000010591,-8.639800000870627,0],[116.83548000011913,-8.639899999697194,0],[116.8354899990545,-8.639940001081706,0],[116.83558999999246,-8.640110000204164,0],[116.83569999864604,-8.640299999871651,0],[116.8357000002014,-8.640330001083266,0],[116.8357899999858,-8.640560001000841,0],[116.83583000004423,-8.64070000117513,0],[116.83585000025649,-8.64084000091905,0],[116.83584000037462,-8.641049999679515,0],[116.83584000042737,-8.64126000000771,0],[116.83587999903413,-8.641330000063974,0],[116.83616000128175,-8.641649999824885,0],[116.83624999864465,-8.641670000207366,0],[116.83629031871406,-8.641677753818726,0],[116.83629527934055,-8.641684699959022,0],[116.83642577628979,-8.641721984035279,0],[116.83653762899417,-8.64181519489533,0],[116.83679862140346,-8.641908405958167,0],[116.83686047540202,-8.641908406067229,0],[116.8368800000952,-8.641980000118025,0],[116.83686000111234,-8.642130001271196,0],[116.83675000033122,-8.642309999666551,0],[116.83655999892186,-8.64249999958802,0],[116.8364499997339,-8.642720001310058,0],[116.83624999897941,-8.643549999938967,0],[116.83621000030824,-8.6436500013342,0],[116.83602000039573,-8.643949999952357,0],[116.83587999875193,-8.64421999969038,0],[116.83583000131922,-8.64447000006566,0],[116.83580999978194,-8.644570000030704,0],[116.83581000021148,-8.645009999600903,0],[116.83586000033165,-8.645129999614324,0],[116.83598000000961,-8.645499999832625,0],[116.83602000119528,-8.645830001249374,0],[116.83602999982185,-8.645970001192993,0],[116.83545999974197,-8.646960000791623,0],[116.83478000024549,-8.647730000189515,0],[116.83410000026059,-8.648419999631605,0],[116.83323000002873,-8.649090001118768,0],[116.83194000042438,-8.64999999959497,0],[116.83102999980673,-8.650729999696145,0],[116.83046800028907,-8.651262000008238,0],[116.83007000027705,-8.651639999642882,0],[116.82894999980866,-8.652930001143876,0],[116.8281899999223,-8.653970000074937,0],[116.8272699997021,-8.655229999810208,0],[116.82638000028278,-8.656839999996766,0],[116.82538000040293,-8.658349999813758,0],[116.82490000025184,-8.659199999728724,0],[116.82417000033657,-8.660260000770652,0],[116.82320999960511,-8.661059999727469,0],[116.82211999976342,-8.661720000851371,0],[116.82104000030523,-8.662230001297177,0],[116.8194699997543,-8.662850000596013,0],[116.81772000041633,-8.663360001011256,0],[116.81646999873043,-8.663840000104969,0],[116.81495000007179,-8.664689999689523,0],[116.81377000012036,-8.665410001094093,0],[116.81256999877891,-8.66636000124293,0],[116.81163999866702,-8.667280001079884,0],[116.81053999991875,-8.668640000438716,0],[116.8094799999342,-8.670159999700067,0],[116.80909000020445,-8.671240000936994,0],[116.80875000034915,-8.672440001338206,0],[116.80858999976446,-8.672989999555364,0],[116.80847000038884,-8.673689999811941,0],[116.80839000121765,-8.674889999755733,0],[116.80824000005909,-8.676329999561931,0],[116.80802000012925,-8.677639999867289,0],[116.80779999959103,-8.678730000850598,0],[116.80719000022057,-8.679680001289107,0],[116.80658999960934,-8.680330001016541,0],[116.80616000034225,-8.680850000877223,0],[116.80565000040382,-8.681320001049269,0],[116.8049399999663,-8.681850000879828,0],[116.80415000025145,-8.682310000029466,0],[116.80333999995484,-8.682869999867505,0],[116.80249000017095,-8.683340000163103,0],[116.80191999994798,-8.683649999835257,0],[116.80119000004088,-8.684199999934144,0],[116.80007999962152,-8.684970001061185,0],[116.80006429824144,-8.684961049850292,0],[116.79908000001019,-8.684400001231598,0],[116.79647000040535,-8.683129999717757,0],[116.79371000028925,-8.68154999968185,0],[116.79036999969308,-8.679479999762297,0],[116.78793000129501,-8.677760000098594,0],[116.78666627809552,-8.676898767559006,0],[116.78483034514645,-8.675647556693646,0],[116.7835545167913,-8.674657263230454,0],[116.78323999875724,-8.674410000176596,0],[116.7815499998587,-8.673210000936812,0],[116.77939000018793,-8.671940001085105,0],[116.77886999989107,-8.671750001119264,0],[116.7776300000206,-8.671420001151942,0],[116.77668000012461,-8.671329999909606,0],[116.77548000019979,-8.671770001105013,0],[116.77450000031388,-8.672400001247265,0],[116.7732299999881,-8.673329999988502,0],[116.77295607426939,-8.673545228251777,0],[116.772952300159,-8.673548192826345,0],[116.77287897965445,-8.673458993598835,0],[116.77284636462024,-8.673418636314436,0],[116.7727989875873,-8.67336001254888,0],[116.77253045539408,-8.673148001902478,0],[116.77250897788348,-8.67313104477247,0],[116.77241996378483,-8.673082617204797,0],[116.77239812871855,-8.673070737819284,0],[116.77239722183963,-8.673070244316436,0],[116.77219097599071,-8.67295803707897,0],[116.77190680830537,-8.672855395505861,0],[116.77190661018798,-8.672855323930603,0],[116.77186372958644,-8.672839835579797,0],[116.77181073954988,-8.672820695975823,0],[116.77180602017589,-8.672818991757326,0],[116.77108197265053,-8.672679019305356,0],[116.77050603174878,-8.6726359749269,0],[116.77033299009236,-8.67262304392185,0],[116.77033267375693,-8.672623053681283,0],[116.7702080022201,-8.672626782173925,0],[116.77015102824251,-8.672628486366978,0],[116.77000101170628,-8.672632971088829,0],[116.76943900492918,-8.672756978031442,0],[116.76938710988799,-8.672775890008953,0],[116.76937483757087,-8.672780362673473,0],[116.76937438933756,-8.672780526120453,0],[116.76910703405012,-8.672877959301726,0],[116.76859396680435,-8.673256022036483,0],[116.76830301579807,-8.673587013029593,0],[116.76827535940942,-8.673633339207809,0],[116.76823496308855,-8.673701006980668,0],[116.76822001557645,-8.673726202291167,0],[116.76821951420229,-8.673727046806277,0],[116.76810800881755,-8.673914985803286,0],[116.7679788415581,-8.674132489946919,0],[116.76797836384114,-8.674133294677288,0],[116.76797497705573,-8.674138999220656,0],[116.76797388387074,-8.674139930209435,0],[116.76783998863229,-8.674254037828625,0],[116.76755000180353,-8.674356957388216,0],[116.76754883462814,-8.674356995571829,0],[116.76754876736129,-8.6743569973399,0],[116.76754858101313,-8.674357003558068,0],[116.76621600939693,-8.674401991928598,0],[116.76621257142119,-8.674402234043042,0],[116.76621247779066,-8.674402240317313,0],[116.76621187237215,-8.674402283363424,0],[116.7660609932078,-8.674412947461727,0],[116.76589001796339,-8.67442503193319,0],[116.76579112433868,-8.674462067347674,0],[116.76564129867536,-8.674518175786769,0],[116.76551898197815,-8.674563982327669,0],[116.76549231294706,-8.67457564507593,0],[116.76517597234711,-8.674713981087955,0],[116.76507030318604,-8.674734488419686,0],[116.7649688604542,-8.67475417521302,0],[116.76496868226882,-8.674754210379488,0],[116.76454702822221,-8.674836040933789,0],[116.76436787117072,-8.674869510601688,0],[116.76435871831443,-8.674871220821567,0],[116.76416201643617,-8.674907968386892,0],[116.76367400021627,-8.675007957661508,0],[116.7633649024109,-8.675022908710503,0],[116.76284700137708,-8.675047959037043,0],[116.76229905640326,-8.675092740086367,0],[116.76194097811795,-8.675122003311026,0],[116.76194045183206,-8.675121964993107,0],[116.76189633742362,-8.675118781619997,0],[116.7617825478333,-8.67511056816615,0],[116.7616919911867,-8.675104030780627,0],[116.76001400265841,-8.67471701039931,0],[116.75912762549747,-8.6745321803419,0],[116.75910761659433,-8.674528007843183,0],[116.75907397364433,-8.67452099288771,0],[116.75907347010939,-8.674520915686006,0],[116.75907316835143,-8.674520870269715,0],[116.75900097458435,-8.674510003061302,0],[116.75894598616107,-8.674468007799993,0],[116.75869705605761,-8.674232400239475,0],[116.75868887912513,-8.67422466145064,0],[116.75851698102963,-8.674061963113713,0],[116.7583890742383,-8.673777841233104,0],[116.75835086072212,-8.673692957974975,0],[116.75832297509554,-8.673631016184432,0],[116.7582550105995,-8.673365008969668,0],[116.75818660908907,-8.673249462448196,0],[116.75818631126096,-8.6732489593481,0],[116.75810998193793,-8.67312002365389,0],[116.75807546951728,-8.673094087375473,0],[116.7580740367244,-8.673093010092382,0],[116.75790103495851,-8.672962989181627,0],[116.75749803277462,-8.672806013214878,0],[116.75738415835723,-8.672754208836972,0],[116.7573841074682,-8.672754186191717,0],[116.75738249720405,-8.672753453414323,0],[116.75735663119877,-8.67274168639821,0],[116.7572870236283,-8.672710019340855,0],[116.75715469358748,-8.672640465586102,0],[116.75705156509542,-8.672586261025318,0],[116.75689701871251,-8.672505030205699,0],[116.7566950166389,-8.672389960055348,0],[116.7566438276577,-8.672350477832925,0],[116.75663990185532,-8.672347449721721,0],[116.7566030187573,-8.672319002672856,0],[116.75660080880613,-8.67231930337291,0],[116.7566006306282,-8.672319327681292,0],[116.75657357212978,-8.672323017143938,0],[116.75648002417442,-8.672335772695197,0],[116.75645826646691,-8.672338740107348,0],[116.75640497399158,-8.672346007376227,0],[116.75619403388265,-8.67237499096684,0],[116.75615679638507,-8.672378846663383,0],[116.75615614459481,-8.67237891408595,0],[116.7561561136868,-8.672378917684274,0],[116.75615498100825,-8.67237903454819,0],[116.7559429632582,-8.672220008037602,0],[116.75578003121647,-8.671960994037365,0],[116.75562701886486,-8.67177704494324,0],[116.75543002699682,-8.671565034838624,0],[116.75513801873059,-8.671200038857707,0],[116.75438302364479,-8.67059998144973,0],[116.75430701481133,-8.67049403624416,0],[116.75393699674244,-8.670112001456905,0],[116.75393601932976,-8.670110993195388,0],[116.75375003057573,-8.669693975156731,0],[116.75365302193227,-8.669492969649104,0],[116.75346803240055,-8.669155985587967,0],[116.75333407893663,-8.668987655348669,0],[116.75332191762068,-8.668972372918427,0],[116.75328896490997,-8.668930962752539,0],[116.75307096884633,-8.6686360090851,0],[116.75283400614455,-8.668460957549673,0],[116.75266503258679,-8.668275009762528,0],[116.75229002929296,-8.66806595454892,0],[116.75225188388463,-8.668039633699049,0],[116.75217997330228,-8.66799000958438,0],[116.75205899509646,-8.667423005221783,0],[116.75204106798036,-8.667374813589642,0],[116.75203896285859,-8.667369153565616,0],[116.75197901226389,-8.66720799486408,0],[116.75186499172462,-8.667118029037256,0],[116.75169070029283,-8.66708937015997,0],[116.75167076764053,-8.667086092804206,0],[116.75150001087464,-8.667058015933268,0],[116.75126296941431,-8.66689200586025,0],[116.75106503527533,-8.666751977140862,0],[116.75095830382163,-8.666719182171112,0],[116.75094597240223,-8.666715392348651,0],[116.75090901540533,-8.666704035566495,0],[116.75090838997501,-8.666704117469813,0],[116.75090791544795,-8.666704179572134,0],[116.75089791129137,-8.666705487313372,0],[116.75089769129993,-8.666705516114495,0],[116.75064103581826,-8.66673904015293,0],[116.75062570952741,-8.666736316600167,0],[116.75028602633775,-8.66667595795792,0],[116.75012602461757,-8.66664004082527,0],[116.75012501068677,-8.666640678751097,0],[116.75012471787441,-8.666640863081055,0],[116.75011592805174,-8.666646389357858,0],[116.75001797325312,-8.666707976248329,0],[116.74999997796768,-8.666718002802579,0],[116.74996398542204,-8.666741039908112,0],[116.74985802528369,-8.66681901407537,0],[116.7498556045735,-8.666819169876565,0],[116.74976500473649,-8.666825011621542,0],[116.74976489298014,-8.666824939187002,0],[116.74963615776696,-8.66674168725204,0],[116.74957877222924,-8.666704576217636,0],[116.74949596440707,-8.666651024293373,0],[116.74940497322729,-8.666510798900186,0],[116.74936524695602,-8.666449576857444,0],[116.74911701457313,-8.666067027680292,0],[116.7490583899645,-8.666002942162084,0],[116.7490423717947,-8.665985431052095,0],[116.748999005115,-8.665938024884959,0],[116.74899897513981,-8.665937993207184,0],[116.74898476634559,-8.665934787311759,0],[116.74861797342955,-8.665852010854273,0],[116.74853621723356,-8.665712861380898,0],[116.74853617365147,-8.665712788086365,0],[116.74853608921242,-8.665712644212629,0],[116.74853606379,-8.665712600779102,0],[116.7485310755247,-8.66570411041582,0],[116.74837001023262,-8.665429977422988,0],[116.74772603633355,-8.664615021059094,0],[116.74772600271908,-8.664614994805913,0],[116.74770119099907,-8.664595168606041,0],[116.74751762376656,-8.664448507528514,0],[116.74751702961554,-8.664448033169235,0],[116.74741392991919,-8.664426978449724,0],[116.74728201158499,-8.664400038857405,0],[116.74717305773024,-8.66437279421273,0],[116.7471033040069,-8.664355350589613,0],[116.74702601708552,-8.664336023286694,0],[116.74675996688445,-8.664178039687583,0],[116.74665980337403,-8.664059079110013,0],[116.74664118972774,-8.664036971237746,0],[116.74664074922714,-8.664036448135088,0],[116.74655700782382,-8.66393699165675,0],[116.74637401223059,-8.663655985271106,0],[116.74628902175853,-8.663506798482917,0],[116.74628030318438,-8.663491494604623,0],[116.74624696778542,-8.663432981902547,0],[116.74617802487208,-8.663301989243111,0],[116.74616603059121,-8.6628580435619,0],[116.74620301738435,-8.662694023153472,0],[116.74630997069205,-8.662586026101232,0],[116.74659073984256,-8.662414779256103,0],[116.74659700427227,-8.662410958207067,0],[116.7470680300108,-8.662370031409367,0],[116.74706850624385,-8.662370129412274,0],[116.74745000786987,-8.66244896062874,0],[116.74776997306984,-8.662568000967822,0],[116.74798550159952,-8.66270228296577,0],[116.74799301291822,-8.66270696336522,0],[116.74799330997283,-8.66270723039353,0],[116.74858597861292,-8.663241000685435,0],[116.74870178937103,-8.663519014978721,0],[116.74870301724975,-8.663521962701962,0],[116.74870637763877,-8.663527546684847,0],[116.74882101228744,-8.663718010171966,0],[116.74903300085188,-8.663907967715,0],[116.74908645022381,-8.663929771813875,0],[116.74908647475942,-8.663929781779663,0],[116.74913603206984,-8.66394999679412,0],[116.7491375437868,-8.6639498476365,0],[116.74913757105772,-8.663949844940854,0],[116.74913760014655,-8.6639498422464,0],[116.74915538713259,-8.663948094634684,0],[116.7492295548703,-8.663940810383766,0],[116.7492971985012,-8.66393416404621,0],[116.7493289718177,-8.663931041688995,0],[116.74932900456517,-8.663931004625297,0],[116.74936902632322,-8.663886032963333,0],[116.74943883815382,-8.663807508776424,0],[116.74944386395661,-8.66380185612665,0],[116.74955399586524,-8.66367797782668,0],[116.74971502878425,-8.663511956104092,0],[116.74979063675445,-8.663466761665367,0],[116.74981749559792,-8.663450706883907,0],[116.74983200029888,-8.663442038441403,0],[116.7498766849119,-8.663448031163966,0],[116.74993963546692,-8.663456474408923,0],[116.74999598112903,-8.663464031419702,0],[116.75000002811248,-8.663465027226216,0],[116.7501293661964,-8.663485825234645,0],[116.75015543358558,-8.663490016619779,0],[116.75015548357351,-8.663490024793111,0],[116.75015716589753,-8.663490295438779,0],[116.7502050007982,-8.66349798796071,0],[116.75051570456783,-8.66368862607907,0],[116.75051576453541,-8.663688663203413,0],[116.75061847026683,-8.663751677372726,0],[116.75061901906291,-8.663752014211084,0],[116.75068763265615,-8.663761711071816,0],[116.75078244034093,-8.663775107288728,0],[116.75080997867006,-8.663778998384831,0],[116.75091100631002,-8.66379398605242,0],[116.75104803041374,-8.66389002377505,0],[116.75135514892136,-8.663906524891182,0],[116.75138114274674,-8.663907921188311,0],[116.75138121818888,-8.663907924855447,0],[116.75138200623879,-8.66390796697583,0],[116.75188797535884,-8.663730956130772,0],[116.75239294344885,-8.663531403386136,0],[116.75239403267645,-8.663530972637039,0],[116.75239589121884,-8.663530043092827,0],[116.75239599669362,-8.663529990699162,0],[116.7529199952267,-8.66326797185358,0],[116.75313120625857,-8.663115726116267,0],[116.75313989826905,-8.663109460711924,0],[116.75322796874457,-8.66304597705288,0],[116.75332288474937,-8.662927916507922,0],[116.75332918082285,-8.662920085642629,0],[116.75333122129325,-8.662917547074972,0],[116.75352299442451,-8.662679009379746,0],[116.75385000213352,-8.662230036805267,0],[116.75395521382518,-8.66212281883346,0],[116.75395890303746,-8.66211905841585,0],[116.75395897034504,-8.662118990620367,0],[116.75395900127046,-8.662118958982171,0],[116.75395940057113,-8.662118552206374,0],[116.75395943786344,-8.662118514240642,0],[116.75406098211457,-8.66201503134263,0],[116.75425332980984,-8.66187154119955,0],[116.75425530504072,-8.661870067201447,0],[116.75431736019192,-8.661823774993504,0],[116.75443899777639,-8.66173303326846,0],[116.7545255605869,-8.661672451823572,0],[116.75459606921275,-8.661623105917984,0],[116.75470197261663,-8.661548988079511,0],[116.75482541832662,-8.661450652152928,0],[116.75482997731967,-8.661447020725594,0],[116.75495799104966,-8.661345044287003,0],[116.7554469874456,-8.660981002378053,0],[116.75567501430146,-8.66082804320026,0],[116.7556762380227,-8.66082764599453,0],[116.75567626711594,-8.66082763606343,0],[116.75581303021362,-8.660783257350898,0],[116.75593702512832,-8.66074302217392,0],[116.75638401171135,-8.660664992291894,0],[116.75653180268871,-8.660614220882545,0],[116.75660298658161,-8.660589767344291,0],[116.7566064968632,-8.660588561143333,0],[116.75667803713975,-8.660563983898752,0],[116.75671783619667,-8.660552490192147,0],[116.756720409948,-8.660551747411755,0],[116.75679168404594,-8.660531164325638,0],[116.75690300901164,-8.660499015298486,0],[116.75700203181088,-8.660479997442692,0],[116.757028918582,-8.660442294336683,0],[116.75703058985023,-8.660439950889117,0],[116.75708402766445,-8.660365018424429,0],[116.7570660211267,-8.660160990330708,0],[116.75702035712985,-8.659980410561333,0],[116.7570189962325,-8.659975027816925,0],[116.7570196805595,-8.65997238344232,0],[116.75706798602691,-8.659785964111691,0],[116.75728901087562,-8.659557576274128,0],[116.75729002776737,-8.659556524965533,0],[116.75729005596371,-8.659556496038864,0],[116.7573042278635,-8.659541852752195,0],[116.75730798890595,-8.65953796661781,0],[116.75730830629885,-8.659537708127186,0],[116.75731906674305,-8.659528933898821,0],[116.75732065370859,-8.65952763963666,0],[116.75732070645611,-8.6595275962533,0],[116.75747101885106,-8.659405041733221,0],[116.7575310271383,-8.65938288834971,0],[116.75755822965668,-8.65937284555093,0],[116.75755903063961,-8.659372550281452,0],[116.75758497213062,-8.659362973412383,0],[116.75766783827684,-8.659375936112806,0],[116.75766786645173,-8.659375940653259,0],[116.75766799551127,-8.659375960634428,0],[116.75769538882888,-8.659380246410985,0],[116.7577260168129,-8.659385038051221,0],[116.7579433715114,-8.659486647197255,0],[116.75798988003078,-8.659508389579809,0],[116.75799160290535,-8.659509194786342,0],[116.7581391086068,-8.659578152655758,0],[116.75815667720752,-8.659586365933249,0],[116.75815685076692,-8.659586447449614,0],[116.75815798299303,-8.659586978213014,0],[116.75831654935675,-8.659483037216724,0],[116.75831937740669,-8.65948118383823,0],[116.75863997172758,-8.659271036196067,0],[116.75874080624068,-8.659175529383214,0],[116.75874785402198,-8.659168854870336,0],[116.75878996608176,-8.6591289686842,0],[116.75880270756868,-8.659098057590295,0],[116.75880275490772,-8.659097942746408,0],[116.75880336212197,-8.659096469669954,0],[116.7588320031476,-8.65902698730217,0],[116.75886327484756,-8.658825924582619,0],[116.75886355595694,-8.658824118437888,0],[116.75887399810338,-8.658756979049807,0],[116.75905098126825,-8.658602993326625,0],[116.75920099408808,-8.658547018557881,0],[116.75934108638738,-8.658547000908039,0],[116.75943506268504,-8.658546988574154,0],[116.75944001378126,-8.658546988070317,0],[116.75948864297055,-8.658562858570576,0],[116.75952414407134,-8.658574445154652,0],[116.75952516734671,-8.65857477866062,0],[116.75963297384119,-8.658609960717444,0],[116.75974402210508,-8.658655970954747,0],[116.75971400172506,-8.658364031627086,0],[116.75970650459202,-8.658291043181235,0],[116.75970604296413,-8.658286551960105,0],[116.75969396390391,-8.658168956146454,0],[116.75970997328393,-8.658113218056124,0],[116.75971089609621,-8.658110004883959,0],[116.75973077982539,-8.658040773820083,0],[116.75973079257831,-8.658040730411223,0],[116.75973099663449,-8.658040021397417,0],[116.75986359577504,-8.658067941209799,0],[116.75990201226749,-8.658076030008958,0],[116.7599199108289,-8.658078448166416,0],[116.75995074910574,-8.658082615641412,0],[116.75997598323333,-8.658086025229169,0],[116.7599764928333,-8.65808510384526,0],[116.76007503207204,-8.657907028110985,0],[116.76013603730192,-8.657797009159392,0],[116.76021430510288,-8.657773595944786,0],[116.76021743705114,-8.657772659018644,0],[116.76027299935627,-8.657756038054165,0],[116.76029399718321,-8.657756000561138,0],[116.76030699800233,-8.657755977050442,0],[116.76031002392179,-8.65775597171053,0],[116.76028621371462,-8.657639785031321,0],[116.76028413136339,-8.657629625085619,0],[116.7602669859596,-8.657545957287198,0],[116.76020496900233,-8.657358994358322,0],[116.76024501534174,-8.657206005782246,0],[116.76035096360438,-8.657019958563797,0],[116.76057298221728,-8.656761006564274,0],[116.76062125349308,-8.656700025227938,0],[116.76067931836742,-8.656626669874436,0],[116.7606793756772,-8.65662659754886,0],[116.76083499542925,-8.656430002914147,0],[116.76093291492819,-8.656204226776204,0],[116.76093302324821,-8.656203981719509,0],[116.76093270765374,-8.65620283911603,0],[116.76093134732805,-8.656197921305964,0],[116.76089899788725,-8.65608097133047,0],[116.76076301745013,-8.655876959112442,0],[116.76067199809953,-8.655685001448376,0],[116.76069397036612,-8.655548008751106,0],[116.76073864748987,-8.65547692167682,0],[116.76074629581704,-8.655464752551522,0],[116.76078197526668,-8.65540798198327,0],[116.76085013527435,-8.655351015535768,0],[116.76085077005683,-8.655350484980469,0],[116.76085142757509,-8.655349935444482,0],[116.76085145303884,-8.655349914656483,0],[116.76095302821538,-8.655265024894291,0],[116.76121296522895,-8.655133967873034,0],[116.76158702865871,-8.655037979417106,0],[116.76179302514727,-8.654867007265725,0],[116.76191917575869,-8.654688732895414,0],[116.76194801141347,-8.65464798510824,0],[116.76207200394093,-8.654369978069488,0],[116.76220097616142,-8.654158987116139,0],[116.7622759883176,-8.654104874794493,0],[116.76227601468898,-8.654104855815994,0],[116.76229278964027,-8.654092755643106,0],[116.76233399816314,-8.654063029827629,0],[116.76258499370986,-8.653964974861719,0],[116.76295046646598,-8.653881500038933,0],[116.76296999435337,-8.653877040197475,0],[116.7630554291165,-8.653872556045826,0],[116.76348596885128,-8.653849958890948,0],[116.76384396281736,-8.65380098414831,0],[116.76397230324187,-8.653747300571638,0],[116.76401525399916,-8.653729334383014,0],[116.76401601862328,-8.653729013750558,0],[116.76411002720937,-8.653575969321256,0],[116.76417947366217,-8.653398911953673,0],[116.76418388268414,-8.653387670602982,0],[116.76423396598484,-8.653259979851697,0],[116.76419700131777,-8.653163012606871,0],[116.76390697736711,-8.652628010172155,0],[116.7639260569081,-8.652537716636024,0],[116.7639288556163,-8.652524472595207,0],[116.76396403271434,-8.65235801135131,0],[116.76403854911425,-8.652211561500915,0],[116.76407025185209,-8.652149254299976,0],[116.76407599521973,-8.652137965832571,0],[116.76428596642623,-8.651840025630937,0],[116.76464646340494,-8.651492498115399,0],[116.76464649705655,-8.651492464668912,0],[116.76464699090712,-8.651491989195858,0],[116.76464810103454,-8.651491490584272,0],[116.76487197843774,-8.651391023109044,0],[116.76489484399268,-8.651367216659986,0],[116.76489641111026,-8.651365585871206,0],[116.76492102659505,-8.65133995789055,0],[116.76495333018443,-8.651266968613424,0],[116.76496002937688,-8.65125183289642,0],[116.76500201218936,-8.6511569710641,0],[116.76510196794561,-8.650837983407078,0],[116.76527600257496,-8.650229019930034,0],[116.76538382175089,-8.649889821002283,0],[116.76539612909895,-8.649851100676438,0],[116.76551600857195,-8.649473958201659,0],[116.76567673777735,-8.649034112310833,0],[116.76572451133296,-8.648903376188521,0],[116.76572629404389,-8.648898496496647,0],[116.76572633501529,-8.648898384361408,0],[116.76575497764581,-8.648819999112945,0],[116.76581397163291,-8.648623551131895,0],[116.76581811763135,-8.648609745285523,0],[116.76590977035107,-8.648304544362816,0],[116.76638502077688,-8.64672196476535,0],[116.76637434640571,-8.64665981962051,0],[116.76637430927221,-8.646659604322377,0],[116.76637301686513,-8.646652077937445,0],[116.76637300328022,-8.646651998331501,0],[116.76637299693944,-8.646651963051408,0],[116.76627503514355,-8.646536961549925,0],[116.76601798525827,-8.646254019447086,0],[116.76601410730487,-8.64613984871376,0],[116.76601400999162,-8.646136995801967,0],[116.76609596898032,-8.645829030071043,0],[116.76620421321525,-8.645448626590687,0],[116.76621444535799,-8.645412669166564,0],[116.76625903572942,-8.645255963161159,0],[116.76628396566545,-8.644936022911352,0],[116.76635191054946,-8.644791518625814,0],[116.7663860299541,-8.644718956317249,0],[116.76659297503916,-8.644456010381951,0],[116.76681297883351,-8.644283959241967,0],[116.76685508864355,-8.644240672888065,0],[116.7668671131297,-8.64422831271864,0],[116.76691602416021,-8.644178033138015,0],[116.76697600756215,-8.644014024262074,0],[116.76703100507387,-8.643673033252478,0],[116.76712460624715,-8.643502302503034,0],[116.76712524775527,-8.643501133349911,0],[116.76712840343184,-8.643495378004683,0],[116.7671500063493,-8.643455974006384,0],[116.76716471178773,-8.643438234472105,0],[116.76718098172933,-8.643418608156821,0],[116.76718209689383,-8.643417262910251,0],[116.76738296826711,-8.643174957549123,0],[116.76746205479101,-8.64313884922077,0],[116.76748812178361,-8.643126947098763,0],[116.76752301141988,-8.643111017078253,0],[116.7675688881361,-8.64310096223992,0],[116.76761198590272,-8.643091517165288,0],[116.7677649761404,-8.643057988056313,0],[116.7678990117276,-8.643011043334704,0],[116.76791703422256,-8.642995533609794,0],[116.76795218708679,-8.64296528155365,0],[116.76817099319044,-8.642776984598187,0],[116.76841499535408,-8.642456002548215,0],[116.76855846898196,-8.642258382160161,0],[116.76855865819611,-8.642258121772942,0],[116.76864002941075,-8.642146043103192,0],[116.76894324619197,-8.641852971003075,0],[116.76911802864305,-8.641684035287225,0],[116.76920850315167,-8.641633462946439,0],[116.76949199742951,-8.641474998103073,0],[116.76986497992738,-8.64128196541738,0],[116.76996254036013,-8.64119658220068,0],[116.7699815859191,-8.641179914297759,0],[116.77010460311305,-8.641072251731003,0],[116.77010598994696,-8.641071037793589,0],[116.77025299114094,-8.640901021148553,0],[116.77045865152779,-8.640393389746633,0],[116.77046203319675,-8.640385043058457,0],[116.77046479323651,-8.640373576310672,0],[116.7706570124134,-8.63957496368728,0],[116.77109311920059,-8.637426885705686,0],[116.77110202294867,-8.637383030869852,0],[116.77109978060513,-8.637301732219504,0],[116.77109102212893,-8.636984031685214,0],[116.77103502205215,-8.636510037230508,0],[116.77083698788047,-8.635804987913339,0],[116.77074127930872,-8.635511443035819,0],[116.77073623332821,-8.63549596821103,0],[116.77073614714294,-8.635495702230735,0],[116.77040497134901,-8.63447996825551,0],[116.77024052213694,-8.633283749263216,0],[116.77015298603531,-8.63264700178994,0],[116.77013899469299,-8.631864019429296,0],[116.77020927392023,-8.629674617108074,0],[116.77021003259968,-8.629650970700165,0],[116.77021095079446,-8.629646104028767,0],[116.77027702423676,-8.629295968680502,0],[116.77037481521874,-8.628996642893464,0],[116.77042501504494,-8.628842985051087,0],[116.77069996332281,-8.628267992361431,0],[116.77098205549409,-8.627751834583655,0],[116.77098217195945,-8.627751622090967,0],[116.77101396618353,-8.627693446960578,0],[116.7711169681912,-8.627504981110283,0],[116.77117371462504,-8.627383833689663,0],[116.77118766393227,-8.627354051639747,0],[116.77118776585742,-8.627353835520227,0],[116.77118857580574,-8.62735210565633,0],[116.77127200403852,-8.62717399659977,0],[116.77135590372866,-8.627014308352889,0],[116.77136882648566,-8.626989712201492,0],[116.77146798461067,-8.62680098525831,0],[116.77201599382349,-8.625784021814043,0],[116.77237498797963,-8.625018986370543,0],[116.7723819689421,-8.625000994175974,0],[116.77238197044608,-8.625000000109159,0],[116.77278096366351,-8.624015955635029,0],[116.77279326660586,-8.623984878172395,0],[116.77286318015493,-8.623808279392835,0],[116.77286320837275,-8.623808207952433,0],[116.7728671078809,-8.623798357319895,0],[116.77325600264749,-8.62281600222928,0],[116.77346132855342,-8.622503961680092,0],[116.77346349090182,-8.622500675024174,0],[116.77348299024062,-8.622471040871586,0],[116.77348301025737,-8.622471004702575,0],[116.77350402403815,-8.622433297693194,0],[116.77350404860356,-8.622433254290696,0],[116.77375998039811,-8.621974000149029,0],[116.77404897859682,-8.62144504392454,0],[116.77409470997799,-8.621384248157701,0],[116.77410442801893,-8.62137133008544,0],[116.77410473364093,-8.621370923230995,0],[116.77422801190765,-8.62120703600838,0],[116.77428295549639,-8.621178469174664,0],[116.77429500628256,-8.621172203407287,0],[116.77435500564732,-8.621141003761368,0],[116.77498801999828,-8.620824044922456,0],[116.77557694018351,-8.620348903819933,0],[116.77557699201404,-8.620348861337753,0],[116.77623500376116,-8.61981797503568,0],[116.77703000941712,-8.618919977793222,0],[116.77734998218018,-8.618469986094071,0],[116.77750638270251,-8.618263828773252,0],[116.77753683126296,-8.61822369382204,0],[116.77756098381819,-8.618191856915065,0],[116.77781198859739,-8.617861000897804,0],[116.77805115902012,-8.617594968493618,0],[116.77808297435436,-8.617559581210097,0],[116.77808385470358,-8.617558601217931,0],[116.77830198643879,-8.617315969111452,0],[116.77854778269582,-8.617063955748442,0],[116.77855115930826,-8.617060493379336,0],[116.7785715590282,-8.617039578139433,0],[116.77865697919457,-8.616951997366675,0],[116.77915526383076,-8.616464246164098,0],[116.77927401092673,-8.61634801017661,0],[116.77927403729831,-8.616347984865163,0],[116.77933297063419,-8.616299001813923,0],[116.77989101800974,-8.615743970356814,0],[116.78034800986975,-8.61524096713894,0],[116.78078101807431,-8.614610982018432,0],[116.78106689044522,-8.614272112327956,0],[116.78106696956903,-8.614272019207348,0],[116.78106699775701,-8.614271995705844,0],[116.78107531331547,-8.614264880051357,0],[116.78128201098716,-8.614088018199247,0],[116.78129848128951,-8.614076831407221,0],[116.78130085886835,-8.61407521638059,0],[116.7813380145585,-8.614049977859732,0],[116.78139203458079,-8.613943026337136,0],[116.78146101414079,-8.613886995194443,0],[116.78150703681395,-8.613873998965625,0],[116.7819799872835,-8.613632990080625,0],[116.78266803219223,-8.613112029893923,0],[116.78281913401653,-8.612981553059415,0],[116.78306302411139,-8.612770956281901,0],[116.7831869719757,-8.6126500256656,0],[116.7833240077884,-8.612444999076894,0],[116.78339135702906,-8.61231742171911,0],[116.78340572687456,-8.612290201910959,0],[116.78349401121493,-8.61212297034762,0],[116.78353282181175,-8.612028582774983,0],[116.7835329292039,-8.612028322333275,0],[116.78353972132966,-8.612011803263997,0],[116.78363502216479,-8.611780034387918,0],[116.78382018991363,-8.611379781958272,0],[116.78383271828964,-8.611352700392166,0],[116.78388301012718,-8.611243990705978,0],[116.78394748256095,-8.611143473995675,0],[116.78395090375686,-8.61113814195464,0],[116.7839509446919,-8.611138076852102,0],[116.7839509683424,-8.611138040684525,0],[116.78395099199807,-8.611137995471747,0],[116.78477502557354,-8.609554014350183,0],[116.78522903729272,-8.608466982441321,0],[116.78522908099863,-8.608466837742244,0],[116.7852736361475,-8.608319792813814,0],[116.78530599467611,-8.608212996810426,0],[116.78538402175826,-8.607945923325397,0],[116.78538603235015,-8.607939042845732,0],[116.78548800426778,-8.60759001131101,0],[116.78559300080816,-8.606915974979763,0],[116.78564541671456,-8.606158827152436,0],[116.78564822511305,-8.606118257293916,0],[116.78567399727076,-8.605745989447197,0],[116.78568712125929,-8.605624015651076,0],[116.7856897314365,-8.605599759637192,0],[116.78568973965973,-8.605599681852887,0],[116.78573102465077,-8.605215987665133,0],[116.78588103069188,-8.6047038367909,0],[116.7858897649517,-8.60467401684941,0],[116.78594100676465,-8.604499069207634,0],[116.78594103681499,-8.604498964299799,0],[116.78610596744409,-8.603990998689852,0],[116.78665002482416,-8.60267196215335,0],[116.7866896114497,-8.602559942755384,0],[116.78669008569949,-8.602558599802949,0],[116.78676096271123,-8.602358037788285,0],[116.7867980359526,-8.602263012049068,0],[116.78679941774708,-8.60224608106524,0],[116.78679962089875,-8.60224359102843,0],[116.78680203583693,-8.602213999116481,0],[116.78679494441427,-8.601966725074423,0],[116.78679408239121,-8.601936664613408,0],[116.7867840260347,-8.601586017422829,0],[116.78677498427896,-8.601003979548583,0],[116.78675901087259,-8.600621979229787,0],[116.78675315989892,-8.600545565573086,0],[116.7867530795976,-8.60054452170999,0],[116.78675102701807,-8.600517719580736,0],[116.78671697683166,-8.6000730222314,0],[116.78656797961035,-8.599424747282892,0],[116.78655699511216,-8.599376956188804,0],[116.78649113069422,-8.598954196631434,0],[116.78648190481363,-8.598894980584838,0],[116.78644700442459,-8.598670968053726,0],[116.78642685203697,-8.598582212388875,0],[116.78642684569043,-8.598582185249697,0],[116.78642380592578,-8.598568796634227,0],[116.78639796475854,-8.598454984354666,0],[116.78637574101788,-8.598379536678163,0],[116.78637338439395,-8.598371537584883,0],[116.78634201628212,-8.598265041628867,0],[116.7862755294693,-8.598045488935977,0],[116.78627535983563,-8.598044927133488,0],[116.78622996401019,-8.597895015357837,0],[116.7861470140773,-8.597613991212981,0],[116.78597902777547,-8.597163990310808,0],[116.78592649496599,-8.596959533645771,0],[116.78586701316,-8.596728037841775,0],[116.78584601811743,-8.596418217325013,0],[116.78583020763156,-8.59618490689856,0],[116.78579402771307,-8.59565101960095,0],[116.78600997997809,-8.594220025101336,0],[116.78613099645183,-8.59370299219595,0],[116.78623230465953,-8.593435122533627,0],[116.78623484034266,-8.59342841961992,0],[116.78623487492887,-8.593428327377826,0],[116.78629400385182,-8.59327198361945,0],[116.78637825278074,-8.593057512880744,0],[116.78641730425676,-8.592958101275784,0],[116.7864900230003,-8.592772987628939,0],[116.78651201993118,-8.59270101520128,0],[116.78668065191721,-8.592322065712667,0],[116.78669505724626,-8.592289694493438,0],[116.78669516279965,-8.59228945756696,0],[116.78693700379722,-8.59174599771731,0],[116.78714865927475,-8.591437179510553,0],[116.78714869838437,-8.591437123451746,0],[116.7871490549242,-8.59143660264366,0],[116.78717002708356,-8.591406005181407,0],[116.78755479478184,-8.590899463196715,0],[116.7885289726604,-8.589616975072913,0],[116.7887219655729,-8.589430968109273,0],[116.78950097430746,-8.589105018066608,0],[116.78957502609107,-8.589081003618649,0],[116.78965896862832,-8.58905799043341,0],[116.78977818665008,-8.588966107102221,0],[116.78977953314501,-8.588965069444289,0],[116.78978531643672,-8.588960611491427,0],[116.78990801837264,-8.588866042680595,0],[116.790016485761,-8.588763313609745,0],[116.79005099243709,-8.588730632997814,0],[116.79024698842777,-8.588545006769289,0],[116.79042002434547,-8.588371247052562,0],[116.79048659644558,-8.588304393767887,0],[116.79048901971174,-8.588301961013654,0],[116.7905924430954,-8.588202350537669,0],[116.79067998690222,-8.58811803322531,0],[116.790681548874,-8.588116815680989,0],[116.79091996402336,-8.587930965185299,0],[116.79093254641029,-8.587919035019162,0],[116.79093471954957,-8.587916974789774,0],[116.79094103165552,-8.587910990270593,0],[116.79122503475193,-8.587656029793148,0],[116.79146334162388,-8.587507693074587,0],[116.79146416163167,-8.58750718246263,0],[116.79146419072282,-8.587507164387901,0],[116.79150759112689,-8.58748014895388,0],[116.79163800594138,-8.587398968867438,0],[116.79178200028204,-8.587308645914083,0],[116.79182026160836,-8.587284646061502,0],[116.79198703428068,-8.587180035722483,0],[116.79215776977293,-8.587037604811028,0],[116.79216908661141,-8.587028164072281,0],[116.79225798109914,-8.586954006713873,0],[116.79264703532318,-8.58685401488547,0],[116.79282000865815,-8.586819021420471,0],[116.79283928093716,-8.586808042724279,0],[116.79285696416163,-8.586797968601047,0],[116.7941952963945,-8.585830267438526,0],[116.79419537548961,-8.585830210495784,0],[116.79420254951938,-8.585825023265619,0],[116.79420259315816,-8.585824991630597,0],[116.79462302405845,-8.585520992039,0],[116.79484507304392,-8.585362161067705,0],[116.794849281429,-8.585359150339388,0],[116.79485963465515,-8.585351745087547,0],[116.79486813688311,-8.585345663072928,0],[116.7953059730666,-8.585032478387468,0],[116.79580298482466,-8.584676964784935,0],[116.79607127105534,-8.584510913229124,0],[116.79612560426888,-8.584477283734119,0],[116.79623101614838,-8.58441204008805,0],[116.79651501633657,-8.584291008317068,0],[116.79667301690547,-8.584226975407017,0],[116.7968555224402,-8.584112250465122,0],[116.79685581243895,-8.584112067904133,0],[116.79686605784364,-8.584105627666073,0],[116.79694497926734,-8.584056016312662,0],[116.79703116318439,-8.5840055892663,0],[116.79708347623324,-8.583974981486376,0],[116.79708352805015,-8.583974950759846,0],[116.79729196927747,-8.583852994015402,0],[116.79733646234331,-8.58383242591929,0],[116.79869550429075,-8.583204203383435,0],[116.79869602605793,-8.583203962147923,0],[116.7989742533121,-8.583075305800124,0],[116.79933599118999,-8.582908034262395,0],[116.80080971329453,-8.582290908878228,0],[116.80081880579054,-8.582287101909937,0],[116.8009611515562,-8.582227493093827,0],[116.80100998905091,-8.582207042584168,0],[116.80123565642299,-8.58214329773725,0],[116.80123846041559,-8.582142505914629,0],[116.80134298071395,-8.582112981825484,0],[116.8013437459487,-8.582112898098856,0],[116.80138801960514,-8.58210803194498,0],[116.80138834048037,-8.582107884672794,0],[116.8013883795672,-8.582107866602437,0],[116.80138973124242,-8.58210724679502,0],[116.80147175619791,-8.582069628262767,0],[116.80152310348248,-8.582046080079854,0],[116.80152314347856,-8.582046061105428,0],[116.80152326437468,-8.582046005991685,0],[116.80152397429922,-8.582045680728358,0],[116.80156903497267,-8.5820250147357,0],[116.80198002994854,-8.581794981183549,0],[116.80271196784818,-8.581583017399675,0],[116.80483502591763,-8.58136497543804,0],[116.8049614205849,-8.581353885672428,0],[116.80496173867091,-8.581353857792987,0],[116.80503998601505,-8.581346992206827,0],[116.80528203970758,-8.581302091767538,0],[116.80528948419888,-8.5813007106985,0],[116.80542796844928,-8.581275022434752,0],[116.80553426882815,-8.581250217900834,0],[116.80553835244508,-8.581249264781786,0],[116.8060150130061,-8.58113803933873,0],[116.80602236035291,-8.58113646102032,0],[116.80614099491314,-8.58111097236682,0],[116.80614185982637,-8.58111144858112,0],[116.80614199792174,-8.581111524630545,0],[116.80635301499163,-8.581227741656242,0],[116.80691254555705,-8.581535899514952,0],[116.806917220823,-8.581538474321633,0],[116.80691748702056,-8.58153862098778,0],[116.80703803186029,-8.581605010058036,0],[116.80704620571164,-8.58160619816854,0],[116.80704638381917,-8.581606223584307,0],[116.80705006227952,-8.581606758188853,0],[116.8072859790162,-8.581641037276748,0],[116.8078789946413,-8.581551985064989,0],[116.80825296397646,-8.58147900777644,0],[116.80843518341005,-8.581450700764076,0],[116.80843616042118,-8.58145054928915,0],[116.80851123487508,-8.581438886539487,0],[116.80851698515431,-8.581437993010146,0],[116.80853157321114,-8.581433626875889,0],[116.80853203130349,-8.581433489615552,0],[116.80881710641071,-8.581348166115879,0],[116.80882358059617,-8.581346229119646,0],[116.80928197424191,-8.58120903072308,0],[116.80951417715791,-8.581125883076078,0],[116.80951582051881,-8.581125294137633,0],[116.80955635644449,-8.581110779348574,0],[116.80994400488723,-8.580971968637993,0],[116.81037796524046,-8.580811029398316,0],[116.81081803380474,-8.580723975113463,0],[116.81082065018708,-8.580723938406367,0],[116.81082069744383,-8.580723937524995,0],[116.8108577802804,-8.580723413896132,0],[116.81086070837488,-8.580723372818941,0],[116.81131299084205,-8.580716984012463,0],[116.81141602384002,-8.580724990584692,0],[116.81141902237924,-8.580723998882533,0],[116.81207498472045,-8.58047797623513,0],[116.81223521982233,-8.580380077061031,0],[116.81224801011912,-8.580372262766568,0],[116.81224871917638,-8.580371828939851,0],[116.81239903103392,-8.580279992416711,0],[116.81249040096304,-8.580239363983276,0],[116.81249796815936,-8.580235999211496,0],[116.81249862515239,-8.580236102646555,0],[116.81305702304786,-8.580323992178089,0],[116.81353218608253,-8.580265652336598,0],[116.8135336611117,-8.58026547124002,0],[116.81379803575729,-8.580233011609602,0],[116.81386116518871,-8.580226355824566,0],[116.8138612042682,-8.580226351320787,0],[116.81387402500538,-8.580224999814286,0],[116.81406099517712,-8.580215956073095,0],[116.81406245305095,-8.580215545216967,0],[116.81406250576732,-8.58021552986546,0],[116.8140860680635,-8.58020888572769,0],[116.81445798577158,-8.580104008745115,0],[116.81473356268587,-8.58004344665821,0],[116.81473583486253,-8.580042947547094,0],[116.8147838604988,-8.580032393092743,0],[116.81492196520428,-8.58000204200762,0],[116.81522917092782,-8.57990765917978,0],[116.81523281746928,-8.579906538410864,0],[116.81526357129938,-8.579897089999381,0],[116.81527699042493,-8.579892967268863,0],[116.81531881944522,-8.5798722971949,0],[116.81544846601854,-8.579808232045494,0],[116.81544880598092,-8.579808063966508,0],[116.81544920866352,-8.579807865163682,0],[116.8154609582712,-8.579802059212245,0],[116.81588801436955,-8.579591027759149,0],[116.81628799183609,-8.579342977014877,0],[116.81658115918323,-8.579079449323135,0],[116.81658341390951,-8.579077422450352,0],[116.81660503291415,-8.579057989965884,0],[116.81667145716051,-8.578992915645392,0],[116.81680100701382,-8.578866000887187,0],[116.81687283007302,-8.578833448567808,0],[116.81687382175743,-8.578832999489581,0],[116.81687385175337,-8.578832985935954,0],[116.81697302202043,-8.578788039207573,0],[116.81738398971007,-8.578746994809604,0],[116.81749302799058,-8.578733028972046,0],[116.81766787886305,-8.578586915087135,0],[116.81766800523216,-8.578586810221955,0],[116.81771800026378,-8.578545032129473,0],[116.81807952317467,-8.578158454124063,0],[116.81808043058876,-8.578157483092093,0],[116.81835302910504,-8.577865991765432,0],[116.81861430269697,-8.577682508754313,0],[116.81861798261775,-8.577679924447024,0],[116.81888101682675,-8.5774952046857,0],[116.81912902113591,-8.577321038928584,0],[116.81956100033918,-8.577055002332692,0],[116.81956617621049,-8.577050211674372,0],[116.81956677625867,-8.577049656576536,0],[116.8203250003999,-8.576347983971738,0],[116.82049939065071,-8.576167954264376,0],[116.82052852068419,-8.57613788330488,0],[116.8205285497791,-8.576137852564553,0],[116.82052914258064,-8.576137241381222,0],[116.8207269982977,-8.575932986628603,0],[116.82097429287086,-8.575622850184029,0],[116.82097528673283,-8.575621604209308,0],[116.82100216010933,-8.575587901401265,0],[116.8210889979816,-8.575478996126355,0],[116.82131799438586,-8.57517198604643,0],[116.82134378424176,-8.575148467664434,0],[116.82134392879627,-8.57514833657518,0],[116.82134401698421,-8.575148255208731,0],[116.82139798411248,-8.575099043256195,0],[116.8217602703742,-8.575011469936701,0],[116.8217637558705,-8.575010626719353,0],[116.8217829692692,-8.575005982711586,0],[116.82178416647258,-8.57500520265901,0],[116.82180563614146,-8.574991205092095,0],[116.82183677252209,-8.574970904730906,0],[116.82183725794847,-8.5749705883711,0],[116.82196399240085,-8.574887960568827,0],[116.82224196290687,-8.574531646920688,0],[116.8222438533475,-8.574529223663436,0],[116.8222533301011,-8.574517076634441,0],[116.82229397774901,-8.574464972078696,0],[116.82230200082995,-8.5744540319205,0],[116.82240024131478,-8.574387946377772,0],[116.82244795979763,-8.574355846824188,0],[116.82245216321982,-8.574353019402176,0],[116.82245256865342,-8.574352747326522,0],[116.82280902027286,-8.574112966753452,0],[116.82292498423918,-8.574027016785106,0],[116.8232416947306,-8.573788279481962,0],[116.82332699969035,-8.573723976019293,0],[116.82364799525155,-8.573453996215118,0],[116.82372666691721,-8.573376155217725,0],[116.82372674419749,-8.573376077463818,0],[116.82376159552301,-8.573341594774739,0],[116.823933027261,-8.573171971356622,0],[116.82406132007114,-8.573008387621046,0],[116.82409333528874,-8.572967566502985,0],[116.8240937490158,-8.572967039353149,0],[116.82419102944417,-8.572842999051502,0],[116.82426497061542,-8.572720041674106,0],[116.824443032921,-8.572520986869456,0],[116.82454278732115,-8.57241354835198,0],[116.82454333102649,-8.572412961561998,0],[116.82456028224998,-8.57239470418096,0],[116.82459897438372,-8.572353032178839,0],[116.82476655418516,-8.572052046905634,0],[116.82489798373346,-8.571815989186982,0],[116.8249010132474,-8.571810632151546,0],[116.82504714197866,-8.57155216418424,0],[116.82506702342305,-8.571516998906427,0],[116.82507738302047,-8.571499545351696,0],[116.82507852347659,-8.571497623751508,0],[116.82507857076777,-8.571497545079206,0],[116.82510796888133,-8.571448018434932,0],[116.82533803744332,-8.571353958727109,0],[116.8253549988625,-8.571347024163725,0],[116.82556283624439,-8.570996296950359,0],[116.82602700076326,-8.570213010752889,0],[116.82604199972269,-8.570186971692838,0],[116.82697899626466,-8.568489039700836,0],[116.827249274866,-8.568150839972377,0],[116.82727819386858,-8.568114653780233,0],[116.82772688642513,-8.567553205087775,0],[116.82773902773158,-8.567538012658032,0],[116.82832402914212,-8.566716045442526,0],[116.82848700378668,-8.566393990813173,0],[116.82851096233432,-8.566305700722209,0],[116.82864911721327,-8.565796583556073,0],[116.82865903520813,-8.565760033346487,0],[116.82866006310475,-8.565753693075349,0],[116.8287319966505,-8.565309975380428,0],[116.82881098292785,-8.564625966215448,0],[116.8290930123865,-8.563660976213855,0],[116.8291918433076,-8.563372633467353,0],[116.82919753394042,-8.563356030691981,0],[116.82949299937245,-8.56249400934876,0],[116.8300269847044,-8.561106982616625,0],[116.8302340070519,-8.560468970096746,0],[116.83037071165313,-8.560000805678087,0],[116.83038980023215,-8.559935433985713,0],[116.830391979028,-8.55992797079031,0],[116.83039258143509,-8.55992609597151,0],[116.8303986009637,-8.559907344163303,0],[116.83039903229549,-8.559905999321877,0],[116.83045999135635,-8.55981803373268,0],[116.83059525835226,-8.559741280635068,0],[116.83076496556455,-8.559644984893152,0],[116.83077320090594,-8.559641876021756,0],[116.83084703085927,-8.559614002779115,0],[116.83084801069465,-8.559613484914097,0],[116.83084810431541,-8.559613435206096,0],[116.8308487287559,-8.559613105327092,0],[116.83087467985227,-8.55959938506247,0],[116.83090806424332,-8.559581734261121,0],[116.83091783441921,-8.559576569164756,0],[116.83154503572698,-8.55924497485615,0],[116.83167126063844,-8.559153410336595,0],[116.83168376595431,-8.55914433885678,0],[116.8318910321378,-8.558993988171826,0],[116.83224999591212,-8.558733966048838,0],[116.83248634156494,-8.558577742795032,0],[116.83248757142344,-8.558576930158395,0],[116.83248767868406,-8.558576858747262,0],[116.8324980165865,-8.558570025004391,0],[116.83250036107694,-8.558567984503496,0],[116.83256698131942,-8.55851000697108,0],[116.83303299420027,-8.557966969708792,0],[116.83318679185584,-8.557733064000638,0],[116.83321444802445,-8.557691003684019,0],[116.83334199331533,-8.557497025051681,0],[116.83361503071418,-8.556836972969728,0],[116.8337689749631,-8.556238001935212,0],[116.83386041979284,-8.555739909354251,0],[116.83387600472918,-8.555655019888855,0],[116.83391403486546,-8.555217966220589,0],[116.83387596703294,-8.554359999984317,0],[116.83386879585375,-8.554285696368305,0],[116.8338667377703,-8.554264371267545,0],[116.83386671334557,-8.554264116180521,0],[116.83385000804168,-8.554091036866836,0],[116.83384096474643,-8.553861965209448,0],[116.83384668132437,-8.553344286205947,0],[116.83384668227662,-8.553344185803892,0],[116.83384688468999,-8.553325840279172,0],[116.83384697077763,-8.553318005305389,0],[116.83384707592606,-8.553312318590834,0],[116.83384722481392,-8.553304254798736,0],[116.83385801992053,-8.55271996679882,0],[116.83382633659454,-8.552269649910821,0],[116.83382239436011,-8.55221361640097,0],[116.83382157701058,-8.552202003734932,0],[116.83382153004621,-8.552201337983043,0],[116.83381601814558,-8.552122992740795,0],[116.8337932941834,-8.552013699863664,0],[116.83377675201041,-8.551934137817879,0],[116.83368897486173,-8.551511963777605,0],[116.83364221530658,-8.551244289671763,0],[116.83364099431147,-8.551237298059078,0],[116.83357700674476,-8.550871008639435,0],[116.83354302806025,-8.550608010986522,0],[116.83354202017942,-8.550591551782272,0],[116.83354198679324,-8.550591008147283,0],[116.83354206064445,-8.550590441040676,0],[116.83369798776033,-8.549390019044107,0],[116.8337339802542,-8.548465977001946,0],[116.83368849363013,-8.5477297394333,0],[116.833687029087,-8.547706035674091,0],[116.833643182801,-8.547468695184714,0],[116.8333750049321,-8.546017041030916,0],[116.83318848610506,-8.545265023766998,0],[116.83318577205343,-8.545254081438445,0],[116.8331577979195,-8.545141294760832,0],[116.83299899360036,-8.544501021036101,0],[116.83289199293975,-8.544162026871154,0],[116.83283697705907,-8.544030964290167,0],[116.83275221459964,-8.543761718721235,0],[116.83271955246818,-8.543657967114816,0],[116.83271951254106,-8.543657840463789,0],[116.83270786655329,-8.543620849319995,0],[116.83270607981969,-8.543615172640603,0],[116.8326792162014,-8.543529840611649,0],[116.83262245364088,-8.543349539308563,0],[116.83262103079021,-8.5433450169626,0],[116.83193398025865,-8.54135199913574,0],[116.83171199295913,-8.540779002390613,0],[116.83162813874615,-8.540536892771105,0],[116.83162479902734,-8.540527250868806,0],[116.83153396419338,-8.54026498532797,0],[116.8313470502217,-8.539754417798202,0],[116.83134478396791,-8.53974822803653,0],[116.83134337992568,-8.539744392229958,0],[116.83130697829621,-8.539644958891865,0],[116.83122002333906,-8.539452286577811,0],[116.83121710659546,-8.539445823364888,0],[116.8303890312471,-8.537610962982667,0],[116.82993098897441,-8.536783015803103,0],[116.82982400820563,-8.536578046385085,0],[116.82967874211744,-8.53624687131996,0],[116.82966519843734,-8.536215994756454,0],[116.82946299844588,-8.535755024768319,0],[116.82891232791135,-8.5343578500178,0],[116.82891200388319,-8.534357028563967,0],[116.82877575114402,-8.534079757918944,0],[116.8287145008415,-8.53395511594072,0],[116.82871197976412,-8.53394998615688,0],[116.82860880765428,-8.53376757066578,0],[116.82860707891966,-8.53376451350371,0],[116.82860694817482,-8.533764282791433,0],[116.82860686373473,-8.533764135316165,0],[116.82804400761289,-8.532768980195852,0],[116.82772396882079,-8.532160033334115,0],[116.82739501439391,-8.53155099359891,0],[116.82699517207168,-8.530830802591264,0],[116.82694120247793,-8.530733593376002,0],[116.82663497641029,-8.530182021436442,0],[116.82647518841567,-8.529899856829612,0],[116.82647511668902,-8.529899730163685,0],[116.82644222957695,-8.529841656548552,0],[116.8263489850175,-8.529676998061884,0],[116.82563012926344,-8.528511903881244,0],[116.82518200587194,-8.527785598237893,0],[116.8251649739536,-8.527757991621712,0],[116.82516485321206,-8.52775775186753,0],[116.82516479873951,-8.527757649631383,0],[116.82485199173405,-8.527134034948663,0],[116.82481202263733,-8.527045030394481,0],[116.82479130318006,-8.526994145889866,0],[116.82479128684295,-8.526994105178751,0],[116.82478713078983,-8.52698389842279,0],[116.82477699706445,-8.52695901119962,0],[116.82429801259798,-8.525608970897032,0],[116.82420807042291,-8.525356225066627,0],[116.8241808269831,-8.525279668889594,0],[116.82418080157288,-8.52527959922946,0],[116.82413398654946,-8.525148044333324,0],[116.82390822032055,-8.524661474383457,0],[116.8239081949034,-8.524661420100266,0],[116.8239067779089,-8.524658366676848,0],[116.82390676066208,-8.52465832867888,0],[116.82389244185012,-8.524627468747003,0],[116.823405009919,-8.523576958711839,0],[116.82322547986763,-8.523361236728489,0],[116.82322450543475,-8.523360065826116,0],[116.8231980077641,-8.523328227052689,0],[116.82307297619727,-8.523177991380237,0],[116.82198899686497,-8.521965042736294,0],[116.82186316331372,-8.52178855330341,0],[116.82186314152025,-8.521788523444002,0],[116.82186267569263,-8.521787869256846,0],[116.8218625894279,-8.521787748915104,0],[116.82185803466551,-8.52178135995618,0],[116.8216659819962,-8.521511999363119,0],[116.82125115431549,-8.520925220677434,0],[116.82123697258305,-8.520905159867892,0],[116.82083598828541,-8.520337960191808,0],[116.81998896363696,-8.519062986900124,0],[116.8197767563465,-8.518766955096694,0],[116.81975602679123,-8.518738038584045,0],[116.81975599954974,-8.518738001485767,0],[116.81946385950536,-8.518347383952635,0],[116.81944436166934,-8.518321313640175,0],[116.81912998031072,-8.517900959126136,0],[116.81908409617779,-8.517797139591321,0],[116.81908389013886,-8.517796672759086,0],[116.81907764361026,-8.517782539318613,0],[116.81893201575615,-8.51745303525277,0],[116.81893200850459,-8.51745299816375,0],[116.81892482870315,-8.51741594174405,0],[116.8188829853807,-8.517199977100503,0],[116.81889527792549,-8.517113554298692,0],[116.81889635639534,-8.517105970336106,0],[116.81891200194198,-8.516995970770786,0],[116.81899590690732,-8.51681267836371,0],[116.81899873381425,-8.516806502660213,0],[116.8189987665583,-8.516806431217775,0],[116.81901497761173,-8.51677101836477,0],[116.81913282578407,-8.516603532071244,0],[116.81914398113514,-8.516587678177046,0],[116.81927603682067,-8.516399996723619,0],[116.81953503174746,-8.516112989189557,0],[116.81956007710207,-8.516093428644957,0],[116.81985897139779,-8.51586001277908,0],[116.82007138543126,-8.515760857329045,0],[116.82008563482145,-8.515754205695647,0],[116.82014598955827,-8.515726032258936,0],[116.82041514359868,-8.51562414315415,0],[116.82042201489939,-8.515621542193127,0],[116.82063202983497,-8.515542040712813,0],[116.82187397422602,-8.515192993708576,0],[116.82187524431517,-8.515193345247479,0],[116.82187527429589,-8.515193353401973,0],[116.82187550959848,-8.515193418635807,0],[116.82259000061416,-8.515391010298641,0],[116.82284183998485,-8.515425546074216,0],[116.82286605866642,-8.515428866780063,0],[116.82293941521665,-8.515438925087647,0],[116.82293959238656,-8.515438949590605,0]]],[[[116.79156536488094,-8.51163589633958,0],[116.79156601812929,-8.511635975383555,0],[116.79160400892745,-8.511625956404961,0],[116.79166101810071,-8.51163901032733,0],[116.7918359942423,-8.511718958358635,0],[116.79214735890743,-8.511926068848553,0],[116.79214827809263,-8.511926679895351,0],[116.7921926215059,-8.511956175786883,0],[116.79225398802014,-8.511996994587724,0],[116.79251931993261,-8.51222808361275,0],[116.79252011732079,-8.512228776905634,0],[116.79256399997811,-8.512266996669192,0],[116.79256402177458,-8.512267015675882,0],[116.7925876981599,-8.512297833769406,0],[116.79258810130126,-8.512298358609899,0],[116.79281903069267,-8.512598954616807,0],[116.79292658946345,-8.512798680739152,0],[116.79292684816009,-8.512799161180556,0],[116.79293169350456,-8.512808157469237,0],[116.79304200274741,-8.513012991077833,0],[116.79310612387431,-8.513205457813585,0],[116.7931061429251,-8.513205513904376,0],[116.79310620098269,-8.513205688508895,0],[116.79311396257819,-8.51322898691283,0],[116.79311422902063,-8.513230272386924,0],[116.7931220337685,-8.51326796906809,0],[116.79313944000113,-8.513303691753721,0],[116.79314445366501,-8.513313980697848,0],[116.79314471051978,-8.513314508173517,0],[116.79318100785474,-8.513389000777506,0],[116.79344524862391,-8.513844725076076,0],[116.79344734377273,-8.51384833796395,0],[116.79344737100598,-8.513848385013809,0],[116.79344757616354,-8.513848738792698,0],[116.79352666441908,-8.513985138189653,0],[116.79407102165628,-8.514923961918504,0],[116.79417491794439,-8.51543696220596,0],[116.79418260367252,-8.515474910260396,0],[116.79418261907847,-8.515474986248789,0],[116.79421098405518,-8.515615043687141,0],[116.79423199592017,-8.516393966128838,0],[116.79418167408694,-8.516493564032567,0],[116.79418149307975,-8.516493922129206,0],[116.79416398357833,-8.516528577929858,0],[116.79413899183024,-8.516578041387804,0],[116.79393101106234,-8.516845975829234,0],[116.79384019543922,-8.516931885718408,0],[116.79383464820977,-8.516937134456278,0],[116.79383460730092,-8.516937173329215,0],[116.79365297774602,-8.517108992133531,0],[116.79336902625374,-8.517233009217039,0],[116.79300899221968,-8.517405334314796,0],[116.79300795157715,-8.517405832154532,0],[116.7930070618051,-8.51740625771252,0],[116.79294702171656,-8.51743499509318,0],[116.79281874576083,-8.517534614576983,0],[116.79281866122324,-8.51753468056234,0],[116.79276967223936,-8.517572724146735,0],[116.79276932772659,-8.517572991702815,0],[116.79270101874195,-8.517626041016982,0],[116.79210400824907,-8.518075995281093,0],[116.79183907770243,-8.51821336948321,0],[116.79183757350444,-8.518214149283581,0],[116.79183749352285,-8.518214190848939,0],[116.79180957451399,-8.518228668211368,0],[116.79162001368006,-8.51832696096815,0],[116.79135301026446,-8.518418970820612,0],[116.79058309209464,-8.518572121657398,0],[116.79057502897462,-8.518573725559088,0],[116.79045300078349,-8.518597998758288,0],[116.79035295401046,-8.518600715352674,0],[116.79035178549864,-8.518600747285129,0],[116.79019503410332,-8.518605004400381,0],[116.79010638492773,-8.518591453754814,0],[116.79010523288461,-8.518591277654389,0],[116.78999838815947,-8.518574945686348,0],[116.78978298702812,-8.518542020233085,0],[116.78943003479455,-8.518514970114158,0],[116.78910599787429,-8.518494506753674,0],[116.78889866823701,-8.518481414215525,0],[116.78889061172295,-8.518480905112709,0],[116.78870202369635,-8.518468995822696,0],[116.78848967036998,-8.518351555107868,0],[116.7884895341173,-8.518351479958042,0],[116.7884885694495,-8.518350945762514,0],[116.78816498337954,-8.518171988090991,0],[116.7879615781598,-8.51800406856136,0],[116.78793761224469,-8.517984283446806,0],[116.78793608735533,-8.51798302532332,0],[116.78760900117823,-8.517713002125008,0],[116.78754300164312,-8.517561036416543,0],[116.78750838727284,-8.517462816710264,0],[116.78749822749924,-8.517433985716977,0],[116.78749780474182,-8.517432786988717,0],[116.78743902069057,-8.517265982839472,0],[116.78734796339585,-8.516992036186528,0],[116.78734596955373,-8.516986038991911,0],[116.7873458914946,-8.516985889702392,0],[116.78734441563465,-8.516983062250695,0],[116.78715496663426,-8.516620037335365,0],[116.78714897537219,-8.516618044096605,0],[116.78704397321788,-8.516544010810154,0],[116.78696340597675,-8.516438381321594,0],[116.78696338327772,-8.51643835145979,0],[116.78696247894561,-8.516437166939394,0],[116.78692500639542,-8.516388037864981,0],[116.7868700340534,-8.516212024026302,0],[116.78687285705755,-8.51602005347301,0],[116.78687286368115,-8.516019577695895,0],[116.78687300149502,-8.516010261152378,0],[116.78687400513638,-8.51594198897512,0],[116.78691766691742,-8.515722201304799,0],[116.78691784732553,-8.515721295068518,0],[116.78692363408659,-8.515692164358404,0],[116.78702299291902,-8.515192008612372,0],[116.78711555789653,-8.514885587758252,0],[116.78713801367437,-8.514811250716315,0],[116.7871638711688,-8.514725654183946,0],[116.78716439731227,-8.514723912354578,0],[116.78719397966955,-8.514625984644132,0],[116.78723166808393,-8.514548904365114,0],[116.78723216747925,-8.514547882523818,0],[116.78727456601726,-8.514461168900159,0],[116.78752596502417,-8.51394700633713,0],[116.78777796932215,-8.513333998182834,0],[116.78793896789696,-8.513217969277374,0],[116.78799179904671,-8.513213426614447,0],[116.78799297030588,-8.513213325946204,0],[116.7881250100117,-8.513201972854251,0],[116.78839156294372,-8.513239946222106,0],[116.788392013581,-8.513240010688754,0],[116.78847802940311,-8.513234993053326,0],[116.78848402480578,-8.513231017303765,0],[116.78850698500938,-8.513168991045857,0],[116.78855203085342,-8.513093779758915,0],[116.78855204540515,-8.5130937544401,0],[116.78855453910936,-8.51308959135698,0],[116.78859502496805,-8.513021992791762,0],[116.78881485213394,-8.512680746717415,0],[116.78881570241067,-8.512679426570726,0],[116.78884367696233,-8.512636000979846,0],[116.78902597336179,-8.512353014831632,0],[116.78905955988192,-8.512318766879844,0],[116.78907023749143,-8.512307880365235,0],[116.78907089205791,-8.512307212275307,0],[116.78912897479177,-8.512247986444498,0],[116.7892541902463,-8.512197162056783,0],[116.78925554801387,-8.512196611031559,0],[116.78925565434518,-8.51219656767193,0],[116.78926675005073,-8.512192064621333,0],[116.7893310113505,-8.512165981242713,0],[116.78939249583068,-8.512156693405304,0],[116.7894049330274,-8.512154815108527,0],[116.78940661955035,-8.512154560040978,0],[116.78960899681768,-8.512123989869009,0],[116.78961045773362,-8.51212423126352,0],[116.78961057493413,-8.512124250321994,0],[116.78983299576957,-8.51216100845093,0],[116.78993393400752,-8.512151674915847,0],[116.78993580765928,-8.512151502258995,0],[116.78993674902873,-8.512151415028491,0],[116.78997400762688,-8.51214796991452,0],[116.79018300988763,-8.512070039300244,0],[116.79030434311251,-8.512003347983953,0],[116.7903118414003,-8.511999226482239,0],[116.79031186412249,-8.511999213831128,0],[116.79031320472521,-8.511998477364976,0],[116.79031372733319,-8.511998190007375,0],[116.79031401363136,-8.511998032774148,0],[116.7903709864322,-8.511940999629465,0],[116.79041881119389,-8.511855793685042,0],[116.79041882847375,-8.511855763844979,0],[116.79042297939745,-8.511848367959857,0],[116.79044898087238,-8.511802043984005,0],[116.79050240467173,-8.511726475157205,0],[116.79050699123182,-8.511719987650395,0],[116.79050707034192,-8.511719875531734,0],[116.79050710762348,-8.511719823089283,0],[116.79058402068648,-8.511611029172302,0],[116.79074180465236,-8.511553957986237,0],[116.79074363404429,-8.511553296857274,0],[116.7907532735692,-8.511549809667468,0],[116.79076102281243,-8.511547007091432,0],[116.79076117818772,-8.511547001747884,0],[116.79076142624274,-8.511546993740618,0],[116.79076147258236,-8.511546992861028,0],[116.79098002537332,-8.511539980016963,0],[116.79125796994836,-8.511574042734432,0],[116.79131715100986,-8.5115915219122,0],[116.79133542660709,-8.511596919079865,0],[116.7913362415003,-8.511597160121209,0],[116.79140000032648,-8.511615991296615,0],[116.79150385230612,-8.511628492375314,0],[116.79150389500789,-8.51162849782538,0],[116.79150580660043,-8.511628727695559,0],[116.79156536488094,-8.51163589633958,0]]],[[[116.85614976515805,-8.502380978068977,0],[116.85615101535949,-8.502381034611847,0],[116.85622594445006,-8.50238039565533,0],[116.85622981052109,-8.502380362711087,0],[116.8563950339492,-8.502378954742527,0],[116.85706676912966,-8.50238763400447,0],[116.85708296107045,-8.502387842564373,0],[116.85708310553589,-8.50238784442647,0],[116.85709381051547,-8.5023879831316,0],[116.85709397042697,-8.502387984999366,0],[116.8570939967701,-8.502388001290566,0],[116.85738399619527,-8.502571039810086,0],[116.85740160128312,-8.502590161693956,0],[116.85740246319158,-8.502591097293793,0],[116.85751101189331,-8.5027089991219,0],[116.85746499044049,-8.50276396684653,0],[116.85737497890601,-8.502844962583357,0],[116.85738902413587,-8.502955027329177,0],[116.85747402219668,-8.503146678631811,0],[116.85747430271819,-8.503147311905556,0],[116.85748510235405,-8.503171662190843,0],[116.85750700212412,-8.5032210403635,0],[116.85751181100365,-8.503226794935085,0],[116.85754043087937,-8.503261040064562,0],[116.85754072967481,-8.503261397463291,0],[116.85763401199564,-8.503373015325705,0],[116.85763508111759,-8.503373810798688,0],[116.85776396074323,-8.503469747148277,0],[116.85777902019966,-8.503480957065054,0],[116.8577793518103,-8.503481028644112,0],[116.8577793926937,-8.503481037704333,0],[116.85817202605503,-8.503566018659292,0],[116.85851496929492,-8.50369103375176,0],[116.85859656330827,-8.503739639382703,0],[116.85859658783502,-8.503739653864104,0],[116.85859780054491,-8.503740376119676,0],[116.85860287848352,-8.503743400904005,0],[116.85860293117044,-8.503743432581695,0],[116.85877002082954,-8.50384296713475,0],[116.85892403376533,-8.503911028275917,0],[116.85895571516718,-8.503927086121974,0],[116.85895607399597,-8.503927268062572,0],[116.8589927036049,-8.503945833247151,0],[116.85906598372686,-8.503982975372573,0],[116.85909549663019,-8.504028037083472,0],[116.85910149183664,-8.504037191289239,0],[116.85910158264568,-8.504037329715215,0],[116.85912102121078,-8.504067008956548,0],[116.85912826031667,-8.504178078824161,0],[116.85912828742191,-8.50417849672686,0],[116.85912837325789,-8.504179812849182,0],[116.85913197293509,-8.504235041139825,0],[116.8591477603841,-8.504253340974469,0],[116.85915254938625,-8.504258891999624,0],[116.85915259298072,-8.504258941764556,0],[116.85918199907353,-8.504293026957786,0],[116.85935162619396,-8.504379363279918,0],[116.85935170431875,-8.504379403107475,0],[116.85935328680056,-8.504380208711135,0],[116.85939120822832,-8.504399509708584,0],[116.85939803324987,-8.5044029837608,0],[116.85950701099772,-8.504491015802374,0],[116.859661033893,-8.50474003784876,0],[116.85966698171183,-8.504867009782426,0],[116.85963868575479,-8.504935516824533,0],[116.85963533825534,-8.504943622015452,0],[116.85963528096296,-8.504943761292411,0],[116.85960999056067,-8.505004991567313,0],[116.8595382636595,-8.505055812936162,0],[116.85953791194137,-8.50505606155497,0],[116.85953555261085,-8.505057734083945,0],[116.85952995147375,-8.505061702044486,0],[116.85937002954864,-8.505175013556164,0],[116.85894300485579,-8.505507025937138,0],[116.85893397934845,-8.505604963364224,0],[116.85892518462934,-8.505722746262146,0],[116.85892421220824,-8.505735763905163,0],[116.8589241975972,-8.50573596470552,0],[116.85891598358842,-8.505845965236942,0],[116.85886776206078,-8.505956013671003,0],[116.85867100997103,-8.506405033240446,0],[116.85819899757213,-8.507230980429064,0],[116.85800697139166,-8.507440991074244,0],[116.85770196593138,-8.507635042393947,0],[116.85753746439619,-8.50769794741566,0],[116.85750568509579,-8.507710099894075,0],[116.85750336146562,-8.507710988195804,0],[116.85737001396893,-8.50776198013881,0],[116.85688226392817,-8.507916596812334,0],[116.85687878992233,-8.50791769815609,0],[116.85668200649914,-8.507980078969126,0],[116.85667900138787,-8.507981031236405,0],[116.85668900353018,-8.508065999214134,0],[116.85668900896567,-8.508066042633578,0],[116.85668851751916,-8.508092636533004,0],[116.85668851382152,-8.50809280658324,0],[116.8566850329564,-8.508281003577885,0],[116.85667343789166,-8.508638744450463,0],[116.85667343054007,-8.508638966962069,0],[116.85667246727532,-8.508668674078276,0],[116.85666396329205,-8.508931039751477,0],[116.85666500069476,-8.508960973736876,0],[116.85665621606772,-8.509139910906143,0],[116.85665214373313,-8.509222861114383,0],[116.85665204943477,-8.509224775064556,0],[116.85665204668709,-8.509224833857981,0],[116.85665204576839,-8.50922486099354,0],[116.8566310276241,-8.509652968072222,0],[116.85650791365511,-8.510300179701957,0],[116.85650766967034,-8.510301461330517,0],[116.85648939080681,-8.510397553628374,0],[116.85644403045299,-8.510636011612736,0],[116.85633503216695,-8.511200011629313,0],[116.85615401486585,-8.511813002322294,0],[116.85610010496842,-8.511927366474774,0],[116.85610000312258,-8.511927583524187,0],[116.85609173363142,-8.51194512652881,0],[116.85599797660821,-8.512144024105297,0],[116.85559031698006,-8.512756182436355,0],[116.8555889187411,-8.512758282234605,0],[116.85557780737805,-8.512774966677338,0],[116.85542996487783,-8.512996972826121,0],[116.85533354571497,-8.513106851769567,0],[116.85530743087524,-8.513136612831174,0],[116.8553074008783,-8.513136646287595,0],[116.85530606554805,-8.513138168113798,0],[116.85515000727582,-8.51331601195957,0],[116.85461623351424,-8.51386487928957,0],[116.85461144595989,-8.513869803566495,0],[116.85454106426891,-8.513942174870397,0],[116.85423199079901,-8.514259986720683,0],[116.85408185203092,-8.514366165562537,0],[116.85402973233589,-8.514403023658568,0],[116.85402943877277,-8.514403231590094,0],[116.85402923246049,-8.51440337804639,0],[116.85364803110951,-8.51467296266313,0],[116.8534574406664,-8.514782722432713,0],[116.85345738159296,-8.51478275678257,0],[116.85345541217987,-8.514783890319919,0],[116.8534371585261,-8.514794402209812,0],[116.85310097030505,-8.51498801101836,0],[116.85277582370757,-8.515213898221376,0],[116.85277576099571,-8.515213942519564,0],[116.8527750130014,-8.51521446143607,0],[116.85277494756302,-8.515214507542288,0],[116.85276065841228,-8.515224434766122,0],[116.85268503369295,-8.515276972832483,0],[116.85211302641318,-8.515772970429001,0],[116.85191003433938,-8.516030993322984,0],[116.85188883816028,-8.516127349268409,0],[116.85188882905872,-8.516127389064225,0],[116.85188829112136,-8.516129834706264,0],[116.85187198096928,-8.516203979083265,0],[116.85181569311038,-8.516559253085818,0],[116.85181568218148,-8.516559319112272,0],[116.85181567580473,-8.516559361622711,0],[116.85181232939043,-8.516580479294777,0],[116.85181219549574,-8.516581328596642,0],[116.85181219003181,-8.516581360253097,0],[116.85181218456614,-8.516581396432171,0],[116.85177802268511,-8.516797014121806,0],[116.85177769803772,-8.516797710485482,0],[116.85138997101488,-8.517629042706869,0],[116.85120553612737,-8.5179225171588,0],[116.85119222925994,-8.51794369070799,0],[116.85119218834615,-8.517943756722937,0],[116.85101796880102,-8.518220975172921,0],[116.85089082430687,-8.518336017780207,0],[116.85088992990222,-8.518336826990527,0],[116.85088988990853,-8.518336863156332,0],[116.85088873099994,-8.518337911965348,0],[116.8507560173016,-8.518457994234366,0],[116.8506232972906,-8.51851450162756,0],[116.8506222103899,-8.518514964328597,0],[116.85059190803284,-8.518527865734715,0],[116.85055398827971,-8.51854401056348,0],[116.85053536084283,-8.518545363810137,0],[116.85046577419033,-8.518550416870912,0],[116.8504639377977,-8.518550550034456,0],[116.85027900913823,-8.518563980724235,0],[116.84976583733199,-8.518532342117103,0],[116.84975497855892,-8.518531672184984,0],[116.84973693542294,-8.518530559873113,0],[116.84969596265807,-8.518528033957507,0],[116.84935097441497,-8.518432041078398,0],[116.8491835725239,-8.51833596399983,0],[116.84907560167827,-8.518273996210535,0],[116.84907530825703,-8.518273827854179,0],[116.84904602700236,-8.518257022089239,0],[116.84904528668604,-8.518256470038935,0],[116.8490112166924,-8.51823107481241,0],[116.84871997733956,-8.518013986729885,0],[116.84859697438141,-8.517766962599918,0],[116.84829386493317,-8.517091817882473,0],[116.84829289264758,-8.517089652060374,0],[116.84824951473685,-8.516993032326178,0],[116.8480820240214,-8.516619961718765,0],[116.84808825642693,-8.51649059026744,0],[116.84808826833752,-8.516490340622058,0],[116.84809199421937,-8.516413000320348,0],[116.84809199605196,-8.51641296142633,0],[116.84810881391766,-8.516196052881613,0],[116.84810887236782,-8.516195296718147,0],[116.84812098870682,-8.516039025963007,0],[116.84809882339908,-8.5160099321678,0],[116.84809877435875,-8.516009867927075,0],[116.84809627330388,-8.516006584413502,0],[116.84802498598596,-8.515913012860215,0],[116.84777100212789,-8.515705998818202,0],[116.84772516504897,-8.515673247764111,0],[116.8477242793917,-8.51567261515129,0],[116.84763753586888,-8.515610635386977,0],[116.847178973088,-8.515282985982811,0],[116.84676298615149,-8.514747992252035,0],[116.84609903085159,-8.513955975736316,0],[116.84597364416864,-8.513806003092103,0],[116.8459722537383,-8.513804340921237,0],[116.84579895594122,-8.513597062694023,0],[116.84578802323215,-8.513583986102825,0],[116.84497098958994,-8.512641967668122,0],[116.84481442697276,-8.512461375671478,0],[116.8448106961145,-8.512457072241888,0],[116.84452802662798,-8.512131015867599,0],[116.84452799846716,-8.512131000479352,0],[116.84419102443611,-8.511944044152916,0],[116.84375402483951,-8.511694993044138,0],[116.84204600219014,-8.510613972362272,0],[116.8420426558239,-8.51061164003164,0],[116.84188387695939,-8.510500999541371,0],[116.84188363261335,-8.510500828486034,0],[116.84188243449842,-8.510499994023094,0],[116.84176901783653,-8.510420962605536,0],[116.84166529399401,-8.510287318730738,0],[116.8416649507212,-8.510286876276268,0],[116.84166060532255,-8.510281277281113,0],[116.84158899934476,-8.51018901600368,0],[116.84152549013946,-8.510034588823263,0],[116.84152520058319,-8.510033883172582,0],[116.84151497532166,-8.510009019832808,0],[116.84151511854199,-8.510007636866169,0],[116.84153302823167,-8.509835031970734,0],[116.84163798964299,-8.509662977203593,0],[116.8417987125637,-8.509430359727947,0],[116.84180329103306,-8.509423733200649,0],[116.84180521842683,-8.509420943512167,0],[116.84189497584836,-8.50929103535124,0],[116.84193235066778,-8.50921975917222,0],[116.84193281714795,-8.50921887020963,0],[116.84193342548213,-8.509217709945947,0],[116.84206698337579,-8.508963008986836,0],[116.84245699801582,-8.508488024292374,0],[116.84255301862879,-8.508191979097356,0],[116.84262400640581,-8.507921970569452,0],[116.8427530295588,-8.507716012588896,0],[116.84292001032965,-8.507586034970538,0],[116.84307926654922,-8.5075106235089,0],[116.84307965732378,-8.507510439142544,0],[116.84312775897519,-8.507487661690206,0],[116.8432199809029,-8.507443992915453,0],[116.84322217978337,-8.507443844554246,0],[116.84322275403603,-8.50744380679543,0],[116.84337554440977,-8.507433528663336,0],[116.84338301515061,-8.507433026039047,0],[116.84338352033251,-8.507433029860549,0],[116.84339610808367,-8.5074331271898,0],[116.84342509789084,-8.50743335142265,0],[116.84342689328562,-8.507433364808632,0],[116.8437660147958,-8.507435984076672,0],[116.8439610077263,-8.507323018782781,0],[116.84422780788123,-8.507118968905445,0],[116.84422974471208,-8.507117487157332,0],[116.84422985014248,-8.50711740669644,0],[116.84423060451569,-8.507116829908739,0],[116.84423069358651,-8.507116761200171,0],[116.84423079083695,-8.507116687067706,0],[116.8445009881104,-8.506910038738537,0],[116.84497200719937,-8.506573992328695,0],[116.84524628889955,-8.506455314194064,0],[116.84524701772423,-8.506454998803175,0],[116.84533516261683,-8.50644446713899,0],[116.84545598508984,-8.506430031823221,0],[116.84679574519825,-8.505671673176955,0],[116.84680170058903,-8.505668301626581,0],[116.84709197145362,-8.505503995848438,0],[116.84711359382845,-8.505489120310859,0],[116.84732999834455,-8.505340244635315,0],[116.84733499972452,-8.50533680395801,0],[116.84735801534157,-8.505320970151658,0],[116.84736091366265,-8.505318947855928,0],[116.84736137626706,-8.505318625120344,0],[116.84739803380289,-8.505293042215643,0],[116.84774403290469,-8.505076042708964,0],[116.84804596358066,-8.50489402554903,0],[116.84803198571993,-8.504811002363656,0],[116.84799754459709,-8.504750634174632,0],[116.84799742292923,-8.504750420658134,0],[116.84799665478654,-8.504749074418038,0],[116.84794296562725,-8.5046549669874,0],[116.84800600180102,-8.504586986362273,0],[116.84800650533148,-8.504586560525485,0],[116.8481669868988,-8.504451035083964,0],[116.84817920930641,-8.504439576748277,0],[116.84817942745035,-8.50443937150515,0],[116.84840628764249,-8.504226681099755,0],[116.84840649396983,-8.504226487610786,0],[116.84840697388512,-8.504226038246477,0],[116.84847247846575,-8.504246188636307,0],[116.84847378486886,-8.504246590756111,0],[116.84848743214927,-8.504250789468848,0],[116.84854001806251,-8.5042669657417,0],[116.84861002661117,-8.50437497211292,0],[116.84872399225924,-8.504543042761526,0],[116.84872416218137,-8.504543005741874,0],[116.84875347877143,-8.504536546131474,0],[116.8488919799502,-8.504506031354248,0],[116.84926297342035,-8.504360031272936,0],[116.84949486703744,-8.504241687331275,0],[116.84950202002156,-8.50423803670199,0],[116.84950321750742,-8.504235820162792,0],[116.84956200068265,-8.504127008067563,0],[116.84953952820112,-8.504090205825714,0],[116.84953938836667,-8.504089976925641,0],[116.84953772488234,-8.504087251839069,0],[116.84952598696488,-8.504068028758397,0],[116.849396992155,-8.504015980164489,0],[116.84927699583702,-8.503946027134305,0],[116.84926998092521,-8.503873045152472,0],[116.84938196597759,-8.503740962042887,0],[116.84962572797009,-8.503532195863817,0],[116.84962599064126,-8.50353197164192,0],[116.84974251752485,-8.503509542699275,0],[116.8497435434049,-8.503509345003309,0],[116.84984402784077,-8.503490004232738,0],[116.84989697618948,-8.503546004192804,0],[116.85001518833874,-8.503657199283596,0],[116.85001524101754,-8.503657249957563,0],[116.85001529097194,-8.503657297012362,0],[116.8500339721163,-8.503674869273883,0],[116.8500985813867,-8.503735643285156,0],[116.85009876394747,-8.503735815216114,0],[116.85010001280901,-8.503736989776721,0],[116.85019001583768,-8.503679960362533,0],[116.85020688710803,-8.503613205324482,0],[116.85020690621698,-8.503613132064919,0],[116.85021185020894,-8.503593567180117,0],[116.85021199489674,-8.503592997382047,0],[116.8502120012671,-8.503592971153132,0],[116.85021440993116,-8.503541545945593,0],[116.85021443466938,-8.503541014996156,0],[116.85022801716815,-8.50325104426343,0],[116.85028326624912,-8.503182588092749,0],[116.85028404710654,-8.503181620546258,0],[116.85030443666531,-8.503156355826642,0],[116.85037898079509,-8.503063992198932,0],[116.85037998205321,-8.503064022433298,0],[116.85049426540321,-8.503067471901234,0],[116.85049635605237,-8.503067534212278,0],[116.8508073884583,-8.503076921366976,0],[116.85080748204237,-8.503076924116433,0],[116.85080999790804,-8.503077000156733,0],[116.85087176927053,-8.503199906914901,0],[116.85087755801129,-8.503211424701567,0],[116.85087800923543,-8.50321232216799,0],[116.85089796296211,-8.503252024197723,0],[116.85097797899802,-8.503365396947343,0],[116.85097917223736,-8.503367087970389,0],[116.85097926577151,-8.503367220067545,0],[116.85100750395871,-8.503407230994506,0],[116.85103626430796,-8.503447981120129,0],[116.85103658577424,-8.503448437126176,0],[116.85103701530454,-8.503449045134586,0],[116.85109728281553,-8.50344316342531,0],[116.85110036760918,-8.503442862492482,0],[116.85110040577153,-8.503442858888969,0],[116.85110062020779,-8.503442838166825,0],[116.85110901684375,-8.503442018256846,0],[116.85114398517732,-8.50340860111534,0],[116.85114409424946,-8.503408495327061,0],[116.85115196285062,-8.50340097626653,0],[116.8511582843903,-8.503395100144852,0],[116.85126700757189,-8.503294036983243,0],[116.85127088208311,-8.503213221439019,0],[116.85127089857032,-8.503212877723982,0],[116.85127197666203,-8.50319037252972,0],[116.85127199314576,-8.503190037859987,0],[116.8512719995209,-8.503189998967638,0],[116.85130098294168,-8.503008005978918,0],[116.85140702618719,-8.502738008140092,0],[116.85144166389031,-8.502730057880557,0],[116.85144186743278,-8.502730011827209,0],[116.85144298782656,-8.502729754463807,0],[116.8514793719972,-8.502721404160704,0],[116.85148001261162,-8.50272125696677,0],[116.85148097943966,-8.502721034821334,0],[116.85154559460189,-8.502740721235236,0],[116.85154664299473,-8.502741040934113,0],[116.85155082021394,-8.502742313391645,0],[116.85159896634566,-8.50275698242025,0],[116.85172843300728,-8.502791440977955,0],[116.85176104360859,-8.502800120603625,0],[116.85176779467088,-8.502801917761836,0],[116.8518604453093,-8.502826577954627,0],[116.85186099767736,-8.50282672469867,0],[116.85186198794233,-8.502826988293743,0],[116.85200397780875,-8.502787974757009,0],[116.85207997868689,-8.502769486110681,0],[116.8520855706879,-8.5027681260137,0],[116.85233496626559,-8.50270745619658,0],[116.85234100533422,-8.502705986817382,0],[116.85234703072182,-8.502707027503325,0],[116.85234718062989,-8.50270705288703,0],[116.85249947613241,-8.502733346516157,0],[116.85250003578874,-8.502733442608406,0],[116.85250010302009,-8.502733454392766,0],[116.852622476926,-8.502754581718744,0],[116.85262501173233,-8.502755019566404,0],[116.85276172685495,-8.502790497217868,0],[116.85281482975397,-8.502804277914446,0],[116.85311988236872,-8.502883440012168,0],[116.85312007315429,-8.502883489833303,0],[116.8531219900962,-8.502883987143566,0],[116.8532461741819,-8.502823442239126,0],[116.8532730662491,-8.502810331266282,0],[116.85327332888126,-8.502810202922037,0],[116.85328602336836,-8.502804014390748,0],[116.85330397553369,-8.50279635164775,0],[116.8533044789759,-8.502796136559356,0],[116.8533261696978,-8.502786878728964,0],[116.85347103287074,-8.502725045351657,0],[116.85374599620019,-8.50271899886275,0],[116.85388596976054,-8.502662982333156,0],[116.85409642466438,-8.502597214208425,0],[116.85409684811867,-8.502597081401234,0],[116.85409688810152,-8.502597068752804,0],[116.85409697261052,-8.502597042553107,0],[116.85424816835929,-8.502619702494947,0],[116.85424865624603,-8.502619775040035,0],[116.85425002814284,-8.502619980882013,0],[116.854326008107,-8.50259396338398,0],[116.85452300185705,-8.502524041814219,0],[116.85455100385872,-8.502571980607819,0],[116.8546200079214,-8.502766985056079,0],[116.85504698215927,-8.503168040115344,0],[116.85504912642293,-8.503168087044902,0],[116.85511487718065,-8.503169520782926,0],[116.85517889708208,-8.50317091678011,0],[116.85517894251143,-8.503170917701546,0],[116.85517917329253,-8.503170922310051,0],[116.85518198900148,-8.503170983961208,0],[116.85544800480702,-8.503050985686384,0],[116.85550101781789,-8.502933982708221,0],[116.85553721988708,-8.502858552917562,0],[116.85553753177832,-8.502857901771717,0],[116.85554166455844,-8.502849290370937,0],[116.85563298212598,-8.502659021088173,0],[116.8557149735325,-8.50261526228648,0],[116.85571511621025,-8.50261518545431,0],[116.85571985637486,-8.502612655431808,0],[116.85572081058729,-8.502612146535101,0],[116.85572103232816,-8.50261202812386,0],[116.85573043856228,-8.502613161368195,0],[116.85583700530367,-8.502625997236642,0],[116.85594396592008,-8.502696032986465,0],[116.8561112568933,-8.502795964926493,0],[116.85611163660043,-8.502796192103894,0],[116.8561130246212,-8.50279702116649,0],[116.85617647776425,-8.502766040041621,0],[116.85617889869637,-8.502764857810847,0],[116.85617929127991,-8.502764666195544,0],[116.85619298081427,-8.502757982253861,0],[116.8563530285575,-8.502713999783236,0],[116.85640601408308,-8.502669977765846,0],[116.85642102538253,-8.502597997184765,0],[116.85631994120122,-8.502565301829225,0],[116.85626628620048,-8.502547947607118,0],[116.8562622579872,-8.502546645405486,0],[116.85626211444713,-8.50254659831692,0],[116.85621696466748,-8.502531995190878,0],[116.85595102019303,-8.502464975212257,0],[116.85592998736948,-8.502410977840075,0],[116.85598985247145,-8.50237746001857,0],[116.85599015509565,-8.502377290983416,0],[116.85599595403276,-8.502374044056829,0],[116.85599600583332,-8.50237401513103,0],[116.85614976515805,-8.502380978068977,0]]],[[[116.81899887843139,-8.500221434516462,0],[116.81850599761256,-8.500269033833954,0],[116.81850581508479,-8.50026882570731,0],[116.81850578057728,-8.50026878589197,0],[116.81841599166589,-8.500165986875395,0],[116.81839041874346,-8.500067283651314,0],[116.81838904291929,-8.500061973427218,0],[116.8183861806243,-8.500050926894447,0],[116.81837299103444,-8.5000000211135,0],[116.81836930478907,-8.499986757196861,0],[116.8183677346872,-8.49998110949292,0],[116.81836762946891,-8.499980732255445,0],[116.81836502624007,-8.499971364648273,0],[116.81836102434131,-8.499956967210075,0],[116.81835040940308,-8.49976768423759,0],[116.8183504039976,-8.499767586545989,0],[116.81834905787386,-8.49974357792182,0],[116.81834296967463,-8.499635012662813,0],[116.81838797257925,-8.499366984762608,0],[116.81850998704222,-8.49911599608016,0],[116.8186859770406,-8.49895103506543,0],[116.81884422524523,-8.498833967739124,0],[116.81893202564571,-8.498769014575254,0],[116.81900556196484,-8.498764610238105,0],[116.81920034466056,-8.498752942751855,0],[116.8192151522337,-8.498752055952044,0],[116.81922247833437,-8.49875161703852,0],[116.81935001772148,-8.49874397778039,0],[116.81935023574889,-8.498744046625703,0],[116.81935029298106,-8.498744064742816,0],[116.81935033931197,-8.498744079236772,0],[116.81954702921561,-8.498806017574202,0],[116.81955399389498,-8.498810994804398,0],[116.81957698460616,-8.498826643852368,0],[116.81964295484131,-8.498871548981375,0],[116.81964798860244,-8.498874974953573,0],[116.81965612795237,-8.49888022770271,0],[116.81969300345231,-8.498904024836099,0],[116.81977596431366,-8.499010956815193,0],[116.8197761782833,-8.499011932900624,0],[116.8197939024483,-8.499092702846319,0],[116.81979391423411,-8.499092758028015,0],[116.81980049563208,-8.49912274981572,0],[116.81980060805685,-8.499123262735464,0],[116.81980998104176,-8.499165978009916,0],[116.81980202769695,-8.499350008818153,0],[116.81978246358057,-8.499471716752362,0],[116.81972696411192,-8.499816975859877,0],[116.81968396764834,-8.499897633569397,0],[116.81968381396277,-8.499897922042843,0],[116.81968360662381,-8.499898310894114,0],[116.81963900599187,-8.499981978126172,0],[116.81961899418201,-8.49999996716558,0],[116.81961801880655,-8.500000959886117,0],[116.8194810089704,-8.500119005207676,0],[116.81939745751204,-8.500145747743808,0],[116.81923103701148,-8.5001990141824,0],[116.81922966952874,-8.500199146513204,0],[116.81922960319908,-8.500199152814117,0],[116.81902185850178,-8.50021921553564,0],[116.81899887843139,-8.500221434516462,0]]],[[[116.83511790516957,-8.501251016066645,0],[116.83509898471956,-8.501251027048133,0],[116.83509887388765,-8.501250989915482,0],[116.83484196915673,-8.501165005914581,0],[116.83472323591214,-8.501101012547574,0],[116.8347213010663,-8.501099969708516,0],[116.83472041267231,-8.501099490835417,0],[116.83459898158569,-8.501034043611831,0],[116.83282298405759,-8.499999979873778,0],[116.8327502101527,-8.499957707108427,0],[116.83275006935727,-8.499957625640311,0],[116.83273346459899,-8.499947980749143,0],[116.8326439687825,-8.499895994277814,0],[116.83226800126242,-8.49964199809931,0],[116.83226797855451,-8.499641982712525,0],[116.8322232070398,-8.499604604560108,0],[116.8322221816202,-8.499603748433668,0],[116.83202000692309,-8.49943496205561,0],[116.83193103465725,-8.499357963608228,0],[116.83163504033266,-8.49910277841517,0],[116.83163498129684,-8.499102727736012,0],[116.83143000578848,-8.498926012552552,0],[116.83140411191472,-8.498903529220065,0],[116.83127797582493,-8.498794003947104,0],[116.83127622533998,-8.498793195444145,0],[116.8311120131618,-8.498717364517114,0],[116.83111067963242,-8.498716748858948,0],[116.83075401429002,-8.498552044783958,0],[116.83069423671388,-8.498440552767393,0],[116.83064452256085,-8.498347829575557,0],[116.83064438820078,-8.498347578962555,0],[116.83064069148276,-8.498340683938196,0],[116.83061297971844,-8.498288998848428,0],[116.83059586575449,-8.498203956617381,0],[116.83059573520505,-8.498203304395062,0],[116.83058157314979,-8.498132929483177,0],[116.83058098385669,-8.498130003074952,0],[116.83058118541689,-8.498128262848516,0],[116.83058745563089,-8.498074218148894,0],[116.830587529503,-8.49807358681968,0],[116.83061497705738,-8.497837008296418,0],[116.830788007891,-8.49688996363191,0],[116.83079870561866,-8.496831621620432,0],[116.8307988905,-8.496830617673284,0],[116.8308000426064,-8.496824330790984,0],[116.8308100117252,-8.496769965677522,0],[116.83086103009744,-8.496092000638628,0],[116.83095937583573,-8.496078285437294,0],[116.83096042803115,-8.496078138455614,0],[116.83098586426236,-8.49607459107443,0],[116.83103210542882,-8.496068141941155,0],[116.83103213359627,-8.49606813833526,0],[116.83103226171339,-8.496068120300245,0],[116.83103298134941,-8.496068020209643,0],[116.83104075520274,-8.496071997178683,0],[116.83104252380454,-8.49607290157054,0],[116.8310427944996,-8.496073040080931,0],[116.8310740279878,-8.496089017664005,0],[116.83127083782814,-8.496223128875696,0],[116.83127147909204,-8.496223566041108,0],[116.83127152359884,-8.49622359681438,0],[116.83136897394115,-8.496290001613596,0],[116.83156696889412,-8.496502970055063,0],[116.83161493861488,-8.496568518514566,0],[116.83162861817829,-8.49658721200296,0],[116.83162864178709,-8.496587244576215,0],[116.83180701924297,-8.496830990071995,0],[116.83251903038281,-8.497585971899424,0],[116.83270152152542,-8.497755345650301,0],[116.8327017476705,-8.497755556502762,0],[116.83281663868517,-8.497862188332657,0],[116.83282503059422,-8.49786997721847,0],[116.83305603335232,-8.49798800340821,0],[116.83336398647722,-8.49807497462785,0],[116.83337792695114,-8.498078911676627,0],[116.8333809903124,-8.498079776812705,0],[116.83452196800131,-8.498402005272574,0],[116.83484397532071,-8.498577041758269,0],[116.83495950116917,-8.498677768468935,0],[116.8349597691015,-8.498678001046521,0],[116.83495985901749,-8.49867807977868,0],[116.83497388230118,-8.498690306817435,0],[116.83509396578779,-8.498795006304066,0],[116.83531299510373,-8.499058984575163,0],[116.83547403104934,-8.49933496937119,0],[116.83551299443403,-8.49950201802711,0],[116.83550299064267,-8.4997669866204,0],[116.83550296671461,-8.500000037682277,0],[116.83550262454963,-8.50002687492215,0],[116.83550261045313,-8.500027972110244,0],[116.83550203701398,-8.500073018331724,0],[116.83548699011746,-8.500746025179314,0],[116.83545702577027,-8.500835627849233,0],[116.83545600685301,-8.50083867477771,0],[116.83538901937533,-8.501038990645752,0],[116.83536096960917,-8.501068425734644,0],[116.83536051874776,-8.501068898612766,0],[116.83532271545859,-8.501108569749588,0],[116.83532267364424,-8.501108614958355,0],[116.83518792323511,-8.501250022691782,0],[116.83518767598821,-8.501250282186998,0],[116.83518701696616,-8.501250973872875,0],[116.83517485823265,-8.501250981388793,0],[116.83511798058278,-8.50125101519406,0],[116.83511790516957,-8.501251016066645,0]]],[[[116.87349101161765,-8.492683958059553,0],[116.87358600091332,-8.492716826077782,0],[116.87370406892462,-8.492757678613193,0],[116.87388505741248,-8.492820303645313,0],[116.87391298279405,-8.49282996583785,0],[116.87434796423767,-8.493064966034343,0],[116.87456367346313,-8.493218799489414,0],[116.87456375339886,-8.493218856500597,0],[116.87459903594551,-8.493244018344333,0],[116.87476000965482,-8.49332699662329,0],[116.87476299885441,-8.493326996679489,0],[116.87476321600293,-8.49332699674928,0],[116.87499997696992,-8.493326985031423,0],[116.87500088281016,-8.493327001603571,0],[116.8750085256656,-8.493327145162052,0],[116.87505399393307,-8.493327996435319,0],[116.87553453883619,-8.493328890131233,0],[116.87556692029925,-8.49332895022222,0],[116.87558068423803,-8.493328976325994,0],[116.87558202528861,-8.493328978563248,0],[116.87563327931248,-8.493327096314028,0],[116.87667099080986,-8.49328899169506,0],[116.87732145031963,-8.493287092176445,0],[116.87734197042126,-8.493287032605416,0],[116.87741875253639,-8.493288093359705,0],[116.87743461248742,-8.49328831272246,0],[116.87749198760534,-8.493289105043562,0],[116.87749203485075,-8.493289105962962,0],[116.87763003259982,-8.49329101265791,0],[116.87781989319154,-8.493316615291887,0],[116.87805395665448,-8.493348178057746,0],[116.87805697025777,-8.493348584230832,0],[116.87807503461512,-8.493351020358926,0],[116.87807894125078,-8.493351722592969,0],[116.87807939369364,-8.493351804142353,0],[116.8781360162908,-8.493361981549365,0],[116.87847897893275,-8.49342096097681,0],[116.87858186735039,-8.493504938976479,0],[116.87897399479452,-8.493824997285305,0],[116.87904084871258,-8.493873556095497,0],[116.87905047194276,-8.493880546586581,0],[116.87917503258288,-8.493971021169406,0],[116.8794509759123,-8.494164003354483,0],[116.87948638976106,-8.494188981180868,0],[116.87949885627978,-8.494197774366643,0],[116.87949920872865,-8.49419802322173,0],[116.87954602812437,-8.494231044948146,0],[116.87969093782559,-8.494366858049952,0],[116.87969096325804,-8.494366882480133,0],[116.87969741315813,-8.494372927644884,0],[116.879708812433,-8.494383610964736,0],[116.87976899788912,-8.494440018923413,0],[116.879900979346,-8.494530042396097,0],[116.87992527867002,-8.494537480609722,0],[116.87992591824523,-8.494537677090113,0],[116.87993749873999,-8.494541221898688,0],[116.87994000798355,-8.49454198971442,0],[116.87996647868931,-8.49456148147329,0],[116.87996666490429,-8.494561619019413,0],[116.87996673030675,-8.494561666979719,0],[116.87999296393129,-8.49458098499378,0],[116.88022109318948,-8.494783584261175,0],[116.88023389057675,-8.494794948203113,0],[116.88023447826282,-8.494795470298298,0],[116.88027900434608,-8.494835013807176,0],[116.88037530716814,-8.494925193493597,0],[116.88037535712519,-8.494925240544568,0],[116.88037659697076,-8.494926401438825,0],[116.88040788649633,-8.494955701575144,0],[116.880546989059,-8.495085960565977,0],[116.88061819012097,-8.495160644207294,0],[116.88061821191978,-8.49516066682725,0],[116.88066812288908,-8.49521302100879,0],[116.88069101340102,-8.495237030660245,0],[116.88073388576571,-8.495303720402225,0],[116.88085033477097,-8.495484861276125,0],[116.88090697824084,-8.495572971796237,0],[116.88141902587857,-8.496397982672972,0],[116.88164000360385,-8.496760965885697,0],[116.8818299670614,-8.497115978784839,0],[116.88186284025396,-8.49720555905175,0],[116.88186285659512,-8.497205602474198,0],[116.88186597587654,-8.497214104204236,0],[116.88190998990352,-8.49733404210277,0],[116.88209017954381,-8.498063238353076,0],[116.88209019224847,-8.498063289010666,0],[116.88209020949,-8.498063359569311,0],[116.88209238558156,-8.49807216493423,0],[116.88210297111434,-8.498115003115407,0],[116.8821028593266,-8.498115108007166,0],[116.88210277662238,-8.498115183962753,0],[116.8820334256574,-8.498179761862282,0],[116.88203102722463,-8.498181994423142,0],[116.88186194532705,-8.498268277047385,0],[116.88186166362226,-8.498268420782372,0],[116.88184236866176,-8.498278267081774,0],[116.88169398199555,-8.498353989177497,0],[116.88134202626003,-8.498533031720722,0],[116.88108196726284,-8.498808960104833,0],[116.88104342577229,-8.498874620002775,0],[116.88104316396252,-8.498875065856614,0],[116.88102500726804,-8.498905997081385,0],[116.88096398100794,-8.49900996060918,0],[116.8807743001058,-8.49938700790565,0],[116.88076486591733,-8.499405761372518,0],[116.88076368221157,-8.499408114599825,0],[116.88076365130092,-8.499408175193938,0],[116.88076360584371,-8.499408265633118,0],[116.88064702167095,-8.499640012373822,0],[116.88063199265792,-8.499681415387883,0],[116.88063078684532,-8.499684735551604,0],[116.8806306122476,-8.499685217613113,0],[116.88062197695197,-8.499709005940597,0],[116.88060441132343,-8.499755753049422,0],[116.88060395938345,-8.499756956841633,0],[116.88060201249637,-8.49976213830282,0],[116.88057473152067,-8.499834741163424,0],[116.88055839984939,-8.499878204296119,0],[116.88055009124659,-8.499900315721385,0],[116.88051902559249,-8.499982992082526,0],[116.88050800825278,-8.499999990266293,0],[116.88041663620838,-8.500143572791517,0],[116.88040955577229,-8.500154698157102,0],[116.88040951850198,-8.50015475694017,0],[116.88027698909269,-8.500363014319685,0],[116.88013513096227,-8.5005364895626,0],[116.8801342683843,-8.500537543980155,0],[116.88012608888923,-8.500547547383386,0],[116.8800750013497,-8.500610020267683,0],[116.87944500182057,-8.501362040855351,0],[116.87944305216753,-8.50136436670508,0],[116.87928001923977,-8.501558976659995,0],[116.87927999833595,-8.501558996553195,0],[116.87927797701289,-8.501560968708255,0],[116.87916205719067,-8.501674067848837,0],[116.8791614400687,-8.501674670074848,0],[116.87837499522102,-8.502441971138,0],[116.87661801165397,-8.503869019150454,0],[116.87644822595061,-8.503976713888616,0],[116.87627533757268,-8.504086376727717,0],[116.87617159104917,-8.50415218271074,0],[116.87593698800409,-8.504300991028042,0],[116.8754643680639,-8.504496401410478,0],[116.87531026202907,-8.50456011785629,0],[116.87530941055928,-8.504560469445893,0],[116.87530884533582,-8.504560703538228,0],[116.87530870902803,-8.504560759575446,0],[116.87530754859353,-8.504561239509401,0],[116.87504702598564,-8.504668955192987,0],[116.87504070071152,-8.504670570462729,0],[116.87504037177182,-8.504670654478446,0],[116.87500711705864,-8.5046791445776,0],[116.87500403574768,-8.50467993143409,0],[116.87499997125225,-8.504680969434233,0],[116.87491128205328,-8.504703490884786,0],[116.87453901502114,-8.504798022937905,0],[116.87296696987133,-8.505149031600292,0],[116.8725895107354,-8.505176001599988,0],[116.87258898100961,-8.505176039416835,0],[116.87235126116516,-8.505177036093054,0],[116.87234938217938,-8.505177044521991,0],[116.87212903568377,-8.505177968066931,0],[116.87155096972046,-8.505089965868276,0],[116.87145005761144,-8.505074782565297,0],[116.87066823867372,-8.50495714893058,0],[116.8702420048749,-8.504893016940052,0],[116.87023925567776,-8.50489235842974,0],[116.86995402971634,-8.504824009161563,0],[116.8694774386848,-8.504613039746843,0],[116.86946934065811,-8.504609455090296,0],[116.8691429750487,-8.504464984242054,0],[116.86879948631375,-8.504323050889969,0],[116.8685839901795,-8.504234005857736,0],[116.86852112530923,-8.5041939311141,0],[116.86852033591025,-8.504193427928502,0],[116.86852021418483,-8.504193350097761,0],[116.86825298412906,-8.504022999969274,0],[116.86814002662328,-8.503950975567603,0],[116.86806999872249,-8.503880956559561,0],[116.86755010324323,-8.503358579202644,0],[116.86754976627113,-8.503358239889076,0],[116.86748061428548,-8.503288758365182,0],[116.86703801492077,-8.502844043390429,0],[116.86623503334107,-8.502126983102304,0],[116.86592203294255,-8.501854033771428,0],[116.86576076590526,-8.50163031495723,0],[116.86547865869699,-8.501238958419188,0],[116.86521224395761,-8.500869370113133,0],[116.86518865116606,-8.50083664055576,0],[116.86518334303825,-8.500829276744447,0],[116.86518097367896,-8.50082598976489,0],[116.86517921323077,-8.500822254349066,0],[116.86517735654365,-8.500818314476035,0],[116.8651464647245,-8.500752766023915,0],[116.86500803500093,-8.500459036010527,0],[116.864917965184,-8.500074023944567,0],[116.86490589186388,-8.500035144845304,0],[116.86490492803131,-8.50003204106685,0],[116.86489499111877,-8.500000039853594,0],[116.86467739610072,-8.49929358206668,0],[116.86463744658937,-8.499163879312354,0],[116.86458732074044,-8.499001135038203,0],[116.86453398492829,-8.498827972162344,0],[116.8644260257259,-8.49839701444385,0],[116.86441202644662,-8.498156000122835,0],[116.86451024493562,-8.497895045583148,0],[116.86453069619083,-8.497840708501464,0],[116.86455397212785,-8.497778865701683,0],[116.86478802609939,-8.497157008984157,0],[116.86489650046333,-8.496765248286032,0],[116.86489664601959,-8.496764723708756,0],[116.86491775900292,-8.496688472767897,0],[116.8649779638905,-8.496471039050514,0],[116.86504597206462,-8.49631198733651,0],[116.86519610347005,-8.496062767856955,0],[116.86519695711871,-8.496061351657358,0],[116.8652042526808,-8.496049240707249,0],[116.8653989735591,-8.495726003446414,0],[116.86543877090898,-8.495700287819707,0],[116.86546401866794,-8.495683973379029,0],[116.86553469569913,-8.495679411810418,0],[116.86553674004237,-8.495679279550053,0],[116.86553677093458,-8.495679277751655,0],[116.86555602228657,-8.495678035239175,0],[116.86558662203633,-8.495649897707645,0],[116.86559429287732,-8.495642843205768,0],[116.86559774748177,-8.495639667685833,0],[116.8656670140694,-8.495575972816285,0],[116.8657129913258,-8.495428038197716,0],[116.86571500044957,-8.495382872053593,0],[116.8657150398307,-8.495381973868177,0],[116.86571509660249,-8.495380708449265,0],[116.86571797476313,-8.49531599207763,0],[116.86613969416902,-8.494840553035173,0],[116.86614031678586,-8.494839851333227,0],[116.86614950243067,-8.49482949399386,0],[116.86615702655074,-8.494821012080273,0],[116.86615719376698,-8.494820900880436,0],[116.86615736189214,-8.49482078877637,0],[116.86622842793695,-8.494773375068066,0],[116.8662288159881,-8.494773115600962,0],[116.86622896593734,-8.494773016154067,0],[116.86623166980684,-8.494773154571115,0],[116.86623914269825,-8.494773538848817,0],[116.86634598824206,-8.494779025314896,0],[116.86634686517658,-8.49477856249597,0],[116.86634793658139,-8.494777997531788,0],[116.86634957231384,-8.494777135170565,0],[116.86637656916963,-8.49476289807114,0],[116.86638209249261,-8.494759985567319,0],[116.86642002330741,-8.494739982212783,0],[116.86634191828087,-8.4945230996004,0],[116.86633259981936,-8.494497222300692,0],[116.86633250632585,-8.494496963572812,0],[116.86631703183616,-8.494453993051613,0],[116.86629101273529,-8.494299975094146,0],[116.86631501389897,-8.49422302223242,0],[116.8665009601283,-8.49418775863322,0],[116.86651030632332,-8.49418598624145,0],[116.86651176558745,-8.494185709050441,0],[116.8665356671678,-8.494181176493859,0],[116.8665630142824,-8.494175990235512,0],[116.86659263339871,-8.494171784360024,0],[116.86673436774063,-8.494151656399236,0],[116.86674499947387,-8.494150146755423,0],[116.86674597714634,-8.494150007792042,0],[116.86680342058712,-8.494050419595867,0],[116.86680617066436,-8.494045650944978,0],[116.8668253511988,-8.494012398807621,0],[116.86690400062915,-8.493876045950987,0],[116.86697404616118,-8.493841590964996,0],[116.86703052530916,-8.493813809487916,0],[116.86711737406968,-8.493771089179559,0],[116.86721302200219,-8.493724040051973,0],[116.86728422647138,-8.493690592146894,0],[116.86749276461526,-8.493592631874145,0],[116.86750697787558,-8.493585954937805,0],[116.86751627263021,-8.493577815511332,0],[116.86775698365108,-8.49336700681003,0],[116.86784451417843,-8.49326701438511,0],[116.86788345075585,-8.493222533713894,0],[116.86788966780965,-8.493215431636088,0],[116.86789001774613,-8.493215031952063,0],[116.86791274895263,-8.493202703665599,0],[116.86802100069215,-8.493143993776352,0],[116.86809836872818,-8.493139811190135,0],[116.86814834376113,-8.493137109987657,0],[116.86826202076378,-8.493130964157288,0],[116.86826246684937,-8.493131030338859,0],[116.86853159544111,-8.49317113225069,0],[116.8688426516052,-8.493217481214405,0],[116.86884598680007,-8.49321797801991,0],[116.86924597019255,-8.493254014176665,0],[116.86939030307298,-8.493299612045492,0],[116.86964801903228,-8.493381029242073,0],[116.86965129074115,-8.493381195865691,0],[116.86967920066205,-8.493382617173781,0],[116.86982497478492,-8.493390041445094,0],[116.86982508656448,-8.49338996640636,0],[116.86982518834762,-8.493389897696023,0],[116.8698919680074,-8.493345028128019,0],[116.87028903387629,-8.493144032615106,0],[116.87050889907096,-8.493070374705024,0],[116.87053283895924,-8.493062354947032,0],[116.87054154585985,-8.493059438013688,0],[116.87054333867096,-8.493058837096173,0],[116.87073103222919,-8.492995957615708,0],[116.87115230402752,-8.49290756616293,0],[116.87117900604864,-8.492901963280449,0],[116.87148992387411,-8.492821079656954,0],[116.87157432097395,-8.49279912375755,0],[116.87218203669755,-8.49264102791161,0],[116.87218499955169,-8.492641001747456,0],[116.87224013444144,-8.49264051690769,0],[116.87224207969444,-8.49264050035933,0],[116.87230074893004,-8.49263998501108,0],[116.87230100878182,-8.49263998238264,0],[116.87239002683174,-8.492664629260243,0],[116.87248649085006,-8.49269133817139,0],[116.87250578983291,-8.492696682123666,0],[116.87250633310798,-8.49269683245356,0],[116.87250701810713,-8.49269702172466,0],[116.8726185169448,-8.492683045191281,0],[116.87287398821681,-8.492651021378926,0],[116.87291426938705,-8.492649066257613,0],[116.87292819616525,-8.492648389687162,0],[116.87292836607043,-8.492648381601784,0],[116.87318303493457,-8.49263601821245,0],[116.87349101161765,-8.492683958059553,0]]],[[[116.80866399617878,-8.49148802443074,0],[116.80855798527332,-8.491490956412518,0],[116.80843235520777,-8.491450991412272,0],[116.80838202778993,-8.491434981846158,0],[116.80824303045107,-8.491331998954967,0],[116.80822898908681,-8.491244993598661,0],[116.80829100284863,-8.491131979761448,0],[116.80838303430568,-8.491068993857638,0],[116.8085530336626,-8.49104899957764,0],[116.80870299386642,-8.49110396722924,0],[116.80875124011868,-8.491152240262227,0],[116.80879098008081,-8.491192002930907,0],[116.80880896478007,-8.491333993774983,0],[116.80876996818583,-8.491415004110458,0],[116.80866399617878,-8.49148802443074,0]]]]},"properties":{"OBJECTID":8,"KABUPATEN":"Sumbawa Barat","KECAMATAN":"Kec. Poto Tano","SUMBERDATA":"PERMENDAGRI NO.123 TAHUN 2017 TENTANG BATAS KSB_KS","Luas":13023.3252212,"Shape_Leng":95569.7640672,"Shape_Area":130233252.212}}]}